category,discounted_price,original_price,rating,discount_pct,price_ending,pricing_type,units_sold
"Sports, Books and More",1615.0,4000.0,4.4,59.62499999999999,15.0,Other,315
"Sports, Books and More",152.0,600.0,4.4,74.66666666666667,52.0,Other,175
"Sports, Books and More",59.0,199.0,3.7,70.35175879396985,59.0,Other,65
"Sports, Books and More",75.0,299.0,3.8,74.91638795986621,75.0,Other,370
"Sports, Books and More",329.0,1399.0,3.4,76.4832022873481,29.0,Other,419
"Sports, Books and More",75.0,299.0,3.8,74.91638795986621,75.0,Other,173
"Sports, Books and More",329.0,2295.0,3.5,85.66448801742919,29.0,Other,206
"Sports, Books and More",369.0,396.0,4.1,6.8181818181818175,69.0,Other,271
"Sports, Books and More",249.0,1099.0,4.0,77.34303912647862,49.0,Other,463
"Sports, Books and More",249.0,,3.9,,49.0,Other,419
"Sports, Books and More",349.0,749.0,4.0,53.40453938584779,49.0,Other,58
"Sports, Books and More",589.0,1999.0,4.3,70.53526763381691,89.0,Other,123
"Sports, Books and More",387.0,1199.0,3.9,67.72310258548791,87.0,Other,306
"Sports, Books and More",299.0,599.0,3.7,50.08347245409015,99.0,Charm,90
"Sports, Books and More",399.0,1249.0,3.9,68.05444355484389,99.0,Charm,470
"Sports, Books and More",439.0,498.0,4.1,11.847389558232932,39.0,Other,421
"Sports, Books and More",290.0,599.0,3.8,51.58597662771286,90.0,Other,66
"Sports, Books and More",249.0,,4.0,,49.0,Other,406
"Sports, Books and More",359.0,449.0,4.0,20.044543429844097,59.0,Other,289
"Sports, Books and More",611.0,2499.0,4.8,75.55022008803522,11.0,Other,445
"Sports, Books and More",369.0,1699.0,3.6,78.28134196586227,69.0,Other,104
"Sports, Books and More",199.0,999.0,3.8,80.08008008008008,99.0,Charm,394
"Sports, Books and More",419.0,996.0,3.5,57.93172690763052,19.0,Other,413
"Sports, Books and More",489.0,576.0,4.1,15.104166666666666,89.0,Other,172
"Sports, Books and More",419.0,899.0,3.4,53.39265850945495,19.0,Other,112
"Sports, Books and More",449.0,1599.0,3.3,71.91994996873046,49.0,Other,83
"Sports, Books and More",260.0,,4.0,,60.0,Other,250
"Sports, Books and More",599.0,708.0,4.1,15.3954802259887,99.0,Charm,406
"Sports, Books and More",419.0,510.0,4.1,17.84313725490196,19.0,Other,227
"Sports, Books and More",478.0,480.0,4.0,0.4166666666666667,78.0,Other,229
"Sports, Books and More",299.0,499.0,4.3,40.08016032064128,99.0,Charm,104
"Sports, Books and More",339.0,354.0,4.1,4.23728813559322,39.0,Other,127
"Sports, Books and More",319.0,493.0,3.7,35.294117647058826,19.0,Other,63
"Sports, Books and More",389.0,999.0,3.8,61.06106106106106,89.0,Other,293
"Sports, Books and More",159.0,499.0,3.8,68.13627254509018,59.0,Other,459
"Sports, Books and More",548.0,1599.0,4.8,65.7285803627267,48.0,Other,432
"Sports, Books and More",349.0,699.0,4.0,50.07153075822603,49.0,Other,191
"Sports, Books and More",520.0,1899.0,3.4,72.61716692996313,20.0,Other,398
"Sports, Books and More",299.0,599.0,3.8,50.08347245409015,99.0,Charm,392
"Sports, Books and More",395.0,1299.0,4.0,69.59199384141648,95.0,Other,336
"Sports, Books and More",335.0,600.0,3.8,44.166666666666664,35.0,Other,208
"Sports, Books and More",1029.0,1265.0,4.3,18.656126482213438,29.0,Other,139
"Sports, Books and More",1699.0,2790.0,4.3,39.10394265232975,99.0,Charm,190
"Sports, Books and More",399.0,475.0,4.3,16.0,99.0,Charm,371
"Sports, Books and More",749.0,1980.0,4.1,62.17171717171717,49.0,Other,81
"Sports, Books and More",499.0,750.0,4.0,33.46666666666667,99.0,Charm,363
"Sports, Books and More",89.0,500.0,3.9,82.19999999999999,89.0,Other,342
"Sports, Books and More",949.0,1375.0,4.1,30.981818181818184,49.0,Other,333
"Sports, Books and More",749.0,1980.0,4.0,62.17171717171717,49.0,Other,68
"Sports, Books and More",299.0,899.0,3.9,66.74082313681868,99.0,Charm,143
"Sports, Books and More",499.0,750.0,4.0,33.46666666666667,99.0,Charm,127
"Sports, Books and More",899.0,1265.0,4.2,28.932806324110672,99.0,Charm,456
"Sports, Books and More",99.0,250.0,3.7,60.4,99.0,Charm,457
"Sports, Books and More",499.0,1290.0,3.9,61.31782945736434,99.0,Charm,144
"Sports, Books and More",135.0,300.0,3.7,55.00000000000001,35.0,Other,298
"Sports, Books and More",439.0,990.0,4.0,55.65656565656566,39.0,Other,445
"Sports, Books and More",215.0,400.0,3.9,46.25,15.0,Other,206
"Sports, Books and More",499.0,990.0,3.9,49.59595959595959,99.0,Charm,124
"Sports, Books and More",399.0,990.0,4.0,59.696969696969695,99.0,Charm,266
"Sports, Books and More",69.0,400.0,4.0,82.75,69.0,Other,443
"Sports, Books and More",509.0,750.0,4.0,32.13333333333333,9.0,Other,65
"Sports, Books and More",1899.0,4590.0,4.2,58.62745098039216,99.0,Charm,68
"Sports, Books and More",519.0,749.0,3.8,30.707610146862486,19.0,Other,168
"Sports, Books and More",849.0,1265.0,4.2,32.88537549407115,49.0,Other,121
"Sports, Books and More",319.0,666.0,4.0,52.1021021021021,19.0,Other,394
"Sports, Books and More",949.0,1375.0,4.1,30.981818181818184,49.0,Other,445
"Sports, Books and More",989.0,990.0,4.0,0.10101010101010101,89.0,Other,195
"Sports, Books and More",439.0,990.0,4.0,55.65656565656566,39.0,Other,480
"Sports, Books and More",569.0,880.0,4.0,35.340909090909086,69.0,Other,185
"Sports, Books and More",359.0,799.0,4.0,55.06883604505632,59.0,Other,253
"Sports, Books and More",324.0,400.0,4.2,19.0,24.0,Other,334
"Sports, Books and More",2019.0,2790.0,4.3,27.63440860215054,19.0,Other,339
"Sports, Books and More",205.0,400.0,3.9,48.75,5.0,Other,300
"Sports, Books and More",799.0,1899.0,4.0,57.92522380200106,99.0,Charm,402
"Sports, Books and More",439.0,990.0,4.0,55.65656565656566,39.0,Other,94
"Sports, Books and More",699.0,1980.0,4.1,64.6969696969697,99.0,Charm,183
"Sports, Books and More",1899.0,4490.0,4.2,57.70601336302895,99.0,Charm,54
"Sports, Books and More",109.0,250.0,3.8,56.39999999999999,9.0,Other,121
"Sports, Books and More",299.0,890.0,4.0,66.40449438202248,99.0,Charm,394
"Sports, Books and More",1889.0,4590.0,4.2,58.845315904139426,89.0,Other,394
"Sports, Books and More",12999.0,49990.0,4.2,73.99679935987197,99.0,Charm,356
"Sports, Books and More",7599.0,12000.0,4.2,36.675000000000004,99.0,Charm,414
"Sports, Books and More",77.0,599.0,3.9,87.14524207011685,77.0,Other,232
"Sports, Books and More",74.0,249.0,3.9,70.28112449799197,74.0,Other,340
"Sports, Books and More",287.0,1300.0,3.9,77.92307692307693,87.0,Other,410
"Sports, Books and More",352.0,1300.0,3.9,72.92307692307692,52.0,Other,321
"Sports, Books and More",295.0,1399.0,4.2,78.91350964974983,95.0,Other,394
"Sports, Books and More",8535.0,45999.0,4.0,81.44524880975673,35.0,Other,193
"Sports, Books and More",299.0,699.0,3.9,57.224606580829764,99.0,Charm,184
"Sports, Books and More",199.0,599.0,4.2,66.7779632721202,99.0,Charm,296
"Sports, Books and More",254.0,799.0,3.7,68.21026282853568,54.0,Other,135
"Sports, Books and More",8535.0,45999.0,4.1,81.44524880975673,35.0,Other,284
"Sports, Books and More",199.0,445.0,3.8,55.28089887640449,99.0,Charm,200
"Sports, Books and More",3295.0,3600.0,4.2,8.472222222222223,95.0,Other,61
"Sports, Books and More",5599.0,10199.0,4.1,45.10246102559074,99.0,Charm,162
"Sports, Books and More",7919.0,34999.0,4.3,77.37363924683562,19.0,Other,318
"Sports, Books and More",5499.0,6999.0,4.1,21.43163309044149,99.0,Charm,270
"Sports, Books and More",249.0,999.0,4.0,75.07507507507508,49.0,Other,112
"Sports, Books and More",199.0,499.0,3.9,60.120240480961925,99.0,Charm,235
"Sports, Books and More",566.0,1398.0,4.9,59.513590844062946,66.0,Other,129
"Sports, Books and More",199.0,699.0,3.8,71.5307582260372,99.0,Charm,414
"Sports, Books and More",5699.0,14000.0,4.1,59.292857142857144,99.0,Charm,282
"Sports, Books and More",15999.0,45999.0,4.1,65.21880910454576,99.0,Charm,92
"Sports, Books and More",8447.0,34999.0,4.0,75.86502471499186,47.0,Other,287
"Sports, Books and More",189.0,499.0,4.1,62.124248496993985,89.0,Other,363
"Sports, Books and More",370.0,772.0,4.2,52.07253886010362,70.0,Other,285
"Sports, Books and More",387.0,699.0,4.0,44.63519313304721,87.0,Other,403
"Sports, Books and More",16419.0,53999.0,4.8,69.59388136817348,19.0,Other,356
"Sports, Books and More",6499.0,12522.0,4.2,48.09934515253154,99.0,Charm,95
"Sports, Books and More",299.0,999.0,4.2,70.07007007007007,99.0,Charm,474
"Sports, Books and More",252.0,799.0,4.1,68.46057571964957,52.0,Other,251
"Sports, Books and More",449.0,900.0,3.5,50.11111111111111,49.0,Other,215
"Sports, Books and More",249.0,599.0,4.8,58.43071786310517,49.0,Other,178
"Sports, Books and More",190.0,799.0,4.5,76.22027534418022,90.0,Other,452
"Sports, Books and More",379.0,999.0,4.2,62.06206206206206,79.0,Other,73
"Sports, Books and More",14607.0,59999.0,4.2,75.65459424323738,7.0,Other,53
"Sports, Books and More",290.0,799.0,4.0,63.7046307884856,90.0,Other,335
"Sports, Books and More",371.0,999.0,4.2,62.86286286286287,71.0,Other,322
"Sports, Books and More",11989.0,42999.0,4.1,72.11795623154028,89.0,Other,390
"Sports, Books and More",11439.0,46999.0,4.4,75.66118428051661,39.0,Other,388
"Sports, Books and More",749.0,899.0,4.9,16.68520578420467,49.0,Other,162
"Sports, Books and More",399.0,726.0,4.0,45.04132231404959,99.0,Charm,64
"Sports, Books and More",299.0,639.0,4.0,53.20813771517997,99.0,Charm,101
"Sports, Books and More",393.0,1299.0,3.9,69.7459584295612,93.0,Other,129
"Sports, Books and More",444.0,949.0,4.0,53.213909378292946,44.0,Other,293
"Sports, Books and More",313.0,499.0,4.0,37.27454909819639,13.0,Other,323
"Sports, Books and More",369.0,726.0,4.0,49.17355371900827,69.0,Other,228
"Sports, Books and More",299.0,639.0,4.0,53.20813771517997,99.0,Charm,103
"Sports, Books and More",369.0,726.0,4.0,49.17355371900827,69.0,Other,459
"Sports, Books and More",349.0,411.0,3.9,15.085158150851582,49.0,Other,416
"Sports, Books and More",599.0,1299.0,3.8,53.88760585065435,99.0,Charm,482
"Sports, Books and More",286.0,450.0,4.0,36.44444444444444,86.0,Other,284
"Sports, Books and More",343.0,1299.0,4.1,73.59507313317937,43.0,Other,323
"Sports, Books and More",199.0,,3.6,,99.0,Charm,466
"Sports, Books and More",649.0,999.0,4.1,35.03503503503504,49.0,Other,387
"Sports, Books and More",494.0,949.0,4.0,47.94520547945205,94.0,Other,283
"Sports, Books and More",369.0,475.0,4.0,22.315789473684212,69.0,Other,91
"Sports, Books and More",393.0,1499.0,3.9,73.78252168112076,93.0,Other,140
"Sports, Books and More",395.0,475.0,4.0,16.842105263157894,95.0,Other,318
"Sports, Books and More",370.0,999.0,3.7,62.96296296296296,70.0,Other,336
"Sports, Books and More",364.0,475.0,4.0,23.36842105263158,64.0,Other,259
"Sports, Books and More",310.0,,4.0,,10.0,Other,451
"Sports, Books and More",379.0,475.0,4.0,20.210526315789473,79.0,Other,194
"Sports, Books and More",475.0,1299.0,4.2,63.433410315627405,75.0,Other,178
"Sports, Books and More",749.0,1035.0,4.2,27.632850241545892,49.0,Other,209
"Sports, Books and More",324.0,699.0,3.8,53.648068669527895,24.0,Other,407
"Sports, Books and More",393.0,1299.0,3.9,69.7459584295612,93.0,Other,251
"Sports, Books and More",599.0,1299.0,3.9,53.88760585065435,99.0,Charm,498
"Sports, Books and More",429.0,999.0,3.9,57.05705705705706,29.0,Other,294
"Sports, Books and More",399.0,599.0,3.7,33.3889816360601,99.0,Charm,430
"Sports, Books and More",599.0,1499.0,3.8,60.04002668445631,99.0,Charm,472
"Sports, Books and More",590.0,1299.0,3.8,54.58044649730562,90.0,Other,304
"Sports, Books and More",379.0,599.0,4.0,36.727879799666105,79.0,Other,72
"Sports, Books and More",379.0,599.0,4.0,36.727879799666105,79.0,Other,146
"Sports, Books and More",599.0,1299.0,3.6,53.88760585065435,99.0,Charm,372
"Sports, Books and More",199.0,,3.6,,99.0,Charm,117
"Sports, Books and More",942.0,2499.0,4.1,62.30492196878752,42.0,Other,496
"Sports, Books and More",449.0,1299.0,3.8,65.43494996150885,49.0,Other,145
"Sports, Books and More",779.0,1299.0,4.1,40.03079291762894,79.0,Other,405
"Sports, Books and More",493.0,1499.0,3.5,67.11140760507006,93.0,Other,461
"Sports, Books and More",649.0,1199.0,3.8,45.87155963302752,49.0,Other,132
"Sports, Books and More",1519.0,3999.0,3.9,62.01550387596899,19.0,Other,112
"Sports, Books and More",999.0,1699.0,4.0,41.20070629782225,99.0,Charm,296
"Sports, Books and More",599.0,999.0,4.0,40.04004004004004,99.0,Charm,127
"Sports, Books and More",1099.0,1899.0,4.1,42.1274354923644,99.0,Charm,413
"Sports, Books and More",699.0,1099.0,4.2,36.39672429481347,99.0,Charm,98
"Sports, Books and More",599.0,1499.0,4.2,60.04002668445631,99.0,Charm,423
"Sports, Books and More",599.0,1299.0,4.1,53.88760585065435,99.0,Charm,287
"Sports, Books and More",469.0,760.0,3.9,38.28947368421053,69.0,Other,165
"Sports, Books and More",649.0,2099.0,4.2,69.08051453072892,49.0,Other,471
"Sports, Books and More",1449.0,2999.0,4.1,51.68389463154385,49.0,Other,317
"Sports, Books and More",1799.0,3999.0,4.2,55.01375343835959,99.0,Charm,455
"Sports, Books and More",1449.0,2999.0,3.9,51.68389463154385,49.0,Other,467
"Sports, Books and More",1498.0,3099.0,4.8,51.661826395611484,98.0,Other,145
"Sports, Books and More",569.0,980.0,4.8,41.93877551020408,69.0,Other,221
"Sports, Books and More",799.0,2099.0,3.8,61.93425440686041,99.0,Charm,274
"Sports, Books and More",425.0,999.0,3.5,57.45745745745746,25.0,Other,279
"Sports, Books and More",1799.0,3999.0,4.2,55.01375343835959,99.0,Charm,123
"Sports, Books and More",649.0,2099.0,3.9,69.08051453072892,49.0,Other,218
"Sports, Books and More",525.0,1299.0,4.1,59.58429561200924,25.0,Other,407
"Sports, Books and More",649.0,1099.0,3.7,40.94631483166515,49.0,Other,477
"Sports, Books and More",825.0,2299.0,3.4,64.11483253588517,25.0,Other,285
"Sports, Books and More",1599.0,2500.0,3.9,36.04,99.0,Charm,396
"Sports, Books and More",1599.0,2999.0,3.8,46.68222740913638,99.0,Charm,121
"Sports, Books and More",989.0,1999.0,4.0,50.52526263131566,89.0,Other,186
"Sports, Books and More",1059.0,,4.0,,59.0,Other,263
"Sports, Books and More",659.0,899.0,3.9,26.696329254727473,59.0,Other,378
"Sports, Books and More",1119.0,1240.0,4.2,9.758064516129032,19.0,Other,462
"Sports, Books and More",1599.0,2699.0,3.9,40.75583549462764,99.0,Charm,305
"Sports, Books and More",349.0,699.0,3.5,50.07153075822603,49.0,Other,415
"Sports, Books and More",599.0,1299.0,4.1,53.88760585065435,99.0,Charm,80
"Sports, Books and More",649.0,2099.0,3.7,69.08051453072892,49.0,Other,173
"Sports, Books and More",1449.0,2999.0,4.1,51.68389463154385,49.0,Other,203
"Sports, Books and More",689.0,999.0,4.1,31.03103103103103,89.0,Other,256
"Sports, Books and More",599.0,999.0,4.0,40.04004004004004,99.0,Charm,263
"Sports, Books and More",1186.0,1999.0,4.1,40.670335167583794,86.0,Other,496
"Sports, Books and More",599.0,999.0,4.0,40.04004004004004,99.0,Charm,63
"Sports, Books and More",999.0,1999.0,4.2,50.025012506253134,99.0,Charm,219
"Sports, Books and More",1498.0,3099.0,4.8,51.661826395611484,98.0,Other,467
"Sports, Books and More",629.0,1999.0,4.8,68.53426713356679,29.0,Other,54
"Sports, Books and More",7999.0,8999.0,4.5,11.1123458162018,99.0,Charm,265
"Sports, Books and More",999.0,1799.0,4.0,44.469149527515285,99.0,Charm,400
"Sports, Books and More",999.0,1699.0,3.8,41.20070629782225,99.0,Charm,78
"Sports, Books and More",499.0,1098.0,4.0,54.55373406193078,99.0,Charm,89
"Sports, Books and More",1139.0,1799.0,3.8,36.68704836020011,39.0,Other,397
"Sports, Books and More",203.0,850.0,4.0,76.11764705882354,3.0,Other,153
"Sports, Books and More",1070.0,2999.0,1.0,64.32144048016005,70.0,Other,315
"Sports, Books and More",2070.0,3599.0,4.2,42.484023339816616,70.0,Other,313
"Sports, Books and More",339.0,599.0,3.9,43.40567612687813,39.0,Other,200
"Sports, Books and More",358.0,999.0,4.0,64.16416416416416,58.0,Other,82
"Sports, Books and More",141.0,299.0,4.3,52.84280936454849,41.0,Other,309
"Sports, Books and More",999.0,1799.0,4.0,44.469149527515285,99.0,Charm,59
"Sports, Books and More",837.0,1999.0,4.1,58.12906453226613,37.0,Other,230
"Sports, Books and More",349.0,650.0,3.8,46.30769230769231,49.0,Other,246
"Sports, Books and More",1199.0,2500.0,3.9,52.04,99.0,Charm,208
"Sports, Books and More",3299.0,4499.0,4.6,26.672593909757726,99.0,Charm,426
"Sports, Books and More",1169.0,1999.0,5.0,41.5207603801901,69.0,Other,422
"Sports, Books and More",666.0,1999.0,4.3,66.68334167083542,66.0,Other,380
"Sports, Books and More",399.0,999.0,4.4,60.06006006006006,99.0,Charm,336
"Sports, Books and More",1449.0,2899.0,3.8,50.017247326664375,49.0,Other,187
"Sports, Books and More",358.0,999.0,4.1,64.16416416416416,58.0,Other,308
"Sports, Books and More",1793.0,4400.0,4.2,59.25,93.0,Other,499
"Sports, Books and More",294.0,985.0,3.4,70.15228426395939,94.0,Other,165
"Sports, Books and More",3299.0,4499.0,4.6,26.672593909757726,99.0,Charm,191
"Sports, Books and More",1899.0,2999.0,3.9,36.67889296432144,99.0,Charm,486
"Sports, Books and More",1099.0,1599.0,4.0,31.269543464665418,99.0,Charm,183
"Sports, Books and More",1099.0,1510.0,4.3,27.218543046357617,99.0,Charm,271
"Sports, Books and More",2899.0,4499.0,4.2,35.56345854634363,99.0,Charm,390
"Sports, Books and More",1421.0,2999.0,3.3,52.61753917972658,21.0,Other,482
"Sports, Books and More",1315.0,2199.0,3.9,40.20009095043201,15.0,Other,496
"Sports, Books and More",1651.0,2699.0,4.0,38.82919599851797,51.0,Other,348
"Sports, Books and More",1099.0,3999.0,4.2,72.51812953238309,99.0,Charm,212
"Sports, Books and More",929.0,1799.0,4.0,48.36020011117287,29.0,Other,218
"Sports, Books and More",167.0,415.0,4.1,59.75903614457832,67.0,Other,96
"Sports, Books and More",809.0,1999.0,4.0,59.529764882441214,9.0,Other,466
"Sports, Books and More",6299.0,6999.0,4.1,10.001428775539363,99.0,Charm,400
"Sports, Books and More",2199.0,3199.0,4.2,31.259768677711786,99.0,Charm,136
"Sports, Books and More",296.0,999.0,3.5,70.37037037037037,96.0,Other,236
"Sports, Books and More",329.0,599.0,4.2,45.07512520868113,29.0,Other,426
"Sports, Books and More",999.0,1799.0,4.0,44.469149527515285,99.0,Charm,351
"Sports, Books and More",297.0,1000.0,3.7,70.3,97.0,Other,68
"Sports, Books and More",1099.0,1999.0,4.1,45.02251125562781,99.0,Charm,484
"Sports, Books and More",200.0,299.0,3.8,33.11036789297659,0.0,Round,94
"Sports, Books and More",199.0,599.0,3.7,66.7779632721202,99.0,Charm,435
"Sports, Books and More",295.0,998.0,3.8,70.44088176352705,95.0,Other,369
"Sports, Books and More",220.0,349.0,3.8,36.96275071633238,20.0,Other,413
"Sports, Books and More",299.0,799.0,4.0,62.57822277847309,99.0,Charm,255
"Sports, Books and More",799.0,1499.0,4.6,46.6977985323549,99.0,Charm,68
"Sports, Books and More",148.0,249.0,3.8,40.562248995983936,48.0,Other,461
"Sports, Books and More",198.0,499.0,3.5,60.320641282565134,98.0,Other,133
"Sports, Books and More",489.0,749.0,5.0,34.712950600801065,89.0,Other,215
"Sports, Books and More",219.0,349.0,3.7,37.249283667621775,19.0,Other,153
"Sports, Books and More",899.0,,4.1,,99.0,Charm,193
"Sports, Books and More",760.0,895.0,4.5,15.083798882681565,60.0,Other,105
"Sports, Books and More",1399.0,2000.0,4.6,30.049999999999997,99.0,Charm,440
"Sports, Books and More",1098.0,1599.0,4.2,31.33208255159475,98.0,Other,350
"Sports, Books and More",299.0,699.0,4.0,57.224606580829764,99.0,Charm,59
"Sports, Books and More",170.0,499.0,3.8,65.93186372745491,70.0,Other,356
"Sports, Books and More",199.0,499.0,3.6,60.120240480961925,99.0,Charm,50
"Sports, Books and More",2299.0,2999.0,5.0,23.34111370456819,99.0,Charm,94
"Sports, Books and More",1175.0,1197.0,4.2,1.8379281537176273,75.0,Other,374
"Sports, Books and More",299.0,,3.4,,99.0,Charm,320
"Sports, Books and More",225.0,499.0,3.7,54.90981963927856,25.0,Other,167
"Sports, Books and More",799.0,1499.0,4.1,46.6977985323549,99.0,Charm,438
"Sports, Books and More",275.0,,4.2,,75.0,Other,440
"Sports, Books and More",700.0,1899.0,4.1,63.13849394418115,0.0,Round,92
"Sports, Books and More",2526.0,3199.0,4.2,21.037824320100032,26.0,Other,251
"Sports, Books and More",499.0,999.0,3.6,50.050050050050054,99.0,Charm,94
"Sports, Books and More",850.0,897.0,1.0,5.2396878483835,50.0,Other,418
"Sports, Books and More",349.0,999.0,3.9,65.06506506506507,49.0,Other,301
"Sports, Books and More",10999.0,20000.0,4.6,45.005,99.0,Charm,344
"Sports, Books and More",289.0,299.0,3.5,3.3444816053511706,89.0,Other,454
"Sports, Books and More",239.0,249.0,2.6,4.016064257028113,39.0,Other,443
"Sports, Books and More",549.0,999.0,4.1,45.04504504504504,49.0,Other,90
"Sports, Books and More",249.0,999.0,3.3,75.07507507507508,49.0,Other,194
"Sports, Books and More",449.0,499.0,3.6,10.02004008016032,49.0,Other,381
"Sports, Books and More",550.0,,4.2,,50.0,Other,473
"Sports, Books and More",2599.0,4000.0,4.6,35.025,99.0,Charm,364
"Sports, Books and More",1461.0,1499.0,3.0,2.535023348899266,61.0,Other,259
"Sports, Books and More",206.0,299.0,4.0,31.103678929765888,6.0,Other,89
"Sports, Books and More",14999.0,41000.0,4.2,63.41707317073171,99.0,Charm,99
"Sports, Books and More",24199.0,69999.0,4.3,65.42950613580194,99.0,Charm,177
"Sports, Books and More",25999.0,62480.0,4.3,58.38828425096031,99.0,Charm,445
"Sports, Books and More",17999.0,41000.0,4.3,56.10000000000001,99.0,Charm,256
"Sports, Books and More",11999.0,22990.0,4.0,47.80774249673771,99.0,Charm,412
"Sports, Books and More",29699.0,68000.0,4.4,56.325,99.0,Charm,385
"Sports, Books and More",11999.0,41000.0,4.2,70.73414634146341,99.0,Charm,71
"Sports, Books and More",27719.0,75000.0,4.1,63.04133333333334,19.0,Other,482
"Sports, Books and More",16999.0,41000.0,4.2,58.539024390243895,99.0,Charm,366
"Sports, Books and More",16999.0,37500.0,4.1,54.669333333333334,99.0,Charm,364
"Sports, Books and More",34195.0,53000.0,4.1,35.4811320754717,95.0,Other,447
"Sports, Books and More",14999.0,39999.0,4.4,62.501562539063485,99.0,Charm,410
"Sports, Books and More",26099.0,69990.0,3.9,62.71038719817117,99.0,Charm,53
"Sports, Books and More",20149.0,42900.0,4.3,53.03263403263403,49.0,Other,465
"Sports, Books and More",27349.0,56000.0,3.9,51.1625,49.0,Other,254
"Sports, Books and More",18655.0,44999.0,4.2,58.54352318940421,55.0,Other,195
"Sports, Books and More",26999.0,72000.0,4.3,62.50138888888889,99.0,Charm,463
"Sports, Books and More",28989.0,52500.0,4.1,44.78285714285714,89.0,Other,228
"Sports, Books and More",19535.0,44999.0,4.2,56.587924176092805,35.0,Other,101
"Sports, Books and More",36999.0,58999.0,4.5,37.288767606230614,99.0,Charm,198
"Sports, Books and More",44999.0,139999.0,4.2,67.85762755448253,99.0,Charm,55
"Sports, Books and More",48999.0,64999.0,4.6,24.615763319435683,99.0,Charm,297
"Sports, Books and More",29215.0,79999.0,4.6,63.480793509918875,15.0,Other,414
"Sports, Books and More",69999.0,122999.0,4.6,43.089781217733474,99.0,Charm,248
"Sports, Books and More",12741.0,28105.0,4.0,54.666429460950006,41.0,Other,239
"Sports, Books and More",9999.0,25000.0,2.8,60.004000000000005,99.0,Charm,282
"Sports, Books and More",32499.0,55000.0,4.3,40.910909090909094,99.0,Charm,450
"Sports, Books and More",19999.0,48999.0,4.3,59.18488132410865,99.0,Charm,252
"Sports, Books and More",11999.0,20000.0,3.5,40.005,99.0,Charm,182
"Sports, Books and More",12999.0,22990.0,4.2,43.45802522836016,99.0,Charm,456
"Sports, Books and More",,,,,,Other,325
"Sports, Books and More",65999.0,89999.0,4.7,26.66696296625518,99.0,Charm,135
"Sports, Books and More",29129.0,62400.0,4.3,53.318910256410255,29.0,Other,251
"Sports, Books and More",9499.0,21000.0,3.6,54.766666666666666,99.0,Charm,341
"Sports, Books and More",11999.0,17999.0,4.5,33.335185288071564,99.0,Charm,170
"Sports, Books and More",41999.0,68999.0,4.1,39.13100189857824,99.0,Charm,341
"Sports, Books and More",31491.0,54320.0,4.1,42.02687776141384,91.0,Other,162
"Sports, Books and More",36469.0,84999.0,3.8,57.094789350462946,69.0,Other,317
"Sports, Books and More",59841.0,122550.0,4.4,51.170134638922896,41.0,Other,91
"Sports, Books and More",39999.0,79998.0,4.6,50.0,99.0,Charm,360
"Sports, Books and More",1699.0,1999.0,3.9,15.007503751875939,99.0,Charm,69
"Sports, Books and More",1649.0,1999.0,4.6,17.508754377188595,49.0,Other,347
"Sports, Books and More",299.0,799.0,4.1,62.57822277847309,99.0,Charm,239
"Sports, Books and More",290.0,699.0,4.1,58.51216022889842,90.0,Other,444
"Sports, Books and More",1899.0,8999.0,4.0,78.89765529503279,99.0,Charm,86
"Sports, Books and More",199.0,999.0,4.1,80.08008008008008,99.0,Charm,50
"Sports, Books and More",499.0,3999.0,4.0,87.52188047011754,99.0,Charm,301
"Sports, Books and More",1799.0,1999.0,3.8,10.005002501250624,99.0,Charm,208
"Sports, Books and More",1099.0,2038.0,3.6,46.07458292443572,99.0,Charm,368
"Sports, Books and More",279.0,999.0,4.0,72.07207207207207,79.0,Other,135
"Sports, Books and More",338.0,699.0,4.1,51.645207439198856,38.0,Other,338
"Sports, Books and More",1699.0,1999.0,4.0,15.007503751875939,99.0,Charm,154
"Sports, Books and More",1449.0,3199.0,3.5,54.70459518599562,49.0,Other,319
"Sports, Books and More",322.0,1495.0,4.0,78.46153846153847,22.0,Other,296
"Sports, Books and More",793.0,2699.0,3.9,70.61874768432753,93.0,Other,430
"Sports, Books and More",1589.0,1999.0,4.0,20.51025512756378,89.0,Other,465
"Sports, Books and More",1699.0,6999.0,4.7,75.72510358622661,99.0,Charm,338
"Sports, Books and More",194.0,799.0,3.9,75.71964956195244,94.0,Other,274
"Sports, Books and More",170.0,599.0,4.1,71.61936560934892,70.0,Other,472
"Sports, Books and More",1599.0,1999.0,4.2,20.01000500250125,99.0,Charm,215
"Sports, Books and More",297.0,599.0,3.9,50.41736227045075,97.0,Other,257
"Sports, Books and More",299.0,599.0,4.6,50.08347245409015,99.0,Charm,237
"Sports, Books and More",321.0,1195.0,3.9,73.13807531380753,21.0,Other,409
"Sports, Books and More",399.0,1299.0,4.0,69.28406466512702,99.0,Charm,70
"Sports, Books and More",479.0,999.0,3.8,52.052052052052055,79.0,Other,465
"Sports, Books and More",429.0,2999.0,3.7,85.69523174391463,29.0,Other,139
"Sports, Books and More",355.0,1000.0,4.3,64.5,55.0,Other,174
"Sports, Books and More",369.0,1299.0,4.0,71.59353348729792,69.0,Other,306
"Sports, Books and More",320.0,520.0,4.0,38.46153846153847,20.0,Other,402
"Sports, Books and More",525.0,1899.0,3.5,72.35387045813586,25.0,Other,331
"Sports, Books and More",249.0,599.0,4.4,58.43071786310517,49.0,Other,113
"Sports, Books and More",349.0,1499.0,4.0,76.71781187458305,49.0,Other,365
"Sports, Books and More",269.0,899.0,3.7,70.07786429365962,69.0,Other,308
"Sports, Books and More",5799.0,12000.0,3.8,51.675000000000004,99.0,Charm,80
"Sports, Books and More",319.0,999.0,4.1,68.06806806806807,19.0,Other,67
"Sports, Books and More",399.0,1299.0,4.0,69.28406466512702,99.0,Charm,365
"Sports, Books and More",349.0,799.0,3.7,56.32040050062578,49.0,Other,248
"Sports, Books and More",321.0,999.0,4.1,67.86786786786787,21.0,Other,497
"Sports, Books and More",312.0,999.0,4.2,68.76876876876878,12.0,Other,136
"Sports, Books and More",415.0,1299.0,4.0,68.05234795996921,15.0,Other,79
"Sports, Books and More",449.0,1999.0,4.1,77.53876938469234,49.0,Other,156
"Sports, Books and More",249.0,349.0,4.0,28.653295128939828,49.0,Other,249
"Sports, Books and More",105.0,399.0,4.3,73.68421052631578,5.0,Other,398
"Sports, Books and More",59.0,299.0,3.8,80.2675585284281,59.0,Other,325
"Sports, Books and More",105.0,399.0,4.3,73.68421052631578,5.0,Other,178
"Sports, Books and More",105.0,299.0,4.0,64.88294314381271,5.0,Other,441
"Sports, Books and More",199.0,599.0,3.8,66.7779632721202,99.0,Charm,301
"Sports, Books and More",499.0,999.0,2.8,50.050050050050054,99.0,Charm,476
"Sports, Books and More",249.0,650.0,4.2,61.69230769230769,49.0,Other,137
"Sports, Books and More",299.0,320.0,4.2,6.5625,99.0,Charm,363
"Sports, Books and More",105.0,399.0,4.3,73.68421052631578,5.0,Other,300
"Sports, Books and More",4981.0,7730.0,3.5,35.5627425614489,81.0,Other,258
"Sports, Books and More",222.0,899.0,3.9,75.3058954393771,22.0,Other,52
"Sports, Books and More",360.0,399.0,3.9,9.774436090225564,60.0,Other,212
"Sports, Books and More",219.0,320.0,4.4,31.5625,19.0,Other,108
"Sports, Books and More",269.0,299.0,4.1,10.033444816053512,69.0,Other,188
"Sports, Books and More",350.0,500.0,4.1,30.0,50.0,Other,129
"Sports, Books and More",225.0,499.0,4.2,54.90981963927856,25.0,Other,466
"Sports, Books and More",643.0,799.0,4.2,19.524405506883603,43.0,Other,375
"Sports, Books and More",319.0,399.0,4.2,20.050125313283207,19.0,Other,298
"Sports, Books and More",179.0,499.0,4.2,64.12825651302605,79.0,Other,269
"Sports, Books and More",309.0,1200.0,4.0,74.25,9.0,Other,194
"Sports, Books and More",319.0,430.0,4.0,25.813953488372093,19.0,Other,55
"Sports, Books and More",254.0,1999.0,3.5,87.2936468234117,54.0,Other,427
"Sports, Books and More",235.0,320.0,4.3,26.5625,35.0,Other,113
"Sports, Books and More",449.0,2499.0,4.1,82.0328131252501,49.0,Other,389
"Sports, Books and More",199.0,330.0,4.3,39.696969696969695,99.0,Charm,381
"Sports, Books and More",265.0,1799.0,3.8,85.26959421901056,65.0,Other,220
"Sports, Books and More",364.0,900.0,4.2,59.55555555555555,64.0,Other,427
"Sports, Books and More",389.0,699.0,4.3,44.34907010014306,89.0,Other,472
"Sports, Books and More",344.0,900.0,4.2,61.77777777777778,44.0,Other,235
"Sports, Books and More",365.0,990.0,4.0,63.13131313131313,65.0,Other,185
"Sports, Books and More",270.0,650.0,3.8,58.46153846153847,70.0,Other,274
"Sports, Books and More",364.0,650.0,4.2,44.0,64.0,Other,411
"Sports, Books and More",199.0,320.0,4.4,37.8125,99.0,Charm,88
"Sports, Books and More",285.0,590.0,3.3,51.69491525423729,85.0,Other,416
"Sports, Books and More",119.0,185.0,4.1,35.67567567567568,19.0,Other,98
"Sports, Books and More",399.0,1599.0,3.7,75.046904315197,99.0,Charm,205
"Sports, Books and More",399.0,1499.0,3.6,73.3822548365577,99.0,Charm,415
"Sports, Books and More",349.0,645.0,4.2,45.89147286821705,49.0,Other,370
"Sports, Books and More",697.0,999.0,4.2,30.23023023023023,97.0,Other,227
"Sports, Books and More",872.0,1449.0,4.2,39.82056590752243,72.0,Other,315
"Sports, Books and More",660.0,1999.0,3.9,66.98349174587294,60.0,Other,333
"Sports, Books and More",435.0,699.0,3.8,37.76824034334764,35.0,Other,358
"Sports, Books and More",525.0,999.0,3.9,47.44744744744745,25.0,Other,396
"Sports, Books and More",505.0,2080.0,3.8,75.72115384615384,5.0,Other,363
"Sports, Books and More",599.0,1199.0,3.4,50.0417014178482,99.0,Charm,482
"Sports, Books and More",3449.0,6999.0,4.0,50.72153164737819,49.0,Other,163
"Sports, Books and More",496.0,1999.0,3.8,75.18759379689844,96.0,Other,412
"Sports, Books and More",619.0,1199.0,3.9,48.37364470391993,19.0,Other,73
"Sports, Books and More",302.0,399.0,3.9,24.31077694235589,2.0,Other,459
"Sports, Books and More",3486.0,12999.0,4.1,73.18255250403877,86.0,Other,197
"Sports, Books and More",445.0,1999.0,3.2,77.73886943471736,45.0,Other,98
"Sports, Books and More",293.0,600.0,3.9,51.16666666666667,93.0,Other,275
"Sports, Books and More",436.0,1299.0,3.8,66.43571978444957,36.0,Other,382
"Sports, Books and More",2099.0,3599.0,4.0,41.678243956654626,99.0,Charm,125
"Sports, Books and More",244.0,249.0,4.0,2.0080321285140563,44.0,Other,143
"Sports, Books and More",551.0,599.0,3.9,8.013355592654424,51.0,Other,336
"Sports, Books and More",1908.0,3999.0,3.5,52.288072018004506,8.0,Other,337
"Sports, Books and More",1599.0,2999.0,4.0,46.68222740913638,99.0,Charm,206
"Sports, Books and More",212.0,245.0,4.0,13.46938775510204,12.0,Other,151
"Sports, Books and More",459.0,549.0,4.5,16.39344262295082,59.0,Other,262
"Sports, Books and More",480.0,2195.0,4.1,78.13211845102505,80.0,Other,199
"Sports, Books and More",1049.0,1499.0,3.9,30.020013342228154,49.0,Other,262
"Sports, Books and More",1099.0,2999.0,4.4,63.354451483827944,99.0,Charm,277
"Sports, Books and More",2033.0,3999.0,4.1,49.16229057264316,33.0,Other,224
"Sports, Books and More",716.0,1199.0,4.4,40.283569641367805,16.0,Other,480
"Sports, Books and More",228.0,275.0,3.9,17.09090909090909,28.0,Other,351
"Sports, Books and More",283.0,399.0,4.0,29.07268170426065,83.0,Other,390
"Sports, Books and More",979.0,3799.0,3.8,74.23006054224795,79.0,Other,198
"Sports, Books and More",460.0,1999.0,3.7,76.98849424712357,60.0,Other,483
"Sports, Books and More",429.0,1190.0,2.9,63.949579831932766,29.0,Other,339
"Sports, Books and More",435.0,1699.0,3.8,74.39670394349618,35.0,Other,180
"Sports, Books and More",439.0,1025.0,3.8,57.17073170731707,39.0,Other,403
"Sports, Books and More",445.0,1965.0,3.7,77.35368956743002,45.0,Other,276
"Sports, Books and More",798.0,6599.0,3.7,87.9072586755569,98.0,Other,318
"Sports, Books and More",1351.0,3099.0,4.3,56.40529202968699,51.0,Other,388
"Sports, Books and More",1519.0,2299.0,4.0,33.92779469334493,19.0,Other,255
"Sports, Books and More",294.0,809.0,3.8,63.658838071693445,94.0,Other,116
"Sports, Books and More",283.0,1499.0,3.5,81.12074716477652,83.0,Other,87
"Sports, Books and More",185.0,990.0,4.1,81.31313131313132,85.0,Other,209
"Sports, Books and More",660.0,3598.0,3.9,81.65647581989994,60.0,Other,362
"Sports, Books and More",199.0,699.0,4.0,71.5307582260372,99.0,Charm,259
"Sports, Books and More",189.0,999.0,4.0,81.08108108108108,89.0,Other,393
"Sports, Books and More",225.0,1299.0,4.2,82.67898383371825,25.0,Other,432
"Sports, Books and More",169.0,990.0,4.1,82.92929292929293,69.0,Other,105
"Sports, Books and More",169.0,599.0,4.1,71.78631051752922,69.0,Other,403
"Sports, Books and More",699.0,3600.0,5.0,80.58333333333333,99.0,Charm,124
"Sports, Books and More",199.0,725.0,4.0,72.55172413793105,99.0,Charm,298
"Sports, Books and More",197.0,799.0,4.0,75.3441802252816,97.0,Other,65
"Sports, Books and More",189.0,1299.0,4.1,85.45034642032333,89.0,Other,386
"Sports, Books and More",522.0,2800.0,4.0,81.35714285714286,22.0,Other,88
"Sports, Books and More",1499.0,2000.0,4.0,25.05,99.0,Charm,489
"Sports, Books and More",189.0,599.0,3.9,68.44741235392321,89.0,Other,423
"Sports, Books and More",185.0,1020.0,4.0,81.86274509803921,85.0,Other,99
"Sports, Books and More",3368.0,6800.0,4.1,50.47058823529412,68.0,Other,180
"Sports, Books and More",189.0,1299.0,4.0,85.45034642032333,89.0,Other,376
"Sports, Books and More",499.0,1099.0,4.2,54.5950864422202,99.0,Charm,275
"Sports, Books and More",225.0,999.0,4.1,77.47747747747748,25.0,Other,439
"Sports, Books and More",299.0,999.0,4.1,70.07007007007007,99.0,Charm,79
"Sports, Books and More",185.0,1299.0,4.0,85.75827559661278,85.0,Other,325
"Sports, Books and More",199.0,999.0,4.0,80.08008008008008,99.0,Charm,75
"Sports, Books and More",449.0,1499.0,3.7,70.04669779853235,49.0,Other,65
"Sports, Books and More",3368.0,6800.0,3.3,50.47058823529412,68.0,Other,232
"Sports, Books and More",275.0,999.0,3.9,72.47247247247248,75.0,Other,149
"Sports, Books and More",169.0,499.0,4.3,66.13226452905812,69.0,Other,388
"Sports, Books and More",412.0,999.0,4.0,58.75875875875876,12.0,Other,234
"Sports, Books and More",249.0,699.0,4.0,64.37768240343348,49.0,Other,91
"Sports, Books and More",335.0,799.0,3.9,58.072590738423024,35.0,Other,396
"Sports, Books and More",185.0,999.0,4.3,81.48148148148148,85.0,Other,76
"Sports, Books and More",489.0,999.0,4.1,51.051051051051054,89.0,Other,58
"Sports, Books and More",199.0,899.0,4.2,77.8642936596218,99.0,Charm,210
"Sports, Books and More",349.0,1590.0,4.2,78.0503144654088,49.0,Other,377
"Sports, Books and More",275.0,699.0,4.1,60.65808297567954,75.0,Other,393
"Sports, Books and More",189.0,1299.0,4.0,85.45034642032333,89.0,Other,264
"Sports, Books and More",629.0,2600.0,4.1,75.8076923076923,29.0,Other,64
"Sports, Books and More",509.0,1999.0,4.1,74.53726863431716,9.0,Other,341
"Sports, Books and More",189.0,1299.0,4.1,85.45034642032333,89.0,Other,161
"Sports, Books and More",279.0,1299.0,4.1,78.52193995381063,79.0,Other,215
"Sports, Books and More",299.0,1299.0,4.1,76.98229407236336,99.0,Charm,161
"Sports, Books and More",199.0,399.0,4.0,50.125313283208015,99.0,Charm,112
"Sports, Books and More",499.0,1199.0,4.2,58.381984987489574,99.0,Charm,117
"Sports, Books and More",199.0,449.0,4.3,55.67928730512249,99.0,Charm,64
"Sports, Books and More",199.0,299.0,4.2,33.44481605351171,99.0,Charm,215
"Sports, Books and More",152.0,299.0,4.1,49.163879598662206,52.0,Other,363
"Sports, Books and More",499.0,1095.0,4.4,54.42922374429223,99.0,Charm,158
"Sports, Books and More",179.0,249.0,4.1,28.11244979919679,79.0,Other,340
"Sports, Books and More",329.0,799.0,4.7,58.82352941176471,29.0,Other,485
"Sports, Books and More",199.0,299.0,4.2,33.44481605351171,99.0,Charm,356
"Sports, Books and More",251.0,529.0,4.2,52.55198487712666,51.0,Other,228
"Sports, Books and More",139.0,799.0,4.1,82.60325406758447,39.0,Other,64
"Sports, Books and More",299.0,599.0,4.7,50.08347245409015,99.0,Charm,426
"Sports, Books and More",199.0,299.0,4.2,33.44481605351171,99.0,Charm,486
"Sports, Books and More",199.0,449.0,4.3,55.67928730512249,99.0,Charm,464
"Sports, Books and More",188.0,270.0,4.3,30.37037037037037,88.0,Other,131
"Sports, Books and More",449.0,699.0,4.8,35.7653791130186,49.0,Other,60
"Sports, Books and More",199.0,299.0,4.2,33.44481605351171,99.0,Charm,367
"Sports, Books and More",152.0,299.0,4.1,49.163879598662206,52.0,Other,329
"Sports, Books and More",143.0,270.0,4.1,47.03703703703704,43.0,Other,179
"Sports, Books and More",269.0,799.0,4.6,66.33291614518147,69.0,Other,78
"Sports, Books and More",137.0,799.0,3.9,82.85356695869838,37.0,Other,108
"Sports, Books and More",199.0,379.0,4.3,47.4934036939314,99.0,Charm,316
"Sports, Books and More",220.0,350.0,4.2,37.142857142857146,20.0,Other,297
"Sports, Books and More",269.0,799.0,4.6,66.33291614518147,69.0,Other,61
"Sports, Books and More",168.0,799.0,4.4,78.97371714643305,68.0,Other,435
"Sports, Books and More",179.0,444.0,4.0,59.68468468468468,79.0,Other,260
"Sports, Books and More",150.0,799.0,4.1,81.22653316645807,50.0,Other,212
"Sports, Books and More",284.0,699.0,4.3,59.370529327610875,84.0,Other,169
"Sports, Books and More",159.0,899.0,4.5,82.31368186874305,59.0,Other,189
"Sports, Books and More",169.0,299.0,3.9,43.47826086956522,69.0,Other,96
"Sports, Books and More",419.0,549.0,4.7,23.67941712204007,19.0,Other,380
"Sports, Books and More",249.0,699.0,4.3,64.37768240343348,49.0,Other,214
"Sports, Books and More",445.0,999.0,4.3,55.45545545545546,45.0,Other,440
"Sports, Books and More",139.0,799.0,4.4,82.60325406758447,39.0,Other,113
"Sports, Books and More",199.0,299.0,4.2,33.44481605351171,99.0,Charm,297
"Sports, Books and More",449.0,899.0,4.8,50.055617352614014,49.0,Other,366
"Sports, Books and More",499.0,999.0,4.3,50.050050050050054,99.0,Charm,53
"Sports, Books and More",424.0,499.0,3.8,15.030060120240481,24.0,Other,356
"Sports, Books and More",239.0,399.0,4.5,40.100250626566414,39.0,Other,109
"Sports, Books and More",279.0,599.0,4.3,53.42237061769616,79.0,Other,299
"Sports, Books and More",459.0,1299.0,4.0,64.66512702078522,59.0,Other,212
"Sports, Books and More",1042.0,2699.0,4.0,61.39310855872545,42.0,Other,199
"Sports, Books and More",290.0,999.0,4.0,70.97097097097097,90.0,Other,450
"Sports, Books and More",179.0,999.0,4.0,82.08208208208208,79.0,Other,409
"Sports, Books and More",290.0,999.0,4.0,70.97097097097097,90.0,Other,196
"Sports, Books and More",166.0,999.0,4.1,83.38338338338338,66.0,Other,111
"Sports, Books and More",299.0,988.0,4.0,69.73684210526315,99.0,Charm,232
"Sports, Books and More",689.0,1599.0,4.1,56.91056910569105,89.0,Other,172
"Sports, Books and More",379.0,999.0,4.0,62.06206206206206,79.0,Other,494
"Sports, Books and More",499.0,1699.0,4.1,70.62978222483814,99.0,Charm,455
"Sports, Books and More",399.0,949.0,4.2,57.95574288724974,99.0,Charm,432
"Sports, Books and More",426.0,1899.0,4.1,77.56714060031595,26.0,Other,133
"Sports, Books and More",319.0,799.0,3.9,60.075093867334175,19.0,Other,121
"Sports, Books and More",379.0,949.0,4.1,60.06322444678609,79.0,Other,194
"Sports, Books and More",399.0,1499.0,4.0,73.3822548365577,99.0,Charm,216
"Sports, Books and More",799.0,1799.0,3.8,55.58643690939411,99.0,Charm,205
"Sports, Books and More",429.0,999.0,4.0,57.05705705705706,29.0,Other,265
"Sports, Books and More",379.0,1499.0,4.0,74.71647765176785,79.0,Other,148
"Sports, Books and More",389.0,999.0,4.0,61.06106106106106,89.0,Other,139
"Sports, Books and More",649.0,1299.0,4.1,50.03849114703618,49.0,Other,295
"Sports, Books and More",469.0,999.0,4.0,53.053053053053056,69.0,Other,291
"Sports, Books and More",429.0,999.0,4.0,57.05705705705706,29.0,Other,194
"Sports, Books and More",499.0,1499.0,4.0,66.711140760507,99.0,Charm,132
"Sports, Books and More",699.0,1999.0,3.9,65.03251625812906,99.0,Charm,197
"Sports, Books and More",699.0,1299.0,4.2,46.18937644341801,99.0,Charm,291
"Sports, Books and More",379.0,999.0,4.0,62.06206206206206,79.0,Other,164
"Sports, Books and More",469.0,1899.0,3.8,75.30279094260138,69.0,Other,402
"Sports, Books and More",899.0,1699.0,4.1,47.086521483225425,99.0,Charm,100
"Sports, Books and More",699.0,1999.0,3.9,65.03251625812906,99.0,Charm,186
"Sports, Books and More",435.0,1899.0,4.1,77.09320695102686,35.0,Other,167
"Sports, Books and More",799.0,1499.0,4.3,46.6977985323549,99.0,Charm,250
"Sports, Books and More",751.0,2499.0,4.2,69.94797919167667,51.0,Other,138
"Sports, Books and More",379.0,949.0,4.2,60.06322444678609,79.0,Other,282
"Sports, Books and More",429.0,1499.0,4.0,71.38092061374249,29.0,Other,204
"Sports, Books and More",599.0,899.0,4.0,33.37041156840934,99.0,Charm,386
"Sports, Books and More",1364.0,1999.0,4.3,31.765882941470736,64.0,Other,168
"Sports, Books and More",699.0,2400.0,4.2,70.875,99.0,Charm,462
"Sports, Books and More",699.0,1299.0,4.2,46.18937644341801,99.0,Charm,204
"Sports, Books and More",385.0,1599.0,4.1,75.92245153220762,85.0,Other,400
"Sports, Books and More",1829.0,5499.0,4.0,66.73940716493908,29.0,Other,179
"Sports, Books and More",299.0,350.0,3.7,14.571428571428571,99.0,Charm,397
"Sports, Books and More",299.0,350.0,3.7,14.571428571428571,99.0,Charm,436
"Sports, Books and More",275.0,1045.0,4.2,73.68421052631578,75.0,Other,266
"Sports, Books and More",179.0,799.0,4.3,77.59699624530664,79.0,Other,366
"Sports, Books and More",149.0,299.0,3.6,50.16722408026756,49.0,Other,485
"Sports, Books and More",199.0,599.0,4.0,66.7779632721202,99.0,Charm,191
"Sports, Books and More",199.0,399.0,4.3,50.125313283208015,99.0,Charm,383
"Sports, Books and More",349.0,350.0,3.7,0.2857142857142857,49.0,Other,331
"Sports, Books and More",169.0,249.0,3.9,32.1285140562249,69.0,Other,239
"Sports, Books and More",399.0,1299.0,4.1,69.28406466512702,99.0,Charm,474
"Sports, Books and More",198.0,499.0,4.2,60.320641282565134,98.0,Other,440
"Sports, Books and More",299.0,400.0,3.7,25.25,99.0,Charm,409
"Sports, Books and More",294.0,549.0,4.1,46.44808743169399,94.0,Other,161
"Sports, Books and More",195.0,799.0,3.9,75.59449311639548,95.0,Other,471
"Sports, Books and More",269.0,440.0,4.0,38.86363636363636,69.0,Other,131
"Sports, Books and More",349.0,350.0,3.7,0.2857142857142857,49.0,Other,120
"Sports, Books and More",437.0,585.0,4.0,25.299145299145298,37.0,Other,427
"Sports, Books and More",229.0,280.0,3.7,18.21428571428571,29.0,Other,472
"Sports, Books and More",199.0,399.0,4.3,50.125313283208015,99.0,Charm,303
"Sports, Books and More",547.0,999.0,4.1,45.24524524524524,47.0,Other,157
"Sports, Books and More",199.0,350.0,4.1,43.142857142857146,99.0,Charm,279
"Sports, Books and More",499.0,1685.0,4.1,70.38575667655786,99.0,Charm,308
"Sports, Books and More",349.0,950.0,4.5,63.26315789473684,49.0,Other,470
"Sports, Books and More",548.0,999.0,4.1,45.14514514514514,48.0,Other,380
"Sports, Books and More",349.0,799.0,3.8,56.32040050062578,49.0,Other,362
"Sports, Books and More",379.0,788.0,4.3,51.90355329949239,79.0,Other,459
"Sports, Books and More",339.0,799.0,3.9,57.571964956195245,39.0,Other,364
"Sports, Books and More",439.0,549.0,3.9,20.036429872495447,39.0,Other,450
"Sports, Books and More",359.0,719.0,4.1,50.06954102920723,59.0,Other,432
"Sports, Books and More",549.0,999.0,4.1,45.04504504504504,49.0,Other,346
"Sports, Books and More",168.0,350.0,3.9,52.0,68.0,Other,145
"Sports, Books and More",494.0,1500.0,3.9,67.06666666666666,94.0,Other,288
"Sports, Books and More",249.0,280.0,3.7,11.071428571428571,49.0,Other,472
"Sports, Books and More",273.0,280.0,3.7,2.5,73.0,Other,54
"Sports, Books and More",370.0,999.0,4.0,62.96296296296296,70.0,Other,457
"Sports, Books and More",359.0,449.0,3.9,20.044543429844097,59.0,Other,108
"Sports, Books and More",279.0,599.0,4.1,53.42237061769616,79.0,Other,473
"Sports, Books and More",699.0,1999.0,3.7,65.03251625812906,99.0,Charm,178
"Sports, Books and More",155.0,299.0,4.1,48.16053511705686,55.0,Other,472
"Sports, Books and More",269.0,700.0,4.0,61.57142857142858,69.0,Other,422
"Sports, Books and More",455.0,,2.7,,55.0,Other,159
"Sports, Books and More",315.0,350.0,4.4,10.0,15.0,Other,286
"Sports, Books and More",790.0,826.0,4.4,4.358353510895883,90.0,Other,281
"Sports, Books and More",538.0,798.0,4.6,32.581453634085214,38.0,Other,332
"Sports, Books and More",499.0,1998.0,4.5,75.02502502502503,99.0,Charm,387
"Sports, Books and More",249.0,500.0,4.1,50.2,49.0,Other,183
"Sports, Books and More",2450.0,4476.0,4.4,45.26362823949955,50.0,Other,307
"Sports, Books and More",2710.0,4476.0,,39.454870420017876,10.0,Other,446
"Sports, Books and More",650.0,1239.0,4.5,47.538337368845845,50.0,Other,277
"Sports, Books and More",359.0,998.0,4.5,64.02805611222445,59.0,Other,136
"Sports, Books and More",898.0,998.0,5.0,10.02004008016032,98.0,Other,421
"Sports, Books and More",3160.0,5157.0,4.0,38.72406437851464,60.0,Other,50
"Sports, Books and More",873.0,1248.0,4.6,30.048076923076923,73.0,Other,249
"Sports, Books and More",749.0,1245.0,4.5,39.83935742971887,49.0,Other,50
"Sports, Books and More",278.0,448.0,4.0,37.94642857142857,78.0,Other,364
"Sports, Books and More",449.0,799.0,3.9,43.80475594493116,49.0,Other,76
"Sports, Books and More",243.0,500.0,4.5,51.4,43.0,Other,325
"Sports, Books and More",420.0,998.0,5.0,57.91583166332666,20.0,Other,439
"Sports, Books and More",299.0,490.0,4.1,38.9795918367347,99.0,Charm,79
"Sports, Books and More",544.0,,4.3,,44.0,Other,307
"Sports, Books and More",1034.0,1199.0,4.9,13.761467889908257,34.0,Other,367
"Sports, Books and More",666.0,,4.5,,66.0,Other,206
"Sports, Books and More",401.0,574.0,4.3,30.139372822299652,1.0,Other,440
"Sports, Books and More",713.0,714.0,4.3,0.1400560224089636,13.0,Other,391
"Sports, Books and More",200.0,298.0,4.4,32.88590604026846,0.0,Round,293
"Sports, Books and More",450.0,998.0,4.7,54.90981963927856,50.0,Other,393
"Sports, Books and More",1099.0,2599.0,4.1,57.71450557906888,99.0,Charm,397
"Sports, Books and More",2699.0,4576.0,4.2,41.01835664335665,99.0,Charm,164
"Sports, Books and More",404.0,520.0,3.8,22.30769230769231,4.0,Other,309
"Sports, Books and More",378.0,689.0,4.5,45.13788098693759,78.0,Other,406
"Sports, Books and More",460.0,910.0,4.4,49.45054945054945,60.0,Other,440
"Sports, Books and More",571.0,,4.3,,71.0,Other,278
"Sports, Books and More",1150.0,1398.0,4.2,17.739628040057227,50.0,Other,148
"Sports, Books and More",849.0,999.0,4.6,15.015015015015015,49.0,Other,141
"Sports, Books and More",898.0,998.0,4.9,10.02004008016032,98.0,Other,104
"Sports, Books and More",549.0,799.0,3.9,31.289111389236545,49.0,Other,186
"Sports, Books and More",285.0,488.0,4.7,41.59836065573771,85.0,Other,378
"Sports, Books and More",2499.0,4476.0,4.7,44.16890080428955,99.0,Charm,60
"Sports, Books and More",420.0,539.0,4.1,22.07792207792208,20.0,Other,155
"Sports, Books and More",224.0,298.0,4.0,24.832214765100673,24.0,Other,235
"Sports, Books and More",222.0,370.0,3.7,40.0,22.0,Other,390
"Sports, Books and More",149.0,299.0,4.6,50.16722408026756,49.0,Other,438
"Sports, Books and More",229.0,449.0,4.2,48.9977728285078,29.0,Other,265
"Sports, Books and More",549.0,649.0,4.4,15.408320493066254,49.0,Other,499
"Sports, Books and More",154.0,257.0,4.4,40.07782101167315,54.0,Other,441
"Sports, Books and More",227.0,325.0,4.4,30.153846153846153,27.0,Other,122
"Sports, Books and More",165.0,355.0,4.3,53.52112676056338,65.0,Other,477
"Sports, Books and More",748.0,900.0,4.5,16.88888888888889,48.0,Other,98
"Sports, Books and More",456.0,480.0,4.4,5.0,56.0,Other,394
"Sports, Books and More",123.0,165.0,4.4,25.454545454545453,23.0,Other,427
"Sports, Books and More",601.0,925.0,4.3,35.027027027027025,1.0,Other,220
"Sports, Books and More",222.0,370.0,4.2,40.0,22.0,Other,71
"Sports, Books and More",499.0,705.0,4.5,29.219858156028366,99.0,Charm,265
"Sports, Books and More",503.0,775.0,4.4,35.096774193548384,3.0,Other,160
"Sports, Books and More",297.0,425.0,4.3,30.117647058823525,97.0,Other,452
"Sports, Books and More",215.0,249.0,4.3,13.654618473895583,15.0,Other,325
"Sports, Books and More",10.0,,4.4,,10.0,Other,279
"Sports, Books and More",239.0,399.0,4.2,40.100250626566414,39.0,Other,277
"Sports, Books and More",339.0,520.0,4.2,34.80769230769231,39.0,Other,210
"Sports, Books and More",121.0,220.0,4.1,45.0,21.0,Other,201
"Sports, Books and More",381.0,899.0,4.4,57.61957730812013,81.0,Other,265
"Sports, Books and More",410.0,500.0,4.4,18.0,10.0,Other,481
"Sports, Books and More",486.0,540.0,4.3,10.0,86.0,Other,362
"Sports, Books and More",429.0,499.0,4.5,14.02805611222445,29.0,Other,353
"Sports, Books and More",164.0,299.0,4.3,45.1505016722408,64.0,Other,340
"Sports, Books and More",239.0,299.0,4.3,20.066889632107024,39.0,Other,274
"Sports, Books and More",227.0,430.0,4.3,47.20930232558139,27.0,Other,405
"Sports, Books and More",389.0,399.0,4.3,2.506265664160401,89.0,Other,323
"Sports, Books and More",338.0,470.0,4.5,28.085106382978726,38.0,Other,402
"Sports, Books and More",164.0,235.0,4.2,30.21276595744681,64.0,Other,146
"Sports, Books and More",251.0,335.0,4.4,25.07462686567164,51.0,Other,417
"Sports, Books and More",99.0,220.0,4.1,55.00000000000001,99.0,Charm,452
"Sports, Books and More",373.0,575.0,4.2,35.130434782608695,73.0,Other,175
"Sports, Books and More",171.0,245.0,4.3,30.20408163265306,71.0,Other,374
"Sports, Books and More",974.0,1249.0,4.5,22.017614091273018,74.0,Other,180
"Sports, Books and More",332.0,400.0,4.2,17.0,32.0,Other,65
"Sports, Books and More",99.0,120.0,4.2,17.5,99.0,Charm,475
"Sports, Books and More",308.0,440.0,4.2,30.0,8.0,Other,147
"Sports, Books and More",489.0,599.0,4.3,18.363939899833053,89.0,Other,412
"Sports, Books and More",409.0,700.0,4.4,41.57142857142857,9.0,Other,101
"Sports, Books and More",597.0,720.0,4.3,17.083333333333332,97.0,Other,119
"Sports, Books and More",,,,,,Other,214
"Sports, Books and More",502.0,529.0,4.5,5.103969754253308,2.0,Other,252
"Sports, Books and More",483.0,525.0,4.3,8.0,83.0,Other,78
"Sports, Books and More",249.0,320.0,4.3,22.1875,49.0,Other,387
"Sports, Books and More",482.0,596.0,4.4,19.12751677852349,82.0,Other,361
"Sports, Books and More",456.0,550.0,4.3,17.09090909090909,56.0,Other,250
"Sports, Books and More",410.0,500.0,4.4,18.0,10.0,Other,440
"Sports, Books and More",396.0,567.0,4.6,30.158730158730158,96.0,Other,322
"Sports, Books and More",529.0,,4.5,,29.0,Other,433
"Sports, Books and More",349.0,,4.4,,49.0,Other,326
"Sports, Books and More",1440.0,,4.3,,40.0,Other,53
"Sports, Books and More",456.0,480.0,4.4,5.0,56.0,Other,482
"Sports, Books and More",410.0,500.0,4.4,18.0,10.0,Other,126
"Sports, Books and More",486.0,540.0,4.3,10.0,86.0,Other,236
"Sports, Books and More",341.0,399.0,3.8,14.536340852130325,41.0,Other,115
"Sports, Books and More",493.0,555.0,4.5,11.17117117117117,93.0,Other,132
"Sports, Books and More",529.0,,4.5,,29.0,Other,329
"Sports, Books and More",456.0,525.0,4.4,13.142857142857142,56.0,Other,74
"Sports, Books and More",605.0,,3.9,,5.0,Other,360
"Sports, Books and More",411.0,420.0,4.4,2.142857142857143,11.0,Other,165
"Sports, Books and More",451.0,480.0,4.4,6.041666666666667,51.0,Other,71
"Sports, Books and More",552.0,600.0,4.5,8.0,52.0,Other,232
"Sports, Books and More",296.0,299.0,3.7,1.0033444816053512,96.0,Other,197
"Sports, Books and More",400.0,450.0,4.3,11.11111111111111,0.0,Round,401
"Sports, Books and More",451.0,480.0,4.3,6.041666666666667,51.0,Other,360
"Sports, Books and More",352.0,400.0,4.3,12.0,52.0,Other,53
"Sports, Books and More",279.0,548.0,3.9,49.08759124087591,79.0,Other,161
"Sports, Books and More",480.0,540.0,4.4,11.11111111111111,80.0,Other,148
"Sports, Books and More",522.0,600.0,4.4,13.0,22.0,Other,459
"Sports, Books and More",601.0,640.0,4.4,6.09375,1.0,Other,219
"Sports, Books and More",227.0,500.0,3.6,54.6,27.0,Other,64
"Sports, Books and More",570.0,600.0,4.3,5.0,70.0,Other,251
"Sports, Books and More",456.0,525.0,4.2,13.142857142857142,56.0,Other,121
"Sports, Books and More",465.0,480.0,4.3,3.125,65.0,Other,216
"Sports, Books and More",324.0,480.0,2.7,32.5,24.0,Other,483
"Sports, Books and More",349.0,360.0,4.6,3.0555555555555554,49.0,Other,328
"Sports, Books and More",349.0,360.0,4.5,3.0555555555555554,49.0,Other,162
"Sports, Books and More",310.0,349.0,4.5,11.174785100286533,10.0,Other,147
"Sports, Books and More",292.0,500.0,4.0,41.6,92.0,Other,97
"Sports, Books and More",315.0,350.0,4.4,10.0,15.0,Other,209
"Sports, Books and More",2710.0,4476.0,,39.454870420017876,10.0,Other,352
"Sports, Books and More",790.0,826.0,4.4,4.358353510895883,90.0,Other,148
"Sports, Books and More",499.0,1998.0,4.5,75.02502502502503,99.0,Charm,439
"Sports, Books and More",538.0,798.0,4.6,32.581453634085214,38.0,Other,448
"Sports, Books and More",330.0,550.0,3.8,40.0,30.0,Other,382
"Sports, Books and More",249.0,500.0,4.1,50.2,49.0,Other,322
"Sports, Books and More",3160.0,5157.0,4.0,38.72406437851464,60.0,Other,270
"Sports, Books and More",898.0,998.0,5.0,10.02004008016032,98.0,Other,70
"Sports, Books and More",849.0,999.0,4.6,15.015015015015015,49.0,Other,315
"Sports, Books and More",2450.0,4476.0,4.4,45.26362823949955,50.0,Other,362
"Sports, Books and More",449.0,799.0,3.9,43.80475594493116,49.0,Other,215
"Sports, Books and More",359.0,998.0,4.5,64.02805611222445,59.0,Other,148
"Sports, Books and More",401.0,574.0,4.3,30.139372822299652,1.0,Other,312
"Sports, Books and More",873.0,1248.0,4.6,30.048076923076923,73.0,Other,208
"Sports, Books and More",571.0,,4.3,,71.0,Other,117
"Sports, Books and More",420.0,998.0,5.0,57.91583166332666,20.0,Other,248
"Sports, Books and More",650.0,1239.0,4.5,47.538337368845845,50.0,Other,359
"Sports, Books and More",278.0,448.0,4.0,37.94642857142857,78.0,Other,234
"Sports, Books and More",399.0,999.0,3.9,60.06006006006006,99.0,Charm,319
"Sports, Books and More",200.0,298.0,4.4,32.88590604026846,0.0,Round,429
"Sports, Books and More",749.0,1245.0,4.5,39.83935742971887,49.0,Other,316
"Sports, Books and More",1034.0,1199.0,4.9,13.761467889908257,34.0,Other,110
"Sports, Books and More",975.0,1145.0,4.4,14.847161572052403,75.0,Other,177
"Sports, Books and More",666.0,,4.5,,66.0,Other,176
"Sports, Books and More",299.0,490.0,4.1,38.9795918367347,99.0,Charm,83
"Sports, Books and More",460.0,910.0,4.4,49.45054945054945,60.0,Other,476
"Sports, Books and More",499.0,799.0,3.9,37.546933667083856,99.0,Charm,178
"Sports, Books and More",1099.0,2599.0,4.1,57.71450557906888,99.0,Charm,488
"Sports, Books and More",378.0,689.0,4.5,45.13788098693759,78.0,Other,106
"Sports, Books and More",898.0,998.0,4.9,10.02004008016032,98.0,Other,214
"Sports, Books and More",713.0,714.0,4.3,0.1400560224089636,13.0,Other,416
"Sports, Books and More",243.0,500.0,4.5,51.4,43.0,Other,372
"Sports, Books and More",450.0,998.0,4.7,54.90981963927856,50.0,Other,152
"Sports, Books and More",1150.0,1398.0,4.2,17.739628040057227,50.0,Other,55
"Sports, Books and More",2699.0,4576.0,4.2,41.01835664335665,99.0,Charm,233
"Sports, Books and More",2499.0,4476.0,4.7,44.16890080428955,99.0,Charm,451
"Sports, Books and More",540.0,900.0,4.6,40.0,40.0,Other,307
"Sports, Books and More",369.0,430.0,4.3,14.186046511627906,69.0,Other,251
"Sports, Books and More",549.0,799.0,3.9,31.289111389236545,49.0,Other,485
"Sports, Books and More",275.0,299.0,4.1,8.02675585284281,75.0,Other,191
"Sports, Books and More",336.0,850.0,3.8,60.47058823529412,36.0,Other,57
"Sports, Books and More",261.0,,3.2,,61.0,Other,332
"Sports, Books and More",349.0,399.0,3.2,12.531328320802004,49.0,Other,60
"Sports, Books and More",759.0,800.0,4.3,5.125,59.0,Other,288
"Sports, Books and More",236.0,499.0,3.2,52.705410821643284,36.0,Other,304
"Sports, Books and More",331.0,499.0,3.2,33.66733466933868,31.0,Other,216
"Sports, Books and More",486.0,1400.0,3.4,65.28571428571428,86.0,Other,426
"Sports, Books and More",236.0,499.0,3.2,52.705410821643284,36.0,Other,315
"Sports, Books and More",356.0,400.0,4.3,11.0,56.0,Other,404
"Sports, Books and More",379.0,400.0,3.7,5.25,79.0,Other,472
"Sports, Books and More",261.0,650.0,3.8,59.84615384615385,61.0,Other,488
"Sports, Books and More",284.0,699.0,5.0,59.370529327610875,84.0,Other,236
"Sports, Books and More",331.0,499.0,4.4,33.66733466933868,31.0,Other,211
"Sports, Books and More",506.0,600.0,4.1,15.666666666666668,6.0,Other,328
"Sports, Books and More",499.0,520.0,3.9,4.038461538461538,99.0,Charm,396
"Sports, Books and More",331.0,499.0,3.2,33.66733466933868,31.0,Other,378
"Sports, Books and More",331.0,400.0,4.5,17.25,31.0,Other,488
"Sports, Books and More",283.0,599.0,4.3,52.75459098497496,83.0,Other,117
"Sports, Books and More",290.0,598.0,3.6,51.50501672240802,90.0,Other,346
"Sports, Books and More",443.0,500.0,4.8,11.4,43.0,Other,304
"Sports, Books and More",759.0,900.0,4.1,15.666666666666668,59.0,Other,481
"Sports, Books and More",426.0,799.0,3.2,46.68335419274093,26.0,Other,225
"Sports, Books and More",199.0,300.0,4.2,33.666666666666664,99.0,Charm,281
"Sports, Books and More",341.0,499.0,3.2,31.663326653306612,41.0,Other,308
"Sports, Books and More",331.0,499.0,3.2,33.66733466933868,31.0,Other,158
"Sports, Books and More",614.0,700.0,4.3,12.285714285714286,14.0,Other,73
"Sports, Books and More",270.0,280.0,4.0,3.571428571428571,70.0,Other,287
"Sports, Books and More",284.0,399.0,4.4,28.82205513784461,84.0,Other,431
"Sports, Books and More",236.0,499.0,3.2,52.705410821643284,36.0,Other,465
"Sports, Books and More",217.0,499.0,3.2,56.51302605210421,17.0,Other,371
"Sports, Books and More",478.0,699.0,2.3,31.616595135908444,78.0,Other,106
"Sports, Books and More",331.0,699.0,3.2,52.64663805436338,31.0,Other,342
"Sports, Books and More",759.0,800.0,3.7,5.125,59.0,Other,137
"Sports, Books and More",312.0,499.0,3.2,37.4749498997996,12.0,Other,182
"Sports, Books and More",201.0,350.0,3.4,42.57142857142857,1.0,Other,128
"Sports, Books and More",236.0,349.0,3.2,32.37822349570201,36.0,Other,149
"Sports, Books and More",120.0,,4.1,,20.0,Other,365
"Sports, Books and More",137.0,280.0,4.4,51.07142857142857,37.0,Other,264
"Sports, Books and More",186.0,250.0,3.4,25.6,86.0,Other,336
"Sports, Books and More",3499.0,5999.0,5.0,41.67361226871145,99.0,Charm,478
"Sports, Books and More",1749.0,2399.0,4.3,27.094622759483116,49.0,Other,153
"Sports, Books and More",299.0,1199.0,4.3,75.0625521267723,99.0,Charm,310
"Sports, Books and More",299.0,1199.0,4.3,75.0625521267723,99.0,Charm,265
"Sports, Books and More",1726.0,2599.0,4.2,33.58984224701808,26.0,Other,343
"Sports, Books and More",899.0,1719.0,4.0,47.7021524141943,99.0,Charm,416
"Sports, Books and More",431.0,650.0,4.2,33.69230769230769,31.0,Other,305
"Sports, Books and More",6629.0,7799.0,4.1,15.001923323503014,29.0,Other,372
"Sports, Books and More",1749.0,3299.0,4.0,46.983934525613826,49.0,Other,109
"Sports, Books and More",2752.0,3699.0,4.2,25.601513922681807,52.0,Other,85
"Sports, Books and More",699.0,1199.0,4.0,41.70141784820684,99.0,Charm,116
"Sports, Books and More",799.0,2999.0,4.4,73.35778592864288,99.0,Charm,235
"Sports, Books and More",975.0,1749.0,4.0,44.25385934819897,75.0,Other,236
"Sports, Books and More",1259.0,1399.0,4.4,10.007147962830592,59.0,Other,306
"Sports, Books and More",1799.0,2999.0,4.1,40.01333777925976,99.0,Charm,230
"Sports, Books and More",3224.0,4299.0,4.3,25.005815305885086,24.0,Other,185
"Sports, Books and More",3054.0,6499.0,4.2,53.008155100784734,54.0,Other,172
"Sports, Books and More",822.0,1299.0,4.3,36.72055427251732,22.0,Other,207
"Sports, Books and More",599.0,899.0,4.2,33.37041156840934,99.0,Charm,92
"Sports, Books and More",3484.0,4099.0,4.4,15.003659429129057,84.0,Other,292
"Sports, Books and More",749.0,849.0,4.2,11.778563015312132,49.0,Other,258
"Sports, Books and More",549.0,999.0,4.2,45.04504504504504,49.0,Other,292
"Sports, Books and More",6204.0,7299.0,4.2,15.002055076037813,4.0,Other,57
"Sports, Books and More",959.0,1599.0,4.0,40.025015634771734,59.0,Other,210
"Sports, Books and More",863.0,1322.0,4.2,34.72012102874433,63.0,Other,134
"Sports, Books and More",1080.0,1399.0,4.0,22.802001429592565,80.0,Other,318
"Sports, Books and More",1299.0,1749.0,4.2,25.728987993138936,99.0,Charm,130
"Sports, Books and More",1104.0,1299.0,4.2,15.011547344110854,4.0,Other,295
"Sports, Books and More",1099.0,1649.0,4.2,33.35354760460885,99.0,Charm,152
"Sports, Books and More",1703.0,2599.0,4.2,34.474797999230475,3.0,Other,150
"Sports, Books and More",2099.0,3499.0,4.0,40.01143183766791,99.0,Charm,371
"Sports, Books and More",719.0,1199.0,4.4,40.033361134278564,19.0,Other,87
"Sports, Books and More",2099.0,3699.0,4.1,43.25493376588267,99.0,Charm,122
"Sports, Books and More",975.0,1749.0,4.1,44.25385934819897,75.0,Other,287
"Sports, Books and More",999.0,1719.0,4.1,41.8848167539267,99.0,Charm,473
"Sports, Books and More",1742.0,2045.0,4.2,14.816625916870416,42.0,Other,80
"Sports, Books and More",1198.0,2199.0,4.3,45.52069122328331,98.0,Other,345
"Sports, Books and More",1741.0,2049.0,4.2,15.031722791605661,41.0,Other,119
"Sports, Books and More",1799.0,3149.0,4.0,42.870752619879326,99.0,Charm,217
"Sports, Books and More",625.0,1099.0,4.4,43.13011828935396,25.0,Other,146
"Sports, Books and More",279.0,1598.0,4.0,82.54067584480602,79.0,Other,235
"Sports, Books and More",399.0,699.0,4.2,42.91845493562232,99.0,Charm,330
"Sports, Books and More",396.0,749.0,4.3,47.12950600801068,96.0,Other,313
"Sports, Books and More",99.0,499.0,4.4,80.16032064128257,99.0,Charm,389
"Sports, Books and More",500.0,1000.0,4.3,50.0,0.0,Round,347
"Sports, Books and More",99.0,499.0,4.2,80.16032064128257,99.0,Charm,69
"Sports, Books and More",99.0,599.0,4.4,83.47245409015025,99.0,Charm,169
"Sports, Books and More",749.0,1299.0,4.3,42.34026173979984,49.0,Other,458
"Sports, Books and More",315.0,350.0,4.2,10.0,15.0,Other,466
"Sports, Books and More",466.0,849.0,4.2,45.111896348645466,66.0,Other,65
"Sports, Books and More",293.0,345.0,4.4,15.072463768115943,93.0,Other,264
"Sports, Books and More",139.0,799.0,4.1,82.60325406758447,39.0,Other,166
"Sports, Books and More",229.0,499.0,4.1,54.10821643286573,29.0,Other,211
"Sports, Books and More",768.0,1050.0,4.2,26.857142857142858,68.0,Other,304
"Sports, Books and More",249.0,499.0,4.4,50.1002004008016,49.0,Other,407
"Sports, Books and More",355.0,680.0,4.2,47.794117647058826,55.0,Other,116
"Sports, Books and More",99.0,499.0,4.4,80.16032064128257,99.0,Charm,448
"Sports, Books and More",426.0,699.0,4.3,39.05579399141631,26.0,Other,343
"Sports, Books and More",908.0,999.0,4.1,9.10910910910911,8.0,Other,202
"Sports, Books and More",425.0,599.0,4.2,29.04841402337229,25.0,Other,133
"Sports, Books and More",255.0,300.0,4.3,15.0,55.0,Other,69
"Sports, Books and More",499.0,679.0,4.3,26.50957290132548,99.0,Charm,113
"Sports, Books and More",696.0,995.0,4.4,30.050251256281406,96.0,Other,385
"Sports, Books and More",999.0,2196.0,4.2,54.50819672131148,99.0,Charm,469
"Sports, Books and More",271.0,399.0,4.1,32.08020050125313,71.0,Other,247
"Sports, Books and More",329.0,399.0,4.3,17.543859649122805,29.0,Other,401
"Sports, Books and More",99.0,499.0,4.4,80.16032064128257,99.0,Charm,167
"Sports, Books and More",549.0,1098.0,4.2,50.0,49.0,Other,173
"Sports, Books and More",599.0,758.0,4.3,20.976253298153033,99.0,Charm,363
"Sports, Books and More",908.0,999.0,4.1,9.10910910910911,8.0,Other,85
"Sports, Books and More",1299.0,1499.0,4.2,13.342228152101402,99.0,Charm,144
"Sports, Books and More",315.0,499.0,4.3,36.87374749498998,15.0,Other,405
"Sports, Books and More",719.0,1349.0,4.3,46.70126019273536,19.0,Other,296
"Sports, Books and More",499.0,699.0,4.2,28.612303290414882,99.0,Charm,372
"Sports, Books and More",99.0,499.0,4.4,80.16032064128257,99.0,Charm,452
"Sports, Books and More",744.0,1298.0,4.3,42.68104776579353,44.0,Other,301
"Sports, Books and More",449.0,599.0,4.1,25.041736227045075,49.0,Other,310
"Sports, Books and More",399.0,,4.3,,99.0,Charm,177
"Sports, Books and More",749.0,899.0,4.2,16.68520578420467,49.0,Other,369
"Sports, Books and More",349.0,495.0,4.3,29.494949494949495,49.0,Other,190
"Sports, Books and More",725.0,,4.5,,25.0,Other,140
"Sports, Books and More",460.0,,4.4,,60.0,Other,108
"Sports, Books and More",226.0,241.0,4.4,6.224066390041494,26.0,Other,449
"Sports, Books and More",1284.0,1375.0,4.5,6.618181818181817,84.0,Other,465
"Sports, Books and More",388.0,425.0,4.4,8.705882352941176,88.0,Other,302
"Sports, Books and More",214.0,,4.5,,14.0,Other,240
"Sports, Books and More",1284.0,1375.0,4.5,6.618181818181817,84.0,Other,220
"Sports, Books and More",1375.0,,4.4,,75.0,Other,88
"Sports, Books and More",665.0,685.0,4.5,2.9197080291970803,65.0,Other,224
"Sports, Books and More",590.0,,4.5,,90.0,Other,68
"Sports, Books and More",1206.0,1250.0,4.6,3.52,6.0,Other,345
"Sports, Books and More",365.0,,4.4,,65.0,Other,309
"Sports, Books and More",750.0,790.0,4.5,5.063291139240507,50.0,Other,83
"Sports, Books and More",360.0,,4.5,,60.0,Other,361
"Sports, Books and More",345.0,,4.4,,45.0,Other,480
"Sports, Books and More",399.0,530.0,4.2,24.71698113207547,99.0,Charm,450
"Sports, Books and More",1589.0,1635.0,4.6,2.8134556574923546,89.0,Other,361
"Sports, Books and More",391.0,425.0,4.3,8.0,91.0,Other,123
"Sports, Books and More",335.0,,4.4,,35.0,Other,86
"Sports, Books and More",999.0,1696.0,4.3,41.096698113207545,99.0,Charm,338
"Sports, Books and More",576.0,675.0,4.4,14.666666666666666,76.0,Other,219
"Sports, Books and More",569.0,615.0,4.3,7.479674796747967,69.0,Other,169
"Sports, Books and More",335.0,,4.5,,35.0,Other,309
"Sports, Books and More",849.0,1325.0,4.3,35.924528301886795,49.0,Other,281
"Sports, Books and More",539.0,848.0,4.4,36.43867924528302,39.0,Other,62
"Sports, Books and More",680.0,,4.4,,80.0,Other,402
"Sports, Books and More",2554.0,2655.0,4.6,3.8041431261770247,54.0,Other,160
"Sports, Books and More",573.0,690.0,4.4,16.956521739130434,73.0,Other,99
"Sports, Books and More",564.0,660.0,4.5,14.545454545454545,64.0,Other,271
"Sports, Books and More",360.0,,4.5,,60.0,Other,107
"Sports, Books and More",535.0,848.0,4.5,36.910377358490564,35.0,Other,98
"Sports, Books and More",399.0,530.0,4.2,24.71698113207547,99.0,Charm,167
"Sports, Books and More",3000.0,,4.4,,0.0,Round,344
"Sports, Books and More",285.0,,4.3,,85.0,Other,244
"Sports, Books and More",650.0,,4.5,,50.0,Other,494
"Sports, Books and More",1050.0,,4.4,,50.0,Other,168
"Sports, Books and More",1020.0,,4.7,,20.0,Other,366
"Sports, Books and More",2605.0,2755.0,4.6,5.44464609800363,5.0,Other,403
"Sports, Books and More",477.0,848.0,4.3,43.75,77.0,Other,242
"Sports, Books and More",999.0,1696.0,4.3,41.096698113207545,99.0,Charm,406
"Sports, Books and More",169.0,249.0,4.2,32.1285140562249,69.0,Other,279
"Sports, Books and More",178.0,599.0,3.2,70.2838063439065,78.0,Other,116
"Sports, Books and More",734.0,1499.0,3.0,51.03402268178786,34.0,Other,58
"Sports, Books and More",950.0,2199.0,3.6,56.79854479308777,50.0,Other,421
"Sports, Books and More",220.0,300.0,4.2,26.666666666666668,20.0,Other,127
"Sports, Books and More",854.0,1499.0,3.2,43.028685790527014,54.0,Other,232
"Sports, Books and More",169.0,349.0,3.2,51.57593123209169,69.0,Other,409
"Sports, Books and More",168.0,399.0,3.2,57.89473684210527,68.0,Other,71
"Sports, Books and More",168.0,349.0,3.2,51.862464183381086,68.0,Other,243
"Sports, Books and More",169.0,349.0,3.2,51.57593123209169,69.0,Other,362
"Sports, Books and More",171.0,349.0,3.2,51.00286532951289,71.0,Other,290
"Sports, Books and More",169.0,349.0,3.2,51.57593123209169,69.0,Other,337
"Sports, Books and More",734.0,1499.0,3.6,51.03402268178786,34.0,Other,89
"Sports, Books and More",154.0,349.0,3.5,55.873925501432666,54.0,Other,92
"Sports, Books and More",169.0,399.0,3.5,57.64411027568922,69.0,Other,166
"Sports, Books and More",168.0,399.0,3.2,57.89473684210527,68.0,Other,83
"Sports, Books and More",849.0,2199.0,3.6,61.39154160982264,49.0,Other,298
"Sports, Books and More",950.0,2199.0,3.6,56.79854479308777,50.0,Other,64
"Sports, Books and More",734.0,1499.0,3.6,51.03402268178786,34.0,Other,285
"Sports, Books and More",950.0,2199.0,3.6,56.79854479308777,50.0,Other,126
"Sports, Books and More",561.0,799.0,3.6,29.78723404255319,61.0,Other,458
"Sports, Books and More",734.0,1499.0,3.6,51.03402268178786,34.0,Other,387
"Sports, Books and More",734.0,1499.0,3.6,51.03402268178786,34.0,Other,482
"Sports, Books and More",474.0,799.0,4.2,40.67584480600751,74.0,Other,59
"Sports, Books and More",734.0,1499.0,3.6,51.03402268178786,34.0,Other,206
"Sports, Books and More",734.0,1499.0,3.6,51.03402268178786,34.0,Other,430
"Sports, Books and More",734.0,1499.0,3.6,51.03402268178786,34.0,Other,84
"Sports, Books and More",734.0,1499.0,3.6,51.03402268178786,34.0,Other,254
"Sports, Books and More",474.0,799.0,3.6,40.67584480600751,74.0,Other,251
"Sports, Books and More",474.0,799.0,3.6,40.67584480600751,74.0,Other,213
"Sports, Books and More",950.0,2199.0,3.6,56.79854479308777,50.0,Other,135
"Sports, Books and More",734.0,1499.0,3.6,51.03402268178786,34.0,Other,249
"Sports, Books and More",474.0,799.0,3.6,40.67584480600751,74.0,Other,187
"Sports, Books and More",474.0,799.0,3.6,40.67584480600751,74.0,Other,335
"Sports, Books and More",388.0,799.0,3.6,51.43929912390488,88.0,Other,62
"Sports, Books and More",474.0,799.0,3.6,40.67584480600751,74.0,Other,55
"Sports, Books and More",168.0,349.0,3.2,51.862464183381086,68.0,Other,409
"Sports, Books and More",235.0,799.0,3.9,70.58823529411765,35.0,Other,122
"Sports, Books and More",734.0,1499.0,3.6,51.03402268178786,34.0,Other,234
"Sports, Books and More",185.0,300.0,4.1,38.333333333333336,85.0,Other,420
"Sports, Books and More",190.0,275.0,4.3,30.909090909090907,90.0,Other,87
"Sports, Books and More",188.0,225.0,4.4,16.444444444444446,88.0,Other,343
"Sports, Books and More",553.0,595.0,4.6,7.0588235294117645,53.0,Other,347
"Sports, Books and More",321.0,450.0,4.1,28.666666666666668,21.0,Other,296
"Sports, Books and More",147.0,300.0,4.0,51.0,47.0,Other,342
"Sports, Books and More",147.0,300.0,4.2,51.0,47.0,Other,312
"Sports, Books and More",160.0,165.0,4.3,3.0303030303030303,60.0,Other,327
"Sports, Books and More",1559.0,2800.0,4.4,44.32142857142857,59.0,Other,99
"Sports, Books and More",857.0,1590.0,4.5,46.100628930817614,57.0,Other,115
"Sports, Books and More",1489.0,1895.0,4.5,21.424802110817943,89.0,Other,231
"Sports, Books and More",139.0,225.0,4.6,38.22222222222222,39.0,Other,440
"Sports, Books and More",920.0,1070.0,4.5,14.018691588785046,20.0,Other,365
"Sports, Books and More",329.0,500.0,4.3,34.2,29.0,Other,436
"Sports, Books and More",174.0,199.0,4.5,12.562814070351758,74.0,Other,479
"Sports, Books and More",524.0,725.0,4.4,27.72413793103448,24.0,Other,147
"Sports, Books and More",391.0,599.0,4.8,34.72454090150251,91.0,Other,271
"Sports, Books and More",175.0,208.0,4.3,15.865384615384615,75.0,Other,164
"Sports, Books and More",567.0,895.0,4.8,36.64804469273743,67.0,Other,226
"Sports, Books and More",333.0,599.0,4.6,44.40734557595994,33.0,Other,352
"Sports, Books and More",289.0,499.0,4.5,42.08416833667334,89.0,Other,266
"Sports, Books and More",2757.0,3999.0,4.9,31.057764441110276,57.0,Other,342
"Sports, Books and More",605.0,1059.0,4.8,42.870632672332384,5.0,Other,180
"Sports, Books and More",151.0,165.0,4.5,8.484848484848486,51.0,Other,469
"Sports, Books and More",176.0,199.0,4.3,11.557788944723619,76.0,Other,410
"Sports, Books and More",518.0,899.0,4.5,42.380422691879865,18.0,Other,342
"Sports, Books and More",239.0,399.0,4.6,40.100250626566414,39.0,Other,206
"Sports, Books and More",228.0,250.0,4.5,8.799999999999999,28.0,Other,225
"Sports, Books and More",271.0,399.0,4.4,32.08020050125313,71.0,Other,69
"Sports, Books and More",259.0,499.0,4.4,48.09619238476954,59.0,Other,308
"Sports, Books and More",406.0,750.0,4.7,45.86666666666667,6.0,Other,165
"Sports, Books and More",89.0,135.0,4.4,34.074074074074076,89.0,Other,498
"Sports, Books and More",317.0,334.0,4.5,5.089820359281437,17.0,Other,252
"Sports, Books and More",339.0,550.0,4.6,38.36363636363636,39.0,Other,295
"Sports, Books and More",169.0,299.0,4.7,43.47826086956522,69.0,Other,213
"Sports, Books and More",234.0,300.0,4.3,22.0,34.0,Other,359
"Sports, Books and More",350.0,499.0,4.4,29.859719438877757,50.0,Other,185
"Sports, Books and More",109.0,199.0,4.5,45.22613065326633,9.0,Other,250
"Sports, Books and More",201.0,299.0,4.2,32.77591973244147,1.0,Other,363
"Sports, Books and More",199.0,299.0,4.4,33.44481605351171,99.0,Charm,142
"Sports, Books and More",143.0,299.0,4.6,52.17391304347826,43.0,Other,112
"Sports, Books and More",224.0,399.0,4.5,43.859649122807014,24.0,Other,471
"Sports, Books and More",239.0,399.0,4.3,40.100250626566414,39.0,Other,237
"Sports, Books and More",234.0,260.0,4.3,10.0,34.0,Other,350
"Sports, Books and More",243.0,400.0,4.4,39.25,43.0,Other,104
"Sports, Books and More",89.0,135.0,4.4,34.074074074074076,89.0,Other,73
"Sports, Books and More",317.0,334.0,4.5,5.089820359281437,17.0,Other,184
"Sports, Books and More",339.0,550.0,4.6,38.36363636363636,39.0,Other,188
"Sports, Books and More",169.0,299.0,4.7,43.47826086956522,69.0,Other,422
"Sports, Books and More",234.0,300.0,4.3,22.0,34.0,Other,247
"Sports, Books and More",145.0,150.0,4.4,3.3333333333333335,45.0,Other,455
"Sports, Books and More",350.0,499.0,4.4,29.859719438877757,50.0,Other,335
"Sports, Books and More",209.0,250.0,4.5,16.400000000000002,9.0,Other,107
"Sports, Books and More",199.0,350.0,4.5,43.142857142857146,99.0,Charm,194
"Sports, Books and More",224.0,395.0,4.1,43.291139240506325,24.0,Other,446
"Sports, Books and More",254.0,475.0,4.4,46.526315789473685,54.0,Other,150
"Sports, Books and More",369.0,799.0,4.3,53.81727158948686,69.0,Other,288
"Sports, Books and More",265.0,299.0,4.5,11.37123745819398,65.0,Other,197
"Sports, Books and More",218.0,250.0,3.9,12.8,18.0,Other,168
"Sports, Books and More",119.0,150.0,4.4,20.666666666666668,19.0,Other,281
"Sports, Books and More",429.0,800.0,4.4,46.375,29.0,Other,354
"Sports, Books and More",169.0,299.0,4.5,43.47826086956522,69.0,Other,69
"Sports, Books and More",1458.0,2187.0,2.6,33.33333333333333,58.0,Other,118
"Sports, Books and More",279.0,475.0,4.5,41.26315789473684,79.0,Other,406
"Sports, Books and More",89.0,150.0,4.5,40.666666666666664,89.0,Other,443
"Sports, Books and More",89.0,150.0,4.4,40.666666666666664,89.0,Other,481
"Sports, Books and More",315.0,450.0,4.5,30.0,15.0,Other,191
"Sports, Books and More",120.0,150.0,4.5,20.0,20.0,Other,199
"Sports, Books and More",182.0,195.0,4.5,6.666666666666667,82.0,Other,221
"Sports, Books and More",189.0,300.0,4.3,37.0,89.0,Other,161
"Sports, Books and More",241.0,300.0,4.5,19.666666666666664,41.0,Other,387
"Sports, Books and More",199.0,299.0,4.6,33.44481605351171,99.0,Charm,411
"Sports, Books and More",169.0,299.0,4.4,43.47826086956522,69.0,Other,245
"Sports, Books and More",165.0,199.0,4.5,17.08542713567839,65.0,Other,348
"Sports, Books and More",145.0,150.0,4.1,3.3333333333333335,45.0,Other,358
"Sports, Books and More",169.0,250.0,4.4,32.4,69.0,Other,266
"Sports, Books and More",279.0,450.0,4.5,38.0,79.0,Other,220
"Sports, Books and More",140.0,300.0,4.4,53.333333333333336,40.0,Other,374
"Sports, Books and More",356.0,500.0,3.6,28.799999999999997,56.0,Other,407
"Sports, Books and More",119.0,150.0,4.3,20.666666666666668,19.0,Other,427
"Sports, Books and More",193.0,299.0,4.6,35.45150501672241,93.0,Other,182
"Sports, Books and More",228.0,299.0,4.4,23.745819397993312,28.0,Other,392
"Sports, Books and More",356.0,500.0,3.6,28.799999999999997,56.0,Other,101
"Sports, Books and More",419.0,550.0,4.2,23.81818181818182,19.0,Other,464
"Sports, Books and More",169.0,190.0,4.5,11.052631578947368,69.0,Other,103
"Sports, Books and More",429.0,650.0,4.2,34.0,29.0,Other,465
"Sports, Books and More",459.0,600.0,4.4,23.5,59.0,Other,256
"Sports, Books and More",69.0,80.0,4.2,13.750000000000002,69.0,Other,377
"Sports, Books and More",509.0,750.0,4.4,32.13333333333333,9.0,Other,435
"Sports, Books and More",109.0,120.0,4.4,9.166666666666666,9.0,Other,287
"Sports, Books and More",117.0,124.0,4.5,5.64516129032258,17.0,Other,64
"Sports, Books and More",388.0,1000.0,4.8,61.199999999999996,88.0,Other,283
"Sports, Books and More",129.0,144.0,4.3,10.416666666666668,29.0,Other,249
"Sports, Books and More",147.0,180.0,4.5,18.333333333333332,47.0,Other,95
"Sports, Books and More",109.0,120.0,4.2,9.166666666666666,9.0,Other,493
"Sports, Books and More",409.0,500.0,4.5,18.2,9.0,Other,432
"Sports, Books and More",339.0,500.0,4.2,32.2,39.0,Other,484
"Sports, Books and More",89.0,100.0,4.4,11.0,89.0,Other,166
"Sports, Books and More",360.0,,4.4,,60.0,Other,168
"Sports, Books and More",89.0,100.0,4.5,11.0,89.0,Other,360
"Sports, Books and More",63.0,70.0,4.3,10.0,63.0,Other,343
"Sports, Books and More",499.0,799.0,4.4,37.546933667083856,99.0,Charm,53
"Sports, Books and More",499.0,1199.0,4.3,58.381984987489574,99.0,Charm,243
"Sports, Books and More",251.0,545.0,4.8,53.94495412844037,51.0,Other,326
"Sports, Books and More",229.0,525.0,4.4,56.38095238095238,29.0,Other,60
"Sports, Books and More",220.0,489.0,4.2,55.010224948875255,20.0,Other,112
"Sports, Books and More",345.0,759.0,4.7,54.54545454545454,45.0,Other,149
"Sports, Books and More",275.0,900.0,4.5,69.44444444444444,75.0,Other,104
"Sports, Books and More",499.0,799.0,4.5,37.546933667083856,99.0,Charm,325
"Sports, Books and More",299.0,445.0,4.4,32.80898876404494,99.0,Charm,436
"Sports, Books and More",299.0,445.0,4.4,32.80898876404494,99.0,Charm,197
"Sports, Books and More",210.0,425.0,5.0,50.588235294117645,10.0,Other,273
"Sports, Books and More",499.0,799.0,4.5,37.546933667083856,99.0,Charm,293
"Sports, Books and More",210.0,425.0,4.2,50.588235294117645,10.0,Other,123
"Sports, Books and More",344.0,725.0,4.7,52.55172413793103,44.0,Other,149
"Sports, Books and More",255.0,550.0,4.7,53.63636363636364,55.0,Other,300
"Sports, Books and More",499.0,799.0,4.5,37.546933667083856,99.0,Charm,166
"Sports, Books and More",399.0,799.0,4.7,50.06257822277848,99.0,Charm,51
"Sports, Books and More",299.0,445.0,4.4,32.80898876404494,99.0,Charm,399
"Sports, Books and More",413.0,1025.0,4.7,59.70731707317073,13.0,Other,320
"Sports, Books and More",499.0,1199.0,4.9,58.381984987489574,99.0,Charm,448
"Sports, Books and More",499.0,799.0,4.7,37.546933667083856,99.0,Charm,274
"Sports, Books and More",345.0,765.0,3.9,54.90196078431373,45.0,Other,58
"Sports, Books and More",210.0,350.0,4.5,40.0,10.0,Other,292
"Sports, Books and More",499.0,1199.0,4.3,58.381984987489574,99.0,Charm,138
"Sports, Books and More",385.0,799.0,4.3,51.81476846057572,85.0,Other,496
"Sports, Books and More",259.0,349.0,4.4,25.787965616045845,59.0,Other,182
"Sports, Books and More",209.0,549.0,4.3,61.93078324225865,9.0,Other,443
"Sports, Books and More",299.0,495.0,4.5,39.5959595959596,99.0,Charm,125
"Sports, Books and More",242.0,349.0,4.2,30.659025787965614,42.0,Other,255
"Sports, Books and More",334.0,720.0,4.7,53.61111111111111,34.0,Other,336
"Sports, Books and More",383.0,915.0,4.6,58.142076502732245,83.0,Other,299
"Sports, Books and More",425.0,650.0,4.1,34.61538461538461,25.0,Other,228
"Sports, Books and More",549.0,1099.0,4.8,50.04549590536852,49.0,Other,303
"Sports, Books and More",219.0,599.0,4.1,63.43906510851419,19.0,Other,352
"Sports, Books and More",309.0,360.0,4.0,14.166666666666666,9.0,Other,129
"Sports, Books and More",425.0,650.0,4.1,34.61538461538461,25.0,Other,460
"Sports, Books and More",210.0,425.0,4.8,50.588235294117645,10.0,Other,297
"Sports, Books and More",389.0,935.0,4.7,58.39572192513369,89.0,Other,120
"Sports, Books and More",210.0,425.0,4.6,50.588235294117645,10.0,Other,448
"Sports, Books and More",379.0,650.0,4.1,41.692307692307686,79.0,Other,441
"Sports, Books and More",232.0,699.0,4.0,66.80972818311875,32.0,Other,233
"Sports, Books and More",169.0,799.0,4.4,78.84856070087609,69.0,Other,190
"Sports, Books and More",249.0,499.0,4.0,50.1002004008016,49.0,Other,200
"Sports, Books and More",269.0,499.0,4.1,46.09218436873748,69.0,Other,286
"Sports, Books and More",269.0,499.0,4.2,46.09218436873748,69.0,Other,265
"Sports, Books and More",160.0,499.0,4.0,67.93587174348697,60.0,Other,151
"Sports, Books and More",314.0,500.0,4.3,37.2,14.0,Other,457
"Sports, Books and More",249.0,799.0,4.4,68.8360450563204,49.0,Other,225
"Sports, Books and More",197.0,299.0,4.2,34.11371237458194,97.0,Other,172
"Sports, Books and More",251.0,499.0,4.1,49.69939879759519,51.0,Other,248
"Sports, Books and More",197.0,299.0,4.2,34.11371237458194,97.0,Other,185
"Sports, Books and More",379.0,799.0,3.7,52.56570713391739,79.0,Other,109
"Sports, Books and More",269.0,499.0,4.2,46.09218436873748,69.0,Other,205
"Sports, Books and More",269.0,500.0,4.0,46.2,69.0,Other,471
"Sports, Books and More",159.0,489.0,3.9,67.48466257668711,59.0,Other,190
"Sports, Books and More",1499.0,2499.0,4.2,40.01600640256102,99.0,Charm,214
"Sports, Books and More",269.0,499.0,4.0,46.09218436873748,69.0,Other,92
"Sports, Books and More",269.0,998.0,4.1,73.04609218436873,69.0,Other,347
"Sports, Books and More",404.0,499.0,4.2,19.03807615230461,4.0,Other,491
"Sports, Books and More",404.0,1299.0,4.4,68.8991531947652,4.0,Other,459
"Sports, Books and More",269.0,499.0,4.2,46.09218436873748,69.0,Other,334
"Sports, Books and More",314.0,499.0,4.3,37.07414829659319,14.0,Other,145
"Sports, Books and More",206.0,499.0,4.0,58.717434869739485,6.0,Other,449
"Sports, Books and More",599.0,1699.0,4.2,64.74396703943496,99.0,Charm,286
"Sports, Books and More",521.0,2099.0,4.0,75.1786565030967,21.0,Other,307
"Sports, Books and More",184.0,499.0,4.2,63.126252505010015,84.0,Other,203
"Sports, Books and More",458.0,1599.0,4.3,71.35709818636647,58.0,Other,285
"Sports, Books and More",349.0,999.0,4.0,65.06506506506507,49.0,Other,209
"Sports, Books and More",349.0,999.0,4.0,65.06506506506507,49.0,Other,128
"Sports, Books and More",199.0,499.0,4.0,60.120240480961925,99.0,Charm,183
"Sports, Books and More",256.0,499.0,4.0,48.69739478957916,56.0,Other,64
"Sports, Books and More",549.0,1699.0,4.0,67.68687463213655,49.0,Other,165
"Sports, Books and More",331.0,499.0,4.2,33.66733466933868,31.0,Other,342
"Sports, Books and More",189.0,499.0,4.1,62.124248496993985,89.0,Other,396
"Sports, Books and More",284.0,1499.0,3.5,81.05403602401601,84.0,Other,453
"Sports, Books and More",499.0,1499.0,4.1,66.711140760507,99.0,Charm,338
"Sports, Books and More",349.0,999.0,4.1,65.06506506506507,49.0,Other,336
"Sports, Books and More",251.0,499.0,4.1,49.69939879759519,51.0,Other,196
"Sports, Books and More",319.0,500.0,4.1,36.199999999999996,19.0,Other,290
"Sports, Books and More",625.0,1249.0,4.0,49.9599679743795,25.0,Other,87
"Sports, Books and More",799.0,2999.0,4.6,73.35778592864288,99.0,Charm,331
"Sports, Books and More",895.0,1599.0,4.5,44.02751719824891,95.0,Other,399
"Sports, Books and More",299.0,799.0,4.4,62.57822277847309,99.0,Charm,312
"Sports, Books and More",222.0,500.0,4.2,55.60000000000001,22.0,Other,326
"Sports, Books and More",529.0,699.0,4.2,24.320457796852647,29.0,Other,340
"Sports, Books and More",629.0,799.0,4.3,21.27659574468085,29.0,Other,457
"Sports, Books and More",222.0,250.0,4.2,11.200000000000001,22.0,Other,494
"Sports, Books and More",399.0,999.0,4.1,60.06006006006006,99.0,Charm,429
"Sports, Books and More",484.0,650.0,4.4,25.538461538461537,84.0,Other,161
"Sports, Books and More",359.0,699.0,4.4,48.640915593705294,59.0,Other,208
"Sports, Books and More",329.0,899.0,4.5,63.40378197997776,29.0,Other,289
"Sports, Books and More",3999.0,5999.0,4.2,33.338889814969164,99.0,Charm,299
"Sports, Books and More",449.0,1299.0,4.3,65.43494996150885,49.0,Other,219
"Sports, Books and More",499.0,599.0,4.7,16.69449081803005,99.0,Charm,457
"Sports, Books and More",169.0,699.0,4.2,75.82260371959943,69.0,Other,347
"Sports, Books and More",399.0,999.0,4.0,60.06006006006006,99.0,Charm,466
"Sports, Books and More",630.0,799.0,4.5,21.151439299123904,30.0,Other,190
"Sports, Books and More",445.0,699.0,4.4,36.33762517882689,45.0,Other,385
"Sports, Books and More",445.0,699.0,4.2,36.33762517882689,45.0,Other,337
"Sports, Books and More",558.0,749.0,4.3,25.500667556742325,58.0,Other,281
"Sports, Books and More",239.0,499.0,4.4,52.104208416833664,39.0,Other,107
"Sports, Books and More",284.0,999.0,4.2,71.57157157157157,84.0,Other,484
"Sports, Books and More",327.0,650.0,4.3,49.69230769230769,27.0,Other,441
"Sports, Books and More",3999.0,5999.0,4.2,33.338889814969164,99.0,Charm,73
"Sports, Books and More",474.0,1000.0,4.2,52.6,74.0,Other,59
"Sports, Books and More",341.0,799.0,4.4,57.32165206508135,41.0,Other,132
"Sports, Books and More",3699.0,7500.0,4.5,50.68,99.0,Charm,330
"Sports, Books and More",1169.0,2999.0,3.9,61.02034011337112,69.0,Other,478
"Sports, Books and More",225.0,999.0,4.2,77.47747747747748,25.0,Other,410
"Sports, Books and More",222.0,500.0,4.3,55.60000000000001,22.0,Other,492
"Sports, Books and More",164.0,499.0,3.9,67.13426853707415,64.0,Other,141
"Sports, Books and More",509.0,999.0,4.1,49.049049049049046,9.0,Other,140
"Sports, Books and More",359.0,999.0,4.6,64.06406406406407,59.0,Other,394
"Sports, Books and More",239.0,395.0,4.5,39.49367088607595,39.0,Other,339
"Sports, Books and More",229.0,399.0,4.0,42.606516290726816,29.0,Other,428
"Sports, Books and More",749.0,899.0,4.6,16.68520578420467,49.0,Other,58
"Sports, Books and More",215.0,999.0,3.8,78.47847847847848,15.0,Other,381
"Sports, Books and More",249.0,699.0,4.1,64.37768240343348,49.0,Other,396
"Sports, Books and More",235.0,600.0,3.7,60.83333333333333,35.0,Other,483
"Sports, Books and More",1199.0,2999.0,4.6,60.02000666888962,99.0,Charm,246
"Sports, Books and More",376.0,759.0,3.9,50.461133069828726,76.0,Other,469
"Sports, Books and More",398.0,1599.0,4.1,75.10944340212633,98.0,Other,487
"Sports, Books and More",1095.0,,4.4,,95.0,Other,327
"Sports, Books and More",549.0,550.0,4.3,0.18181818181818182,49.0,Other,350
"Sports, Books and More",745.0,,4.2,,45.0,Other,447
"Sports, Books and More",519.0,680.0,4.2,23.676470588235293,19.0,Other,397
"Sports, Books and More",439.0,440.0,4.5,0.22727272727272727,39.0,Other,276
"Sports, Books and More",764.0,899.0,3.9,15.016685205784205,64.0,Other,476
"Sports, Books and More",1295.0,,4.4,,95.0,Other,141
"Sports, Books and More",765.0,,4.4,,65.0,Other,56
"Sports, Books and More",488.0,500.0,4.0,2.4,88.0,Other,424
"Sports, Books and More",764.0,899.0,4.0,15.016685205784205,64.0,Other,155
"Sports, Books and More",975.0,,4.4,,75.0,Other,288
"Sports, Books and More",1295.0,,4.5,,95.0,Other,390
"Sports, Books and More",470.0,499.0,4.1,5.811623246492986,70.0,Other,134
"Sports, Books and More",269.0,499.0,4.7,46.09218436873748,69.0,Other,226
"Sports, Books and More",1595.0,,4.5,,95.0,Other,256
"Sports, Books and More",595.0,,4.4,,95.0,Other,426
"Sports, Books and More",1095.0,,4.4,,95.0,Other,286
"Sports, Books and More",349.0,669.0,4.0,47.832585949177876,49.0,Other,286
"Sports, Books and More",535.0,,4.4,,35.0,Other,123
"Sports, Books and More",495.0,,4.4,,95.0,Other,156
"Sports, Books and More",270.0,,4.2,,70.0,Other,84
"Sports, Books and More",340.0,390.0,4.2,12.82051282051282,40.0,Other,305
"Sports, Books and More",419.0,510.0,4.1,17.84313725490196,19.0,Other,413
"Sports, Books and More",535.0,,4.2,,35.0,Other,191
"Sports, Books and More",495.0,,4.4,,95.0,Other,263
"Sports, Books and More",3399.0,3800.0,4.5,10.55263157894737,99.0,Charm,186
"Sports, Books and More",249.0,320.0,4.2,22.1875,49.0,Other,63
"Sports, Books and More",595.0,,4.5,,95.0,Other,172
"Sports, Books and More",275.0,320.0,4.1,14.0625,75.0,Other,459
"Sports, Books and More",338.0,395.0,3.5,14.430379746835442,38.0,Other,265
"Sports, Books and More",1740.0,1750.0,4.6,0.5714285714285714,40.0,Other,249
"Sports, Books and More",509.0,630.0,4.0,19.20634920634921,9.0,Other,364
"Sports, Books and More",2695.0,,4.5,,95.0,Other,470
"Sports, Books and More",580.0,655.0,4.2,11.450381679389313,80.0,Other,210
"Sports, Books and More",13995.0,,4.8,,95.0,Other,485
"Sports, Books and More",469.0,480.0,4.3,2.2916666666666665,69.0,Other,185
"Sports, Books and More",260.0,,4.0,,60.0,Other,230
"Sports, Books and More",3399.0,3800.0,4.3,10.55263157894737,99.0,Charm,406
"Sports, Books and More",224.0,499.0,3.6,55.11022044088176,24.0,Other,254
"Sports, Books and More",230.0,499.0,3.6,53.90781563126252,30.0,Other,80
"Sports, Books and More",251.0,499.0,4.1,49.69939879759519,51.0,Other,166
"Sports, Books and More",103.0,349.0,4.3,70.48710601719198,3.0,Other,126
"Sports, Books and More",299.0,999.0,4.5,70.07007007007007,99.0,Charm,372
"Sports, Books and More",269.0,499.0,4.1,46.09218436873748,69.0,Other,76
"Sports, Books and More",116.0,349.0,4.2,66.7621776504298,16.0,Other,163
"Sports, Books and More",230.0,499.0,3.6,53.90781563126252,30.0,Other,344
"Sports, Books and More",194.0,799.0,4.3,75.71964956195244,94.0,Other,247
"Sports, Books and More",498.0,1800.0,4.2,72.33333333333334,98.0,Other,318
"Sports, Books and More",122.0,349.0,4.2,65.0429799426934,22.0,Other,274
"Sports, Books and More",230.0,499.0,3.6,53.90781563126252,30.0,Other,372
"Sports, Books and More",160.0,699.0,4.8,77.1101573676681,60.0,Other,271
"Sports, Books and More",269.0,499.0,4.2,46.09218436873748,69.0,Other,306
"Sports, Books and More",249.0,998.0,4.3,75.0501002004008,49.0,Other,414
"Sports, Books and More",207.0,499.0,3.6,58.517034068136276,7.0,Other,449
"Sports, Books and More",155.0,499.0,3.5,68.93787575150301,55.0,Other,432
"Sports, Books and More",284.0,499.0,4.0,43.08617234468938,84.0,Other,475
"Sports, Books and More",213.0,499.0,4.2,57.31462925851704,13.0,Other,438
"Sports, Books and More",207.0,499.0,3.6,58.517034068136276,7.0,Other,101
"Sports, Books and More",107.0,349.0,4.3,69.34097421203438,7.0,Other,298
"Sports, Books and More",636.0,3840.0,4.8,83.4375,36.0,Other,489
"Sports, Books and More",199.0,499.0,5.0,60.120240480961925,99.0,Charm,88
"Sports, Books and More",230.0,499.0,3.6,53.90781563126252,30.0,Other,492
"Sports, Books and More",251.0,499.0,4.1,49.69939879759519,51.0,Other,427
"Sports, Books and More",319.0,799.0,4.7,60.075093867334175,19.0,Other,234
"Sports, Books and More",117.0,199.0,4.1,41.20603015075377,17.0,Other,223
"Sports, Books and More",233.0,499.0,3.6,53.3066132264529,33.0,Other,330
"Sports, Books and More",254.0,499.0,4.0,49.09819639278557,54.0,Other,430
"Sports, Books and More",93.0,199.0,4.5,53.266331658291456,93.0,Other,190
"Sports, Books and More",135.0,1047.0,4.3,87.10601719197709,35.0,Other,157
"Sports, Books and More",230.0,499.0,3.6,53.90781563126252,30.0,Other,395
"Sports, Books and More",251.0,499.0,4.0,49.69939879759519,51.0,Other,158
"Sports, Books and More",224.0,499.0,4.2,55.11022044088176,24.0,Other,105
"Sports, Books and More",169.0,999.0,3.9,83.08308308308308,69.0,Other,65
"Sports, Books and More",207.0,499.0,3.6,58.517034068136276,7.0,Other,91
"Sports, Books and More",139.0,299.0,3.9,53.51170568561873,39.0,Other,217
"Sports, Books and More",219.0,799.0,4.6,72.5907384230288,19.0,Other,469
"Sports, Books and More",159.0,999.0,4.6,84.08408408408408,59.0,Other,314
"Sports, Books and More",230.0,399.0,3.6,42.35588972431078,30.0,Other,372
"Sports, Books and More",1997.0,3499.0,4.4,42.92655044298371,97.0,Other,287
"Sports, Books and More",3709.0,5990.0,4.4,38.080133555926544,9.0,Other,439
"Sports, Books and More",180.0,1499.0,4.0,87.99199466310874,80.0,Other,202
"Sports, Books and More",225.0,1299.0,3.8,82.67898383371825,25.0,Other,345
"Sports, Books and More",51.0,65.0,3.6,21.53846153846154,51.0,Other,70
"Sports, Books and More",329.0,1599.0,4.0,79.42464040025015,29.0,Other,423
"Sports, Books and More",384.0,427.0,4.3,10.070257611241217,84.0,Other,465
"Sports, Books and More",2789.0,4490.0,4.4,37.88418708240535,89.0,Other,397
"Sports, Books and More",133.0,599.0,3.8,77.79632721202003,33.0,Other,194
"Sports, Books and More",972.0,1375.0,4.5,29.309090909090905,72.0,Other,216
"Sports, Books and More",145.0,1299.0,3.4,88.8375673595073,45.0,Other,461
"Sports, Books and More",14299.0,20999.0,4.2,31.906281251488167,99.0,Charm,142
"Sports, Books and More",149.0,230.0,4.2,35.21739130434783,49.0,Other,90
"Sports, Books and More",269.0,999.0,3.7,73.07307307307308,69.0,Other,358
"Sports, Books and More",260.0,449.0,3.9,42.093541202672604,60.0,Other,211
"Sports, Books and More",1740.0,2419.0,4.4,28.069450186027282,40.0,Other,178
"Sports, Books and More",226.0,399.0,4.2,43.35839598997494,26.0,Other,491
"Sports, Books and More",272.0,999.0,4.2,72.77277277277278,72.0,Other,256
"Sports, Books and More",533.0,850.0,4.0,37.29411764705882,33.0,Other,256
"Sports, Books and More",9749.0,14389.0,4.3,32.2468552366391,49.0,Other,102
"Sports, Books and More",259.0,425.0,4.0,39.05882352941176,59.0,Other,244
"Sports, Books and More",791.0,1125.0,4.4,29.688888888888886,91.0,Other,100
"Sports, Books and More",153.0,999.0,3.8,84.68468468468468,53.0,Other,408
"Sports, Books and More",1839.0,5999.0,4.5,69.34489081513586,39.0,Other,332
"Sports, Books and More",319.0,405.0,4.4,21.23456790123457,19.0,Other,326
"Sports, Books and More",100.0,699.0,3.5,85.69384835479255,0.0,Round,80
"Sports, Books and More",215.0,499.0,4.1,56.91382765531062,15.0,Other,350
"Sports, Books and More",512.0,1490.0,4.1,65.63758389261744,12.0,Other,161
"Sports, Books and More",424.0,1299.0,3.9,67.35950731331793,24.0,Other,232
"Sports, Books and More",138.0,699.0,3.4,80.25751072961373,38.0,Other,237
"Sports, Books and More",146.0,1299.0,3.3,88.76058506543495,46.0,Other,481
"Sports, Books and More",508.0,1105.0,4.3,54.02714932126697,8.0,Other,242
"Sports, Books and More",135.0,699.0,3.4,80.68669527896995,35.0,Other,478
"Sports, Books and More",335.0,1299.0,3.5,74.21093148575828,35.0,Other,447
"Sports, Books and More",488.0,2999.0,3.9,83.72790930310103,88.0,Other,307
"Sports, Books and More",2193.0,7999.0,4.5,72.58407300912614,93.0,Other,261
"Sports, Books and More",325.0,1499.0,4.0,78.31887925283523,25.0,Other,250
"Sports, Books and More",1023.0,1095.0,4.5,6.575342465753424,23.0,Other,487
"Sports, Books and More",249.0,699.0,3.9,64.37768240343348,49.0,Other,374
"Sports, Books and More",903.0,980.0,3.7,7.857142857142857,3.0,Other,166
"Sports, Books and More",1997.0,3499.0,4.4,42.92655044298371,97.0,Other,391
"Sports, Books and More",3709.0,5990.0,4.4,38.080133555926544,9.0,Other,388
"Sports, Books and More",180.0,1499.0,4.0,87.99199466310874,80.0,Other,415
"Sports, Books and More",225.0,1299.0,3.8,82.67898383371825,25.0,Other,53
"Sports, Books and More",51.0,65.0,3.6,21.53846153846154,51.0,Other,214
"Sports, Books and More",329.0,1599.0,4.0,79.42464040025015,29.0,Other,179
"Sports, Books and More",384.0,427.0,4.3,10.070257611241217,84.0,Other,183
"Sports, Books and More",2789.0,4490.0,4.4,37.88418708240535,89.0,Other,92
"Sports, Books and More",133.0,599.0,3.8,77.79632721202003,33.0,Other,74
"Sports, Books and More",972.0,1375.0,4.5,29.309090909090905,72.0,Other,257
"Sports, Books and More",145.0,1299.0,3.4,88.8375673595073,45.0,Other,76
"Sports, Books and More",14299.0,20999.0,4.2,31.906281251488167,99.0,Charm,322
"Sports, Books and More",149.0,230.0,4.2,35.21739130434783,49.0,Other,86
"Sports, Books and More",269.0,999.0,3.7,73.07307307307308,69.0,Other,247
"Sports, Books and More",260.0,449.0,3.9,42.093541202672604,60.0,Other,227
"Sports, Books and More",1740.0,2419.0,4.4,28.069450186027282,40.0,Other,260
"Sports, Books and More",272.0,999.0,4.2,72.77277277277278,72.0,Other,282
"Sports, Books and More",533.0,850.0,4.0,37.29411764705882,33.0,Other,498
"Sports, Books and More",223.0,255.0,4.3,12.549019607843137,23.0,Other,455
"Sports, Books and More",9749.0,14389.0,4.3,32.2468552366391,49.0,Other,260
"Sports, Books and More",259.0,425.0,4.0,39.05882352941176,59.0,Other,172
"Sports, Books and More",791.0,1125.0,4.4,29.688888888888886,91.0,Other,340
"Sports, Books and More",699.0,1499.0,4.2,53.36891260840561,99.0,Charm,65
"Sports, Books and More",1839.0,5999.0,4.5,69.34489081513586,39.0,Other,492
"Sports, Books and More",153.0,999.0,3.8,84.68468468468468,53.0,Other,301
"Sports, Books and More",319.0,405.0,4.4,21.23456790123457,19.0,Other,86
"Sports, Books and More",100.0,699.0,3.5,85.69384835479255,0.0,Round,236
"Sports, Books and More",512.0,1490.0,4.1,65.63758389261744,12.0,Other,207
"Sports, Books and More",215.0,499.0,4.1,56.91382765531062,15.0,Other,488
"Sports, Books and More",424.0,1299.0,3.9,67.35950731331793,24.0,Other,220
"Sports, Books and More",138.0,699.0,3.4,80.25751072961373,38.0,Other,188
"Sports, Books and More",739.0,1500.0,4.0,50.73333333333333,39.0,Other,388
"Sports, Books and More",146.0,1299.0,3.3,88.76058506543495,46.0,Other,130
"Sports, Books and More",135.0,699.0,3.4,80.68669527896995,35.0,Other,92
"Sports, Books and More",335.0,1299.0,3.5,74.21093148575828,35.0,Other,228
"Sports, Books and More",229.0,600.0,4.0,61.83333333333333,29.0,Other,306
"Sports, Books and More",488.0,2999.0,3.9,83.72790930310103,88.0,Other,80
"Sports, Books and More",325.0,1499.0,4.0,78.31887925283523,25.0,Other,265
"Sports, Books and More",249.0,699.0,3.9,64.37768240343348,49.0,Other,116
"Sports, Books and More",508.0,1105.0,4.3,54.02714932126697,8.0,Other,135
"Sports, Books and More",646.0,999.0,4.2,35.33533533533533,46.0,Other,279
"Sports, Books and More",512.0,1490.0,4.1,65.63758389261744,12.0,Other,483
"Sports, Books and More",329.0,1599.0,4.0,79.42464040025015,29.0,Other,406
"Sports, Books and More",147.0,899.0,3.3,83.64849833147943,47.0,Other,51
"Sports, Books and More",699.0,1499.0,4.2,53.36891260840561,99.0,Charm,441
"Sports, Books and More",215.0,499.0,4.1,56.91382765531062,15.0,Other,138
"Sports, Books and More",138.0,699.0,3.4,80.25751072961373,38.0,Other,222
"Sports, Books and More",499.0,999.0,4.1,50.050050050050054,99.0,Charm,496
"Sports, Books and More",135.0,699.0,3.4,80.68669527896995,35.0,Other,363
"Sports, Books and More",325.0,1499.0,4.0,78.31887925283523,25.0,Other,415
"Sports, Books and More",664.0,4499.0,4.1,85.24116470326739,64.0,Other,345
"Sports, Books and More",666.0,1990.0,4.0,66.53266331658291,66.0,Other,390
"Sports, Books and More",412.0,1999.0,3.9,79.38969484742371,12.0,Other,52
"Sports, Books and More",339.0,999.0,4.0,66.06606606606607,39.0,Other,201
"Sports, Books and More",525.0,999.0,4.3,47.44744744744745,25.0,Other,362
"Sports, Books and More",1299.0,2990.0,4.3,56.5551839464883,99.0,Charm,64
"Sports, Books and More",349.0,599.0,4.2,41.736227045075125,49.0,Other,343
"Sports, Books and More",270.0,1099.0,3.4,75.43221110100092,70.0,Other,431
"Sports, Books and More",378.0,1799.0,3.8,78.98832684824903,78.0,Other,383
"Sports, Books and More",2999.0,9990.0,4.3,69.97997997997997,99.0,Charm,202
"Sports, Books and More",391.0,1999.0,3.7,80.44022011005502,91.0,Other,324
"Sports, Books and More",325.0,799.0,4.0,59.32415519399249,25.0,Other,280
"Sports, Books and More",302.0,699.0,4.2,56.79542203147353,2.0,Other,99
"Sports, Books and More",999.0,1990.0,4.3,49.798994974874375,99.0,Charm,427
"Sports, Books and More",512.0,1490.0,4.1,65.63758389261744,12.0,Other,214
"Sports, Books and More",222.0,1099.0,3.5,79.79981801637852,22.0,Other,72
"Sports, Books and More",160.0,699.0,4.3,77.1101573676681,60.0,Other,492
"Sports, Books and More",323.0,999.0,4.3,67.66766766766766,23.0,Other,109
"Sports, Books and More",392.0,999.0,4.2,60.76076076076076,92.0,Other,99
"Sports, Books and More",288.0,999.0,3.6,71.17117117117117,88.0,Other,70
"Sports, Books and More",379.0,699.0,4.4,45.779685264663804,79.0,Other,141
"Sports, Books and More",449.0,2099.0,4.3,78.6088613625536,49.0,Other,354
"Sports, Books and More",333.0,1599.0,3.9,79.17448405253283,33.0,Other,161
"Sports, Books and More",195.0,499.0,3.3,60.92184368737475,95.0,Other,54
"Sports, Books and More",702.0,1499.0,4.4,53.168779186124084,2.0,Other,107
"Sports, Books and More",849.0,1899.0,3.5,55.29225908372828,49.0,Other,397
"Sports, Books and More",195.0,1299.0,3.1,84.98845265588915,95.0,Other,72
"Sports, Books and More",298.0,1199.0,3.6,75.14595496246872,98.0,Other,483
"Sports, Books and More",424.0,1499.0,4.2,71.71447631754504,24.0,Other,148
"Sports, Books and More",466.0,1199.0,4.0,61.13427856547122,66.0,Other,260
"Sports, Books and More",334.0,375.0,4.3,10.933333333333334,34.0,Other,150
"Sports, Books and More",993.0,1103.0,4.4,9.972801450589303,93.0,Other,90
"Sports, Books and More",384.0,427.0,4.3,10.070257611241217,84.0,Other,74
"Sports, Books and More",972.0,1375.0,4.5,29.309090909090905,72.0,Other,413
"Sports, Books and More",533.0,850.0,4.0,37.29411764705882,33.0,Other,154
"Sports, Books and More",791.0,1125.0,4.4,29.688888888888886,91.0,Other,322
"Sports, Books and More",259.0,425.0,4.0,39.05882352941176,59.0,Other,376
"Sports, Books and More",870.0,1125.0,4.4,22.666666666666664,70.0,Other,418
"Sports, Books and More",319.0,405.0,4.4,21.23456790123457,19.0,Other,309
"Sports, Books and More",1023.0,1095.0,4.5,6.575342465753424,23.0,Other,372
"Sports, Books and More",149.0,230.0,4.2,35.21739130434783,49.0,Other,371
"Sports, Books and More",1210.0,1350.0,4.4,10.37037037037037,10.0,Other,110
"Sports, Books and More",158.0,255.0,4.3,38.03921568627451,58.0,Other,482
"Sports, Books and More",318.0,399.0,4.1,20.30075187969925,18.0,Other,497
"Sports, Books and More",344.0,362.0,4.3,4.972375690607735,44.0,Other,187
"Sports, Books and More",852.0,1205.0,4.2,29.294605809128633,52.0,Other,443
"Sports, Books and More",717.0,890.0,4.5,19.43820224719101,17.0,Other,381
"Sports, Books and More",783.0,1200.0,4.1,34.75,83.0,Other,133
"Sports, Books and More",223.0,255.0,4.3,12.549019607843137,23.0,Other,258
"Sports, Books and More",2271.0,2500.0,4.4,9.16,71.0,Other,53
"Sports, Books and More",461.0,555.0,4.4,16.936936936936934,61.0,Other,206
"Sports, Books and More",527.0,645.0,4.5,18.294573643410853,27.0,Other,97
"Sports, Books and More",478.0,510.0,4.4,6.2745098039215685,78.0,Other,210
"Sports, Books and More",109.0,110.0,4.3,0.9090909090909091,9.0,Other,355
"Sports, Books and More",377.0,500.0,4.5,24.6,77.0,Other,101
"Sports, Books and More",382.0,437.0,4.4,12.585812356979407,82.0,Other,309
"Sports, Books and More",575.0,,4.4,,75.0,Other,437
"Sports, Books and More",282.0,499.0,4.7,43.48697394789579,82.0,Other,224
"Sports, Books and More",445.0,750.0,3.9,40.666666666666664,45.0,Other,495
"Sports, Books and More",485.0,540.0,4.4,10.185185185185185,85.0,Other,331
"Sports, Books and More",336.0,365.0,4.4,7.9452054794520555,36.0,Other,242
"Sports, Books and More",150.0,,3.8,,50.0,Other,432
"Sports, Books and More",401.0,448.0,4.4,10.491071428571429,1.0,Other,292
"Sports, Books and More",379.0,403.0,4.4,5.955334987593052,79.0,Other,250
"Sports, Books and More",481.0,545.0,4.4,11.743119266055047,81.0,Other,222
"Sports, Books and More",903.0,980.0,3.7,7.857142857142857,3.0,Other,333
"Sports, Books and More",217.0,245.0,4.3,11.428571428571429,17.0,Other,343
"Sports, Books and More",520.0,610.0,4.5,14.754098360655737,20.0,Other,172
"Sports, Books and More",219.0,250.0,3.9,12.4,19.0,Other,87
"Sports, Books and More",3195.0,4950.0,4.3,35.45454545454545,95.0,Other,497
"Sports, Books and More",450.0,800.0,2.4,43.75,50.0,Other,404
"Sports, Books and More",5549.0,7200.0,3.3,22.930555555555557,49.0,Other,497
"Sports, Books and More",609.0,1199.0,4.1,49.20767306088407,9.0,Other,63
"Sports, Books and More",599.0,1199.0,3.7,50.0417014178482,99.0,Charm,207
"Sports, Books and More",4799.0,5999.0,3.2,20.003333888981498,99.0,Charm,96
"Sports, Books and More",1399.0,2499.0,4.3,44.017607042817126,99.0,Charm,118
"Sports, Books and More",299.0,600.0,4.2,50.16666666666667,99.0,Charm,197
"Sports, Books and More",259.0,859.0,3.8,69.84866123399301,59.0,Other,403
"Sports, Books and More",945.0,2999.0,4.8,68.48949649883295,45.0,Other,494
"Sports, Books and More",299.0,599.0,5.0,50.08347245409015,99.0,Charm,334
"Sports, Books and More",6950.0,11606.0,4.2,40.117180768567984,50.0,Other,321
"Sports, Books and More",1290.0,1990.0,3.5,35.175879396984925,90.0,Other,477
"Sports, Books and More",580.0,1699.0,3.4,65.86227192466157,80.0,Other,189
"Sports, Books and More",349.0,599.0,4.0,41.736227045075125,49.0,Other,335
"Sports, Books and More",5546.0,10850.0,4.8,48.884792626728114,46.0,Other,397
"Sports, Books and More",1199.0,2500.0,3.9,52.04,99.0,Charm,375
"Sports, Books and More",450.0,990.0,3.5,54.54545454545454,50.0,Other,104
"Sports, Books and More",1393.0,2999.0,3.9,53.551183727909304,93.0,Other,220
"Sports, Books and More",889.0,1099.0,,19.10828025477707,89.0,Other,150
"Sports, Books and More",1499.0,2999.0,4.0,50.01667222407469,99.0,Charm,227
"Sports, Books and More",799.0,999.0,3.4,20.02002002002002,99.0,Charm,427
"Sports, Books and More",699.0,771.0,4.1,9.33852140077821,99.0,Charm,369
"Sports, Books and More",1500.0,1999.0,4.1,24.96248124062031,0.0,Round,266
"Sports, Books and More",265.0,450.0,3.9,41.11111111111111,65.0,Other,64
"Sports, Books and More",940.0,2000.0,3.9,53.0,40.0,Other,126
"Sports, Books and More",2649.0,3000.0,3.8,11.700000000000001,49.0,Other,475
"Sports, Books and More",1670.0,2300.0,4.0,27.391304347826086,70.0,Other,370
"Sports, Books and More",1349.0,2999.0,3.6,55.01833944648216,49.0,Other,374
"Sports, Books and More",938.0,2000.0,3.5,53.1,38.0,Other,204
"Sports, Books and More",2845.0,4000.0,3.8,28.875,45.0,Other,90
"Sports, Books and More",7400.0,14500.0,2.9,48.96551724137931,0.0,Round,277
"Sports, Books and More",399.0,699.0,4.0,42.91845493562232,99.0,Charm,301
"Sports, Books and More",1349.0,2499.0,3.9,46.01840736294518,49.0,Other,475
"Sports, Books and More",3500.0,,4.8,,0.0,Round,188
"Sports, Books and More",8999.0,9999.0,4.4,10.00100010001,99.0,Charm,261
"Sports, Books and More",399.0,1000.0,3.9,60.099999999999994,99.0,Charm,300
"Sports, Books and More",660.0,999.0,3.7,33.933933933933936,60.0,Other,101
"Sports, Books and More",325.0,449.0,3.8,27.616926503340757,25.0,Other,352
"Sports, Books and More",899.0,1199.0,3.5,25.0208507089241,99.0,Charm,58
"Sports, Books and More",19999.0,,3.7,,99.0,Charm,184
"Sports, Books and More",899.0,999.0,3.6,10.01001001001001,99.0,Charm,160
"Sports, Books and More",799.0,1999.0,4.1,60.030015007503756,99.0,Charm,435
"Sports, Books and More",2849.0,4999.0,3.8,43.00860172034407,49.0,Other,343
"Sports, Books and More",201.0,450.0,4.8,55.333333333333336,1.0,Other,138
"Sports, Books and More",3485.0,8900.0,3.5,60.84269662921349,85.0,Other,122
"Sports, Books and More",425.0,1000.0,4.2,57.49999999999999,25.0,Other,171
"Sports, Books and More",1489.0,1999.0,4.0,25.512756378189096,89.0,Other,59
"Sports, Books and More",899.0,2199.0,3.6,59.11778080945884,99.0,Charm,237
"Sports, Books and More",399.0,999.0,3.5,60.06006006006006,99.0,Charm,154
"Sports, Books and More",435.0,1000.0,4.1,56.49999999999999,35.0,Other,276
"Sports, Books and More",289.0,999.0,4.7,71.07107107107107,89.0,Other,461
"Sports, Books and More",1049.0,1999.0,4.1,47.52376188094047,49.0,Other,252
"Sports, Books and More",85000.0,122000.0,,30.327868852459016,0.0,Round,211
"Sports, Books and More",3299.0,5100.0,3.4,35.31372549019608,99.0,Charm,350
"Sports, Books and More",399.0,1299.0,3.8,69.28406466512702,99.0,Charm,153
"Sports, Books and More",799.0,1999.0,4.1,60.030015007503756,99.0,Charm,192
"Sports, Books and More",540.0,999.0,4.8,45.94594594594595,40.0,Other,229
"Sports, Books and More",249.0,450.0,4.0,44.666666666666664,49.0,Other,128
"Sports, Books and More",3199.0,5099.0,3.3,37.262208276132576,99.0,Charm,172
"Sports, Books and More",1049.0,2199.0,3.7,52.29649840836744,49.0,Other,318
"Sports, Books and More",399.0,1599.0,3.7,75.046904315197,99.0,Charm,153
"Sports, Books and More",3299.0,5500.0,3.8,40.018181818181816,99.0,Charm,473
"Sports, Books and More",799.0,2499.0,4.3,68.02721088435374,99.0,Charm,436
"Sports, Books and More",1049.0,1999.0,4.1,47.52376188094047,49.0,Other,316
"Sports, Books and More",699.0,1999.0,3.9,65.03251625812906,99.0,Charm,238
"Sports, Books and More",1630.0,3999.0,4.8,59.23980995248812,30.0,Other,256
"Sports, Books and More",3295.0,4495.0,4.2,26.696329254727473,95.0,Other,191
"Sports, Books and More",999.0,2499.0,4.1,60.024009603841534,99.0,Charm,89
"Sports, Books and More",599.0,1599.0,3.4,62.539086929330836,99.0,Charm,438
"Sports, Books and More",499.0,1599.0,3.7,68.79299562226392,99.0,Charm,331
"Sports, Books and More",499.0,999.0,3.7,50.050050050050054,99.0,Charm,291
"Sports, Books and More",999.0,1149.0,3.7,13.054830287206268,99.0,Charm,306
"Sports, Books and More",188.0,499.0,3.8,62.32464929859719,88.0,Other,489
"Sports, Books and More",5560.0,8500.0,2.0,34.588235294117645,60.0,Other,133
"Sports, Books and More",399.0,499.0,3.7,20.04008016032064,99.0,Charm,489
"Sports, Books and More",799.0,1999.0,4.0,60.030015007503756,99.0,Charm,53
"Sports, Books and More",389.0,1499.0,3.3,74.04936624416277,89.0,Other,228
"Sports, Books and More",5600.0,8500.0,2.0,34.11764705882353,0.0,Round,470
"Sports, Books and More",471.0,999.0,3.9,52.85285285285285,71.0,Other,390
"Sports, Books and More",799.0,1999.0,4.1,60.030015007503756,99.0,Charm,469
"Sports, Books and More",499.0,1200.0,3.4,58.416666666666664,99.0,Charm,111
"Sports, Books and More",1399.0,3300.0,5.0,57.6060606060606,99.0,Charm,168
"Sports, Books and More",257.0,1199.0,4.1,78.56547122602169,57.0,Other,483
"Sports, Books and More",174.0,495.0,4.4,64.84848484848484,74.0,Other,73
"Sports, Books and More",218.0,999.0,4.1,78.17817817817819,18.0,Other,273
"Sports, Books and More",161.0,599.0,4.0,73.12186978297161,61.0,Other,355
"Sports, Books and More",199.0,999.0,4.1,80.08008008008008,99.0,Charm,177
"Sports, Books and More",389.0,585.0,4.1,33.5042735042735,89.0,Other,471
"Sports, Books and More",174.0,699.0,4.5,75.10729613733905,74.0,Other,231
"Sports, Books and More",199.0,1199.0,4.1,83.40283569641367,99.0,Charm,248
"Sports, Books and More",299.0,799.0,4.1,62.57822277847309,99.0,Charm,107
"Sports, Books and More",250.0,750.0,3.0,66.66666666666666,50.0,Other,480
"Sports, Books and More",179.0,599.0,4.1,70.11686143572621,79.0,Other,459
"Sports, Books and More",385.0,999.0,4.1,61.46146146146146,85.0,Other,211
"Sports, Books and More",339.0,999.0,4.2,66.06606606606607,39.0,Other,249
"Sports, Books and More",298.0,999.0,5.0,70.17017017017017,98.0,Other,187
"Sports, Books and More",550.0,999.0,3.6,44.94494494494494,50.0,Other,83
"Sports, Books and More",240.0,821.0,3.9,70.7673568818514,40.0,Other,440
"Sports, Books and More",698.0,990.0,3.7,29.494949494949495,98.0,Other,82
"Sports, Books and More",298.0,700.0,5.0,57.42857142857143,98.0,Other,209
"Sports, Books and More",174.0,599.0,4.2,70.95158597662771,74.0,Other,340
"Sports, Books and More",240.0,999.0,4.1,75.97597597597597,40.0,Other,308
"Sports, Books and More",535.0,1999.0,3.8,73.23661830915458,35.0,Other,264
"Sports, Books and More",298.0,700.0,5.0,57.42857142857143,98.0,Other,250
"Sports, Books and More",430.0,499.0,4.3,13.827655310621243,30.0,Other,71
"Sports, Books and More",242.0,449.0,3.9,46.10244988864143,42.0,Other,153
"Sports, Books and More",179.0,299.0,4.0,40.13377926421405,79.0,Other,334
"Sports, Books and More",1149.0,2800.0,5.0,58.964285714285715,49.0,Other,259
"Sports, Books and More",199.0,399.0,4.1,50.125313283208015,99.0,Charm,461
"Sports, Books and More",347.0,1299.0,3.8,73.2871439568899,47.0,Other,89
"Sports, Books and More",425.0,799.0,3.7,46.808510638297875,25.0,Other,339
"Sports, Books and More",300.0,700.0,5.0,57.14285714285714,0.0,Round,227
"Sports, Books and More",299.0,1299.0,3.6,76.98229407236336,99.0,Charm,143
"Sports, Books and More",280.0,599.0,3.7,53.255425709515855,80.0,Other,324
"Sports, Books and More",499.0,1199.0,3.5,58.381984987489574,99.0,Charm,199
"Sports, Books and More",300.0,700.0,5.0,57.14285714285714,0.0,Round,381
"Sports, Books and More",359.0,999.0,4.5,64.06406406406407,59.0,Other,179
"Sports, Books and More",385.0,995.0,4.0,61.30653266331658,85.0,Other,474
"Sports, Books and More",199.0,999.0,3.9,80.08008008008008,99.0,Charm,272
"Sports, Books and More",298.0,700.0,5.0,57.42857142857143,98.0,Other,100
"Sports, Books and More",499.0,699.0,,28.612303290414882,99.0,Charm,311
"Sports, Books and More",689.0,1199.0,,42.53544620517097,89.0,Other,304
"Sports, Books and More",419.0,500.0,4.1,16.2,19.0,Other,381
"Sports, Books and More",819.0,1000.0,4.7,18.099999999999998,19.0,Other,474
"Sports, Books and More",299.0,450.0,4.3,33.55555555555556,99.0,Charm,123
"Sports, Books and More",499.0,999.0,3.4,50.050050050050054,99.0,Charm,143
"Sports, Books and More",368.0,1433.0,3.0,74.31960921144453,68.0,Other,315
"Sports, Books and More",355.0,699.0,,49.213161659513595,55.0,Other,61
"Sports, Books and More",549.0,799.0,3.4,31.289111389236545,49.0,Other,209
"Sports, Books and More",843.0,1197.0,4.3,29.57393483709273,43.0,Other,207
"Sports, Books and More",296.0,974.0,3.8,69.60985626283367,96.0,Other,309
"Sports, Books and More",249.0,499.0,,50.1002004008016,49.0,Other,202
"Sports, Books and More",399.0,999.0,3.8,60.06006006006006,99.0,Charm,288
"Sports, Books and More",119.0,399.0,3.8,70.17543859649122,19.0,Other,164
"Sports, Books and More",329.0,,2.5,,29.0,Other,418
"Sports, Books and More",639.0,1199.0,,46.705587989991656,39.0,Other,197
"Sports, Books and More",549.0,699.0,4.3,21.45922746781116,49.0,Other,53
"Sports, Books and More",499.0,998.0,3.1,50.0,99.0,Charm,287
"Sports, Books and More",348.0,499.0,4.0,30.26052104208417,48.0,Other,370
"Sports, Books and More",349.0,690.0,3.8,49.42028985507246,49.0,Other,480
"Sports, Books and More",429.0,599.0,3.5,28.380634390651082,29.0,Other,118
"Sports, Books and More",369.0,799.0,4.2,53.81727158948686,69.0,Other,244
"Sports, Books and More",150.0,200.0,3.3,25.0,50.0,Other,325
"Sports, Books and More",279.0,599.0,5.0,53.42237061769616,79.0,Other,440
"Sports, Books and More",499.0,599.0,3.6,16.69449081803005,99.0,Charm,97
"Sports, Books and More",369.0,799.0,3.9,53.81727158948686,69.0,Other,205
"Sports, Books and More",399.0,999.0,3.5,60.06006006006006,99.0,Charm,344
"Sports, Books and More",169.0,399.0,3.5,57.64411027568922,69.0,Other,278
"Sports, Books and More",199.0,499.0,4.0,60.120240480961925,99.0,Charm,297
"Sports, Books and More",1568.0,2000.0,3.0,21.6,68.0,Other,278
"Sports, Books and More",219.0,279.0,3.7,21.50537634408602,19.0,Other,59
"Sports, Books and More",299.0,500.0,4.7,40.2,99.0,Charm,93
"Sports, Books and More",800.0,899.0,4.1,11.012235817575084,0.0,Round,448
"Sports, Books and More",399.0,599.0,3.2,33.3889816360601,99.0,Charm,483
"Sports, Books and More",369.0,699.0,3.5,47.21030042918455,69.0,Other,290
"Sports, Books and More",449.0,666.0,4.2,32.58258258258258,49.0,Other,144
"Sports, Books and More",550.0,1199.0,4.9,54.12844036697248,50.0,Other,182
"Sports, Books and More",249.0,399.0,3.1,37.59398496240601,49.0,Other,295
"Sports, Books and More",,,,,,Other,329
"Sports, Books and More",199.0,499.0,3.8,60.120240480961925,99.0,Charm,126
"Sports, Books and More",9024.0,25500.0,4.4,64.61176470588235,24.0,Other,348
"Sports, Books and More",1199.0,7990.0,4.4,84.99374217772215,99.0,Charm,338
"Sports, Books and More",125.0,199.0,3.6,37.185929648241206,25.0,Other,129
"Sports, Books and More",198.0,499.0,3.6,60.320641282565134,98.0,Other,385
"Sports, Books and More",180.0,349.0,3.4,48.42406876790831,80.0,Other,344
"Sports, Books and More",279.0,499.0,3.7,44.08817635270541,79.0,Other,226
"Sports, Books and More",165.0,299.0,3.6,44.81605351170568,65.0,Other,427
"Sports, Books and More",878.0,1909.0,3.7,54.007333682556315,78.0,Other,279
"Sports, Books and More",209.0,799.0,3.6,73.84230287859825,9.0,Other,404
"Sports, Books and More",244.0,1000.0,3.5,75.6,44.0,Other,302
"Sports, Books and More",400.0,999.0,3.5,59.95995995995996,0.0,Round,373
"Sports, Books and More",970.0,1499.0,4.1,35.2901934623082,70.0,Other,63
"Sports, Books and More",499.0,1999.0,3.5,75.03751875937968,99.0,Charm,420
"Sports, Books and More",999.0,2499.0,3.9,60.024009603841534,99.0,Charm,109
"Sports, Books and More",296.0,999.0,3.9,70.37037037037037,96.0,Other,397
"Sports, Books and More",1199.0,7990.0,4.6,84.99374217772215,99.0,Charm,225
"Sports, Books and More",585.0,975.0,4.1,40.0,85.0,Other,353
"Sports, Books and More",249.0,499.0,3.7,50.1002004008016,49.0,Other,319
"Sports, Books and More",700.0,1199.0,4.1,41.618015012510426,0.0,Round,189
"Sports, Books and More",389.0,899.0,3.4,56.729699666295886,89.0,Other,382
"Sports, Books and More",493.0,766.0,3.9,35.639686684073105,93.0,Other,174
"Sports, Books and More",145.0,599.0,4.2,75.79298831385643,45.0,Other,470
"Sports, Books and More",584.0,999.0,3.6,41.54154154154154,84.0,Other,421
"Sports, Books and More",4193.0,35693.0,4.4,88.25259854873505,93.0,Other,489
"Sports, Books and More",390.0,399.0,3.4,2.2556390977443606,90.0,Other,440
"Sports, Books and More",190.0,749.0,3.4,74.6328437917223,90.0,Other,237
"Sports, Books and More",125.0,399.0,4.7,68.67167919799499,25.0,Other,168
"Sports, Books and More",4792.0,40792.0,4.4,88.25259854873505,92.0,Other,356
"Sports, Books and More",427.0,1699.0,3.9,74.86756915832842,27.0,Other,187
"Sports, Books and More",405.0,1499.0,3.6,72.98198799199467,5.0,Other,463
"Sports, Books and More",495.0,500.0,4.0,1.0,95.0,Other,286
"Sports, Books and More",2485.0,5399.0,4.5,53.97295795517688,85.0,Other,211
"Sports, Books and More",899.0,3799.0,2.8,76.33587786259542,99.0,Charm,99
"Sports, Books and More",395.0,999.0,3.5,60.46046046046046,95.0,Other,413
"Sports, Books and More",999.0,2499.0,4.1,60.024009603841534,99.0,Charm,287
"Sports, Books and More",249.0,499.0,3.9,50.1002004008016,49.0,Other,213
"Sports, Books and More",1199.0,1899.0,4.1,36.86150605581886,99.0,Charm,325
"Sports, Books and More",187.0,1099.0,3.9,82.98453139217472,87.0,Other,178
"Sports, Books and More",899.0,2900.0,4.8,69.0,99.0,Charm,70
"Sports, Books and More",289.0,600.0,3.6,51.83333333333333,89.0,Other,78
"Sports, Books and More",255.0,300.0,3.8,15.0,55.0,Other,457
"Sports, Books and More",210.0,300.0,4.0,30.0,10.0,Other,364
"Sports, Books and More",147.0,245.0,4.1,40.0,47.0,Other,121
"Sports, Books and More",249.0,330.0,3.8,24.545454545454547,49.0,Other,118
"Sports, Books and More",147.0,245.0,4.1,40.0,47.0,Other,162
"Sports, Books and More",150.0,,4.1,,50.0,Other,388
"Sports, Books and More",108.0,180.0,4.1,40.0,8.0,Other,200
"Sports, Books and More",299.0,499.0,3.6,40.08016032064128,99.0,Charm,121
"Sports, Books and More",180.0,240.0,4.2,25.0,80.0,Other,230
"Sports, Books and More",187.0,250.0,3.9,25.2,87.0,Other,331
"Sports, Books and More",150.0,200.0,4.1,25.0,50.0,Other,130
"Sports, Books and More",318.0,424.0,4.0,25.0,18.0,Other,89
"Sports, Books and More",449.0,660.0,4.0,31.96969696969697,49.0,Other,327
"Sports, Books and More",98.0,250.0,4.0,60.8,98.0,Other,202
"Sports, Books and More",116.0,199.0,4.1,41.70854271356784,16.0,Other,427
"Sports, Books and More",370.0,500.0,3.0,26.0,70.0,Other,123
"Sports, Books and More",374.0,499.0,3.9,25.0501002004008,74.0,Other,417
"Sports, Books and More",150.0,,3.9,,50.0,Other,219
"Sports, Books and More",150.0,,4.0,,50.0,Other,344
"Sports, Books and More",452.0,998.0,3.9,54.70941883767535,52.0,Other,335
"Sports, Books and More",150.0,,4.1,,50.0,Other,386
"Sports, Books and More",374.0,499.0,3.7,25.0501002004008,74.0,Other,231
"Sports, Books and More",551.0,735.0,4.1,25.03401360544218,51.0,Other,386
"Sports, Books and More",375.0,399.0,3.8,6.015037593984962,75.0,Other,358
"Sports, Books and More",330.0,440.0,4.1,25.0,30.0,Other,494
"Sports, Books and More",175.0,300.0,4.0,41.66666666666667,75.0,Other,112
"Sports, Books and More",160.0,200.0,3.9,20.0,60.0,Other,455
"Sports, Books and More",255.0,300.0,3.4,15.0,55.0,Other,339
"Sports, Books and More",369.0,399.0,3.8,7.518796992481203,69.0,Other,161
"Sports, Books and More",144.0,398.0,4.2,63.81909547738693,44.0,Other,440
"Sports, Books and More",120.0,160.0,4.0,25.0,20.0,Other,246
"Sports, Books and More",610.0,1220.0,4.3,50.0,10.0,Other,72
"Sports, Books and More",299.0,499.0,4.9,40.08016032064128,99.0,Charm,363
"Sports, Books and More",99.0,250.0,3.9,60.4,99.0,Charm,307
"Sports, Books and More",580.0,699.0,3.9,17.02432045779685,80.0,Other,260
"Sports, Books and More",820.0,,4.2,,20.0,Other,425
"Sports, Books and More",365.0,880.0,4.0,58.52272727272727,65.0,Other,371
"Sports, Books and More",499.0,800.0,4.1,37.625,99.0,Charm,149
"Sports, Books and More",125.0,199.0,4.0,37.185929648241206,25.0,Other,324
"Sports, Books and More",559.0,699.0,4.0,20.028612303290416,59.0,Other,282
"Sports, Books and More",539.0,2000.0,3.6,73.05,39.0,Other,334
"Sports, Books and More",404.0,1000.0,3.9,59.599999999999994,4.0,Other,187
"Sports, Books and More",275.0,645.0,4.0,57.36434108527132,75.0,Other,240
"Sports, Books and More",205.0,299.0,4.1,31.438127090301005,5.0,Other,172
"Sports, Books and More",214.0,388.0,4.0,44.84536082474227,14.0,Other,361
"Sports, Books and More",179.0,350.0,4.0,48.857142857142854,79.0,Other,95
"Sports, Books and More",205.0,700.0,4.1,70.71428571428572,5.0,Other,355
"Sports, Books and More",341.0,550.0,3.7,38.0,41.0,Other,338
"Sports, Books and More",249.0,436.0,4.0,42.88990825688073,49.0,Other,384
"Sports, Books and More",179.0,500.0,4.0,64.2,79.0,Other,375
"Sports, Books and More",210.0,488.0,4.1,56.9672131147541,10.0,Other,427
"Sports, Books and More",494.0,1300.0,4.6,62.0,94.0,Other,235
"Sports, Books and More",210.0,416.0,4.0,49.519230769230774,10.0,Other,442
"Sports, Books and More",212.0,448.0,3.9,52.67857142857143,12.0,Other,130
"Sports, Books and More",288.0,650.0,4.1,55.69230769230769,88.0,Other,82
"Sports, Books and More",285.0,379.0,3.9,24.80211081794195,85.0,Other,79
"Sports, Books and More",220.0,450.0,4.0,51.11111111111111,20.0,Other,408
"Sports, Books and More",235.0,412.0,4.0,42.961165048543684,35.0,Other,229
"Sports, Books and More",299.0,429.0,4.0,30.303030303030305,99.0,Charm,484
"Sports, Books and More",422.0,550.0,3.7,23.272727272727273,22.0,Other,229
"Sports, Books and More",250.0,465.0,3.8,46.236559139784944,50.0,Other,296
"Sports, Books and More",223.0,299.0,3.9,25.418060200668897,23.0,Other,125
"Sports, Books and More",223.0,499.0,3.8,55.31062124248497,23.0,Other,133
"Sports, Books and More",261.0,499.0,4.1,47.69539078156313,61.0,Other,498
"Sports, Books and More",199.0,549.0,4.3,63.752276867030965,99.0,Charm,219
"Sports, Books and More",219.0,568.0,4.1,61.443661971830984,19.0,Other,93
"Sports, Books and More",879.0,4180.0,4.6,78.97129186602871,79.0,Other,264
"Sports, Books and More",220.0,552.0,4.0,60.14492753623188,20.0,Other,102
"Sports, Books and More",220.0,490.0,4.0,55.10204081632652,20.0,Other,256
"Sports, Books and More",289.0,599.0,4.0,51.75292153589316,89.0,Other,354
"Sports, Books and More",300.0,,3.9,,0.0,Round,418
"Sports, Books and More",210.0,588.0,4.0,64.28571428571429,10.0,Other,66
"Sports, Books and More",224.0,750.0,4.8,70.13333333333334,24.0,Other,103
"Sports, Books and More",220.0,398.0,4.0,44.72361809045226,20.0,Other,68
"Sports, Books and More",220.0,450.0,3.7,51.11111111111111,20.0,Other,206
"Sports, Books and More",215.0,376.0,3.9,42.819148936170215,15.0,Other,133
"Sports, Books and More",223.0,499.0,4.0,55.31062124248497,23.0,Other,171
"Sports, Books and More",210.0,588.0,4.0,64.28571428571429,10.0,Other,254
"Sports, Books and More",627.0,1249.0,4.6,49.79983987189752,27.0,Other,316
"Sports, Books and More",223.0,499.0,3.7,55.31062124248497,23.0,Other,69
"Sports, Books and More",55990.0,,4.8,,90.0,Other,212
"Sports, Books and More",639.0,1600.0,3.5,60.0625,39.0,Other,432
"Sports, Books and More",607.0,1499.0,3.7,59.506337558372245,7.0,Other,461
"Sports, Books and More",899.0,1499.0,3.5,40.0266844563042,99.0,Charm,498
"Sports, Books and More",634.0,1999.0,3.5,68.28414207103552,34.0,Other,450
"Sports, Books and More",31500.0,35324.0,4.6,10.82550107575586,0.0,Round,194
"Sports, Books and More",32990.0,37990.0,4.1,13.161358252171624,90.0,Other,237
"Sports, Books and More",641.0,2299.0,4.0,72.11831230969987,41.0,Other,169
"Sports, Books and More",639.0,1600.0,4.1,60.0625,39.0,Other,203
"Sports, Books and More",2799.0,3999.0,5.0,30.00750187546887,99.0,Charm,195
"Sports, Books and More",2799.0,3999.0,3.2,30.00750187546887,99.0,Charm,284
"Sports, Books and More",1299.0,1999.0,4.9,35.01750875437719,99.0,Charm,428
"Sports, Books and More",899.0,1499.0,3.5,40.0266844563042,99.0,Charm,136
"Sports, Books and More",711.0,1999.0,3.4,64.43221610805404,11.0,Other,196
"Sports, Books and More",714.0,1499.0,3.4,52.368245496998,14.0,Other,347
"Sports, Books and More",2799.0,3999.0,3.7,30.00750187546887,99.0,Charm,428
"Sports, Books and More",599.0,799.0,3.8,25.03128911138924,99.0,Charm,178
"Sports, Books and More",899.0,1499.0,3.5,40.0266844563042,99.0,Charm,167
"Sports, Books and More",1299.0,1999.0,4.5,35.01750875437719,99.0,Charm,333
"Sports, Books and More",255.0,999.0,3.5,74.47447447447448,55.0,Other,307
"Sports, Books and More",587.0,1999.0,3.1,70.63531765882941,87.0,Other,453
"Sports, Books and More",635.0,1999.0,3.4,68.23411705852926,35.0,Other,125
"Sports, Books and More",1199.0,1999.0,2.8,40.0200100050025,99.0,Charm,338
"Sports, Books and More",2989.0,4999.0,3.1,40.208041608321665,89.0,Other,221
"Sports, Books and More",799.0,1999.0,4.3,60.030015007503756,99.0,Charm,200
"Sports, Books and More",749.0,4999.0,4.1,85.01700340068014,49.0,Other,159
"Sports, Books and More",899.0,1499.0,3.3,40.0266844563042,99.0,Charm,300
"Sports, Books and More",27990.0,39990.0,4.4,30.00750187546887,90.0,Other,214
"Sports, Books and More",586.0,999.0,3.6,41.34134134134134,86.0,Other,442
"Sports, Books and More",1299.0,2999.0,3.1,56.68556185395131,99.0,Charm,273
"Sports, Books and More",2799.0,3999.0,3.3,30.00750187546887,99.0,Charm,402
"Sports, Books and More",2799.0,3999.0,3.3,30.00750187546887,99.0,Charm,161
"Sports, Books and More",999.0,2999.0,3.5,66.68889629876625,99.0,Charm,411
"Sports, Books and More",749.0,4999.0,3.2,85.01700340068014,49.0,Other,207
"Sports, Books and More",899.0,1499.0,3.8,40.0266844563042,99.0,Charm,243
"Sports, Books and More",1049.0,2199.0,3.2,52.29649840836744,49.0,Other,112
"Sports, Books and More",30500.0,34990.0,4.5,12.832237782223494,0.0,Round,201
"Sports, Books and More",32990.0,34990.0,4.7,5.715918833952558,90.0,Other,211
"Sports, Books and More",899.0,1699.0,3.7,47.086521483225425,99.0,Charm,404
"Sports, Books and More",1619.0,2199.0,3.3,26.3756252842201,19.0,Other,268
"Sports, Books and More",19499.0,54999.0,4.2,64.54662812051129,99.0,Charm,376
"Sports, Books and More",890.0,3499.0,4.8,74.56416118891111,90.0,Other,334
"Sports, Books and More",274.0,499.0,4.2,45.09018036072144,74.0,Other,56
"Sports, Books and More",11999.0,25000.0,4.4,52.004,99.0,Charm,208
"Sports, Books and More",442.0,2499.0,4.1,82.31292517006803,42.0,Other,57
"Sports, Books and More",185.0,999.0,4.4,81.48148148148148,85.0,Other,359
"Sports, Books and More",219.0,799.0,3.6,72.5907384230288,19.0,Other,445
"Sports, Books and More",499.0,799.0,4.8,37.546933667083856,99.0,Charm,291
"Sports, Books and More",259.0,599.0,4.3,56.761268781302164,59.0,Other,63
"Sports, Books and More",284.0,800.0,4.1,64.5,84.0,Other,177
"Sports, Books and More",199.0,399.0,3.7,50.125313283208015,99.0,Charm,464
"Sports, Books and More",799.0,1999.0,4.8,60.030015007503756,99.0,Charm,301
"Sports, Books and More",699.0,1490.0,4.2,53.08724832214765,99.0,Charm,481
"Sports, Books and More",199.0,499.0,4.3,60.120240480961925,99.0,Charm,155
"Sports, Books and More",349.0,1788.0,3.7,80.48098434004474,49.0,Other,390
"Sports, Books and More",740.0,2999.0,4.4,75.32510836945649,40.0,Other,113
"Sports, Books and More",239.0,399.0,4.0,40.100250626566414,39.0,Other,276
"Sports, Books and More",849.0,2299.0,4.2,63.07090039147455,49.0,Other,248
"Sports, Books and More",144.0,399.0,4.5,63.90977443609023,44.0,Other,183
"Sports, Books and More",899.0,1699.0,3.9,47.086521483225425,99.0,Charm,448
"Sports, Books and More",143.0,499.0,4.1,71.34268537074149,43.0,Other,113
"Sports, Books and More",999.0,2480.0,4.1,59.71774193548387,99.0,Charm,104
"Sports, Books and More",899.0,2999.0,3.8,70.02334111370457,99.0,Charm,416
"Sports, Books and More",299.0,1999.0,4.0,85.04252126063031,99.0,Charm,357
"Sports, Books and More",153.0,339.0,4.4,54.86725663716814,53.0,Other,169
"Sports, Books and More",270.0,699.0,4.5,61.37339055793991,70.0,Other,331
"Sports, Books and More",161.0,339.0,4.4,52.50737463126843,61.0,Other,168
"Sports, Books and More",850.0,1199.0,4.3,29.107589658048372,50.0,Other,160
"Sports, Books and More",7499.0,13000.0,4.0,42.315384615384616,99.0,Charm,174
"Sports, Books and More",129.0,549.0,4.5,76.50273224043715,29.0,Other,113
"Sports, Books and More",499.0,990.0,4.8,49.59595959595959,99.0,Charm,279
"Sports, Books and More",449.0,1199.0,4.8,62.55212677231026,49.0,Other,57
"Sports, Books and More",1699.0,1799.0,4.4,5.558643690939411,99.0,Charm,430
"Sports, Books and More",199.0,450.0,4.4,55.77777777777778,99.0,Charm,253
"Sports, Books and More",3499.0,5999.0,3.5,41.67361226871145,99.0,Charm,293
"Sports, Books and More",1200.0,1499.0,4.3,19.946631087391594,0.0,Round,236
"Sports, Books and More",1999.0,4999.0,4.7,60.01200240048009,99.0,Charm,314
"Sports, Books and More",495.0,520.0,3.5,4.807692307692308,95.0,Other,456
"Sports, Books and More",1495.0,1995.0,4.6,25.062656641604008,95.0,Other,452
"Sports, Books and More",1618.0,2299.0,4.3,29.62157459765115,18.0,Other,437
"Sports, Books and More",1499.0,9999.0,3.9,85.00850085008501,99.0,Charm,375
"Sports, Books and More",1499.0,9999.0,4.1,85.00850085008501,99.0,Charm,251
"Sports, Books and More",999.0,1599.0,2.0,37.5234521575985,99.0,Charm,435
"Sports, Books and More",999.0,2499.0,3.0,60.024009603841534,99.0,Charm,448
"Sports, Books and More",349.0,999.0,3.4,65.06506506506507,49.0,Other,460
"Sports, Books and More",547.0,1500.0,3.7,63.53333333333333,47.0,Other,307
"Sports, Books and More",999.0,2499.0,4.1,60.024009603841534,99.0,Charm,80
"Sports, Books and More",189.0,990.0,3.2,80.9090909090909,89.0,Other,177
"Sports, Books and More",770.0,999.0,4.0,22.922922922922922,70.0,Other,99
"Sports, Books and More",589.0,1499.0,3.7,60.70713809206138,89.0,Other,447
"Sports, Books and More",799.0,1699.0,4.1,52.97233666862861,99.0,Charm,190
"Sports, Books and More",999.0,3299.0,4.1,69.71809639284632,99.0,Charm,477
"Sports, Books and More",595.0,1999.0,3.8,70.2351175587794,95.0,Other,433
"Sports, Books and More",599.0,2999.0,2.8,80.02667555851951,99.0,Charm,386
"Sports, Books and More",799.0,1499.0,4.1,46.6977985323549,99.0,Charm,70
"Sports, Books and More",649.0,1999.0,3.5,67.53376688344173,49.0,Other,339
"Sports, Books and More",999.0,2499.0,4.1,60.024009603841534,99.0,Charm,466
"Sports, Books and More",1499.0,1599.0,4.1,6.2539086929330825,99.0,Charm,305
"Sports, Books and More",999.0,2999.0,3.0,66.68889629876625,99.0,Charm,284
"Sports, Books and More",599.0,1999.0,4.7,70.03501750875438,99.0,Charm,402
"Sports, Books and More",589.0,1999.0,3.2,70.53526763381691,89.0,Other,248
"Sports, Books and More",999.0,2499.0,4.1,60.024009603841534,99.0,Charm,489
"Sports, Books and More",597.0,999.0,3.5,40.24024024024024,97.0,Other,133
"Sports, Books and More",598.0,1999.0,3.5,70.08504252126063,98.0,Other,216
"Sports, Books and More",589.0,1999.0,3.8,70.53526763381691,89.0,Other,90
"Sports, Books and More",599.0,1299.0,3.7,53.88760585065435,99.0,Charm,444
"Sports, Books and More",799.0,1699.0,3.6,52.97233666862861,99.0,Charm,278
"Sports, Books and More",19900.0,21900.0,4.5,9.1324200913242,0.0,Round,168
"Sports, Books and More",799.0,1499.0,4.1,46.6977985323549,99.0,Charm,359
"Sports, Books and More",599.0,999.0,3.3,40.04004004004004,99.0,Charm,132
"Sports, Books and More",369.0,950.0,3.3,61.1578947368421,69.0,Other,321
"Sports, Books and More",799.0,1499.0,2.3,46.6977985323549,99.0,Charm,318
"Sports, Books and More",1999.0,2999.0,4.1,33.344448149383126,99.0,Charm,369
"Sports, Books and More",1498.0,4999.0,2.1,70.03400680136028,98.0,Other,135
"Sports, Books and More",799.0,1468.0,3.0,45.572207084468666,99.0,Charm,291
"Sports, Books and More",999.0,1599.0,4.1,37.5234521575985,99.0,Charm,156
"Sports, Books and More",625.0,999.0,4.0,37.43743743743744,25.0,Other,88
"Sports, Books and More",189.0,990.0,3.1,80.9090909090909,89.0,Other,301
"Sports, Books and More",999.0,1999.0,4.1,50.025012506253134,99.0,Charm,274
"Sports, Books and More",799.0,1499.0,4.1,46.6977985323549,99.0,Charm,310
Electronics,2099.0,,4.0,,99.0,Charm,272
Electronics,219.0,499.0,4.0,56.1122244488978,19.0,Other,174
Electronics,299.0,999.0,4.1,70.07007007007007,99.0,Charm,96
Electronics,299.0,999.0,4.3,70.07007007007007,99.0,Charm,452
Electronics,299.0,999.0,4.2,70.07007007007007,99.0,Charm,101
Electronics,215.0,999.0,4.5,78.47847847847848,15.0,Other,299
Electronics,299.0,999.0,3.6,70.07007007007007,99.0,Charm,291
Electronics,189.0,599.0,4.3,68.44741235392321,89.0,Other,220
Electronics,239.0,999.0,5.0,76.07607607607608,39.0,Other,57
Electronics,299.0,999.0,4.7,70.07007007007007,99.0,Charm,250
Electronics,199.0,999.0,4.2,80.08008008008008,99.0,Charm,479
Electronics,199.0,599.0,3.9,66.7779632721202,99.0,Charm,330
Electronics,206.0,799.0,4.2,74.21777221526908,6.0,Other,243
Electronics,299.0,999.0,4.4,70.07007007007007,99.0,Charm,121
Electronics,299.0,999.0,4.2,70.07007007007007,99.0,Charm,73
Electronics,299.0,999.0,4.3,70.07007007007007,99.0,Charm,498
Electronics,299.0,999.0,5.0,70.07007007007007,99.0,Charm,204
Electronics,239.0,999.0,4.2,76.07607607607608,39.0,Other,228
Electronics,149.0,499.0,4.4,70.14028056112225,49.0,Other,330
Electronics,219.0,999.0,4.0,78.07807807807808,19.0,Other,66
Electronics,149.0,399.0,4.3,62.65664160401002,49.0,Other,157
Electronics,299.0,999.0,4.4,70.07007007007007,99.0,Charm,123
Electronics,295.0,1199.0,4.3,75.39616346955796,95.0,Other,426
Electronics,288.0,1299.0,4.3,77.82909930715935,88.0,Other,121
Electronics,239.0,999.0,4.0,76.07607607607608,39.0,Other,137
Electronics,295.0,1199.0,4.4,75.39616346955796,95.0,Other,360
Electronics,249.0,999.0,4.1,75.07507507507508,49.0,Other,196
Electronics,239.0,999.0,4.4,76.07607607607608,39.0,Other,378
Electronics,239.0,999.0,4.4,76.07607607607608,39.0,Other,115
Electronics,239.0,999.0,4.4,76.07607607607608,39.0,Other,221
Electronics,239.0,999.0,4.5,76.07607607607608,39.0,Other,207
Electronics,199.0,599.0,4.8,66.7779632721202,99.0,Charm,351
Electronics,199.0,999.0,4.2,80.08008008008008,99.0,Charm,139
Electronics,259.0,699.0,4.2,62.94706723891274,59.0,Other,351
Electronics,149.0,499.0,4.2,70.14028056112225,49.0,Other,323
Electronics,499.0,999.0,3.9,50.050050050050054,99.0,Charm,277
Electronics,206.0,799.0,4.1,74.21777221526908,6.0,Other,84
Electronics,212.0,999.0,4.2,78.77877877877879,12.0,Other,281
Electronics,213.0,999.0,4.2,78.67867867867868,13.0,Other,103
Electronics,1099.0,1499.0,4.2,26.684456304202804,99.0,Charm,63
Electronics,399.0,999.0,4.3,60.06006006006006,99.0,Charm,55
Electronics,599.0,1490.0,4.3,59.79865771812081,99.0,Charm,402
Electronics,431.0,2499.0,4.1,82.75310124049619,31.0,Other,454
Electronics,1999.0,2299.0,4.2,13.049151805132666,99.0,Charm,405
Electronics,1999.0,3999.0,4.3,50.01250312578145,99.0,Charm,496
Electronics,1499.0,1999.0,3.8,25.012506253126567,99.0,Charm,159
Electronics,759.0,1999.0,3.4,62.03101550775387,59.0,Other,176
Electronics,1199.0,2199.0,4.3,45.47521600727604,99.0,Charm,322
Electronics,1149.0,2199.0,4.3,47.748976807639835,49.0,Other,449
Electronics,2049.0,2199.0,4.3,6.8212824010914055,49.0,Other,88
Electronics,1599.0,1699.0,4.3,5.885815185403178,99.0,Charm,439
Electronics,849.0,1799.0,4.1,52.80711506392441,49.0,Other,52
Electronics,569.0,1499.0,3.2,62.04136090727152,69.0,Other,281
Electronics,1549.0,2499.0,4.1,38.015206082432975,49.0,Other,59
Electronics,1549.0,2499.0,4.1,38.015206082432975,49.0,Other,228
Electronics,1099.0,1999.0,4.2,45.02251125562781,99.0,Charm,183
Electronics,999.0,2999.0,3.9,66.68889629876625,99.0,Charm,121
Electronics,1099.0,1999.0,4.2,45.02251125562781,99.0,Charm,400
Electronics,1549.0,2499.0,4.1,38.015206082432975,49.0,Other,162
Electronics,1948.0,2999.0,4.3,35.045015005001666,48.0,Other,268
Electronics,599.0,1499.0,4.7,60.04002668445631,99.0,Charm,306
Electronics,1948.0,1999.0,4.3,2.5512756378189096,48.0,Other,175
Electronics,566.0,1999.0,3.3,71.68584292146073,66.0,Other,434
Electronics,534.0,1999.0,4.5,73.28664332166083,34.0,Other,471
Electronics,1234.0,1999.0,3.8,38.26913456728364,34.0,Other,432
Electronics,3299.0,4999.0,4.3,34.00680136027206,99.0,Charm,373
Electronics,1799.0,3999.0,4.2,55.01375343835959,99.0,Charm,265
Electronics,1800.0,3999.0,4.2,54.988747186796694,0.0,Round,136
Electronics,854.0,1999.0,3.7,57.27863931965983,54.0,Other,244
Electronics,597.0,1399.0,3.5,57.32666190135811,97.0,Other,115
Electronics,999.0,1499.0,4.2,33.3555703802535,99.0,Charm,266
Electronics,899.0,1499.0,4.2,40.0266844563042,99.0,Charm,136
Electronics,2184.0,3999.0,3.4,45.38634658664667,84.0,Other,107
Electronics,1399.0,3199.0,4.0,56.267583619881215,99.0,Charm,355
Electronics,599.0,2499.0,3.2,76.03041216486595,99.0,Charm,488
Electronics,1299.0,2499.0,4.0,48.019207683073226,99.0,Charm,479
Electronics,599.0,1499.0,4.7,60.04002668445631,99.0,Charm,318
Electronics,999.0,1599.0,4.2,37.5234521575985,99.0,Charm,325
Electronics,999.0,1599.0,4.2,37.5234521575985,99.0,Charm,207
Electronics,1099.0,2499.0,4.1,56.022408963585434,99.0,Charm,362
Electronics,1599.0,3490.0,4.0,54.183381088825215,99.0,Charm,65
Electronics,569.0,1999.0,3.3,71.53576788394197,69.0,Other,489
Electronics,817.0,1999.0,3.7,59.1295647823912,17.0,Other,238
Electronics,1099.0,2499.0,4.1,56.022408963585434,99.0,Charm,52
Electronics,835.0,1999.0,3.8,58.229114557278635,35.0,Other,334
Electronics,509.0,1499.0,3.9,66.04402935290193,9.0,Other,237
Electronics,199.0,599.0,4.3,66.7779632721202,99.0,Charm,185
Electronics,299.0,899.0,4.8,66.74082313681868,99.0,Charm,468
Electronics,299.0,499.0,3.6,40.08016032064128,99.0,Charm,305
Electronics,149.0,599.0,4.0,75.12520868113522,49.0,Other,293
Electronics,999.0,2899.0,4.6,65.53984132459469,99.0,Charm,348
Electronics,229.0,999.0,4.3,77.07707707707708,29.0,Other,497
Electronics,239.0,999.0,4.5,76.07607607607608,39.0,Other,485
Electronics,299.0,599.0,3.8,50.08347245409015,99.0,Charm,82
Electronics,295.0,745.0,3.7,60.40268456375839,95.0,Other,387
Electronics,298.0,999.0,5.0,70.17017017017017,98.0,Other,67
Electronics,239.0,999.0,3.9,76.07607607607608,39.0,Other,481
Electronics,299.0,599.0,4.2,50.08347245409015,99.0,Charm,148
Electronics,229.0,999.0,3.6,77.07707707707708,29.0,Other,123
Electronics,179.0,999.0,3.7,82.08208208208208,79.0,Other,488
Electronics,260.0,999.0,3.4,73.97397397397397,60.0,Other,78
Electronics,295.0,799.0,4.1,63.07884856070088,95.0,Other,187
Electronics,299.0,799.0,4.3,62.57822277847309,99.0,Charm,273
Electronics,319.0,999.0,4.6,68.06806806806807,19.0,Other,157
Electronics,229.0,999.0,3.9,77.07707707707708,29.0,Other,211
Electronics,269.0,999.0,4.8,73.07307307307308,69.0,Other,61
Electronics,299.0,799.0,4.2,62.57822277847309,99.0,Charm,56
Electronics,999.0,2899.0,4.6,65.53984132459469,99.0,Charm,443
Electronics,159.0,599.0,3.7,73.45575959933221,59.0,Other,351
Electronics,399.0,999.0,4.3,60.06006006006006,99.0,Charm,265
Electronics,289.0,999.0,4.5,71.07107107107107,89.0,Other,464
Electronics,284.0,799.0,4.1,64.4555694618273,84.0,Other,109
Electronics,188.0,999.0,4.1,81.18118118118119,88.0,Other,487
Electronics,199.0,499.0,3.9,60.120240480961925,99.0,Charm,218
Electronics,229.0,999.0,3.4,77.07707707707708,29.0,Other,404
Electronics,149.0,499.0,3.8,70.14028056112225,49.0,Other,181
Electronics,,,,,,Other,344
Electronics,284.0,799.0,4.1,64.4555694618273,84.0,Other,350
Electronics,149.0,599.0,3.9,75.12520868113522,49.0,Other,264
Electronics,149.0,699.0,3.8,78.6838340486409,49.0,Other,328
Electronics,159.0,599.0,3.5,73.45575959933221,59.0,Other,426
Electronics,149.0,699.0,3.8,78.6838340486409,49.0,Other,275
Electronics,199.0,999.0,3.7,80.08008008008008,99.0,Charm,309
Electronics,231.0,699.0,3.8,66.95278969957081,31.0,Other,141
Electronics,269.0,999.0,3.7,73.07307307307308,69.0,Other,182
Electronics,369.0,1377.0,4.2,73.20261437908496,69.0,Other,465
Electronics,519.0,1000.0,4.2,48.1,19.0,Other,448
Electronics,549.0,1899.0,4.4,71.09004739336493,49.0,Other,477
Electronics,979.0,1800.0,4.2,45.611111111111114,79.0,Other,405
Electronics,369.0,625.0,4.3,40.96,69.0,Other,211
Electronics,1059.0,3999.0,4.4,73.51837959489872,59.0,Other,101
Electronics,519.0,1250.0,4.3,58.48,19.0,Other,279
Electronics,395.0,699.0,4.3,43.490701001430615,95.0,Other,410
Electronics,2099.0,10999.0,4.4,80.9164469497227,99.0,Charm,300
Electronics,739.0,1600.0,4.5,53.8125,39.0,Other,118
Electronics,504.0,675.0,4.3,25.333333333333336,4.0,Other,198
Electronics,3699.0,7200.0,4.4,48.625,99.0,Charm,211
Electronics,959.0,2500.0,4.3,61.63999999999999,59.0,Other,164
Electronics,2129.0,3500.0,4.4,39.17142857142857,29.0,Other,407
Electronics,329.0,600.0,4.2,45.166666666666664,29.0,Other,187
Electronics,1319.0,2900.0,4.5,54.51724137931034,19.0,Other,143
Electronics,642.0,800.0,4.4,19.75,42.0,Other,449
Electronics,2549.0,5600.0,4.3,54.482142857142854,49.0,Other,150
Electronics,452.0,800.0,4.4,43.5,52.0,Other,371
Electronics,649.0,1300.0,4.2,50.07692307692307,49.0,Other,449
Electronics,439.0,899.0,3.9,51.16796440489433,39.0,Other,376
Electronics,319.0,999.0,3.9,68.06806806806807,19.0,Other,350
Electronics,5079.0,12000.0,4.3,57.675,79.0,Other,71
Electronics,395.0,699.0,4.1,43.490701001430615,95.0,Other,406
Electronics,599.0,999.0,4.3,40.04004004004004,99.0,Charm,428
Electronics,799.0,1700.0,4.2,53.0,99.0,Charm,192
Electronics,4349.0,22999.0,4.4,81.09048219487804,49.0,Other,270
Electronics,559.0,899.0,4.0,37.81979977753059,59.0,Other,400
Electronics,299.0,399.0,4.1,25.062656641604008,99.0,Charm,472
Electronics,849.0,1599.0,4.2,46.90431519699813,49.0,Other,52
Electronics,494.0,700.0,4.3,29.428571428571427,94.0,Other,339
Electronics,525.0,899.0,4.2,41.601779755283644,25.0,Other,400
Electronics,420.0,889.0,4.9,52.75590551181102,20.0,Other,254
Electronics,799.0,999.0,4.3,20.02002002002002,99.0,Charm,228
Electronics,599.0,699.0,4.2,14.306151645207441,99.0,Charm,142
Electronics,1149.0,2500.0,4.1,54.04,49.0,Other,457
Electronics,944.0,1999.0,3.8,52.776388194097045,44.0,Other,328
Electronics,419.0,599.0,4.1,30.05008347245409,19.0,Other,71
Electronics,790.0,1700.0,4.2,53.529411764705884,90.0,Other,202
Electronics,689.0,1250.0,4.3,44.879999999999995,89.0,Other,254
Electronics,299.0,1006.0,3.5,70.27833001988071,99.0,Charm,52
Electronics,299.0,1199.0,3.6,75.0625521267723,99.0,Charm,359
Electronics,299.0,999.0,3.6,70.07007007007007,99.0,Charm,294
Electronics,399.0,1299.0,4.3,69.28406466512702,99.0,Charm,271
Electronics,549.0,2899.0,3.8,81.062435322525,49.0,Other,255
Electronics,259.0,449.0,3.6,42.31625835189309,59.0,Other,324
Electronics,299.0,999.0,3.5,70.07007007007007,99.0,Charm,446
Electronics,299.0,399.0,3.6,25.062656641604008,99.0,Charm,112
Electronics,799.0,2999.0,3.6,73.35778592864288,99.0,Charm,369
Electronics,589.0,2199.0,4.2,73.21509777171441,89.0,Other,71
Electronics,499.0,1999.0,3.1,75.03751875937968,99.0,Charm,264
Electronics,599.0,1999.0,3.8,70.03501750875438,99.0,Charm,142
Electronics,199.0,399.0,3.6,50.125313283208015,99.0,Charm,291
Electronics,449.0,1499.0,4.4,70.04669779853235,49.0,Other,301
Electronics,474.0,2499.0,3.5,81.03241296518607,74.0,Other,490
Electronics,299.0,599.0,5.0,50.08347245409015,99.0,Charm,317
Electronics,349.0,999.0,3.8,65.06506506506507,49.0,Other,303
Electronics,749.0,3982.0,3.5,81.19035660472125,49.0,Other,272
Electronics,499.0,1999.0,4.2,75.03751875937968,99.0,Charm,102
Electronics,499.0,799.0,3.6,37.546933667083856,99.0,Charm,152
Electronics,599.0,1399.0,3.8,57.18370264474625,99.0,Charm,51
Electronics,149.0,,4.3,,49.0,Other,461
Electronics,287.0,499.0,3.9,42.48496993987976,87.0,Other,371
Electronics,2999.0,4999.0,4.0,40.008001600320064,99.0,Charm,156
Electronics,349.0,499.0,3.5,30.060120240480963,49.0,Other,242
Electronics,499.0,999.0,3.8,50.050050050050054,99.0,Charm,50
Electronics,489.0,999.0,3.7,51.051051051051054,89.0,Other,442
Electronics,425.0,799.0,3.5,46.808510638297875,25.0,Other,349
Electronics,499.0,2999.0,3.4,83.36112037345782,99.0,Charm,371
Electronics,589.0,2199.0,4.2,73.21509777171441,89.0,Other,384
Electronics,499.0,1200.0,4.3,58.416666666666664,99.0,Charm,396
Electronics,589.0,1500.0,4.0,60.73333333333333,89.0,Other,98
Electronics,649.0,2999.0,3.6,78.35945315105035,49.0,Other,243
Electronics,287.0,499.0,3.6,42.48496993987976,87.0,Other,292
Electronics,899.0,4999.0,4.5,82.01640328065614,99.0,Charm,330
Electronics,395.0,499.0,3.4,20.841683366733466,95.0,Other,106
Electronics,599.0,2499.0,3.0,76.03041216486595,99.0,Charm,109
Electronics,346.0,699.0,3.4,50.500715307582254,46.0,Other,353
Electronics,399.0,999.0,3.2,60.06006006006006,99.0,Charm,189
Electronics,599.0,2499.0,4.2,76.03041216486595,99.0,Charm,287
Electronics,182.0,699.0,4.1,73.96280400572246,82.0,Other,129
Electronics,273.0,999.0,4.8,72.67267267267268,73.0,Other,248
Electronics,199.0,799.0,4.1,75.09386733416771,99.0,Charm,250
Electronics,229.0,299.0,4.3,23.411371237458194,29.0,Other,174
Electronics,229.0,299.0,4.3,23.411371237458194,29.0,Other,220
Electronics,329.0,699.0,4.3,52.93276108726752,29.0,Other,97
Electronics,224.0,999.0,4.1,77.57757757757757,24.0,Other,124
Electronics,539.0,1490.0,4.4,63.8255033557047,39.0,Other,475
Electronics,184.0,499.0,4.1,63.126252505010015,84.0,Other,206
Electronics,206.0,699.0,3.9,70.52932761087267,6.0,Other,465
Electronics,222.0,999.0,4.1,77.77777777777779,22.0,Other,211
Electronics,190.0,249.0,3.3,23.694779116465863,90.0,Other,318
Electronics,159.0,399.0,4.3,60.150375939849624,59.0,Other,209
Electronics,279.0,699.0,4.1,60.08583690987125,79.0,Other,268
Electronics,269.0,399.0,4.3,32.581453634085214,69.0,Other,178
Electronics,245.0,799.0,4.2,69.33667083854819,45.0,Other,336
Electronics,299.0,999.0,4.4,70.07007007007007,99.0,Charm,255
Electronics,183.0,399.0,4.3,54.13533834586466,83.0,Other,386
Electronics,239.0,799.0,4.3,70.08760951188987,39.0,Other,134
Electronics,539.0,999.0,4.1,46.046046046046044,39.0,Other,278
Electronics,246.0,1199.0,4.0,79.48290241868223,46.0,Other,494
Electronics,201.0,1299.0,3.9,84.52655889145497,1.0,Other,131
Electronics,265.0,1495.0,4.1,82.2742474916388,65.0,Other,209
Electronics,306.0,799.0,4.5,61.702127659574465,6.0,Other,333
Electronics,289.0,699.0,4.3,58.6552217453505,89.0,Other,330
Electronics,143.0,249.0,4.1,42.570281124497996,43.0,Other,179
Electronics,126.0,299.0,4.2,57.859531772575245,26.0,Other,214
Electronics,799.0,1490.0,5.0,46.375838926174495,99.0,Charm,292
Electronics,249.0,399.0,4.2,37.59398496240601,49.0,Other,271
Electronics,299.0,349.0,4.1,14.326647564469914,99.0,Charm,95
Electronics,175.0,399.0,4.3,56.14035087719298,75.0,Other,338
Electronics,299.0,999.0,4.1,70.07007007007007,99.0,Charm,471
Electronics,849.0,,4.3,,49.0,Other,156
Electronics,371.0,899.0,4.1,58.73192436040044,71.0,Other,483
Electronics,299.0,799.0,4.1,62.57822277847309,99.0,Charm,404
Electronics,263.0,999.0,4.3,73.67367367367368,63.0,Other,256
Electronics,169.0,399.0,4.3,57.64411027568922,69.0,Other,474
Electronics,227.0,1099.0,4.1,79.34485896269335,27.0,Other,387
Electronics,129.0,349.0,4.2,63.03724928366762,29.0,Other,375
Electronics,299.0,399.0,4.6,25.062656641604008,99.0,Charm,334
Electronics,499.0,1999.0,,75.03751875937968,99.0,Charm,198
Electronics,2349.0,4999.0,3.8,53.01060212042409,49.0,Other,326
Electronics,1599.0,1900.0,4.6,15.842105263157894,99.0,Charm,412
Electronics,649.0,999.0,4.3,35.03503503503504,49.0,Other,156
Electronics,2499.0,2999.0,4.5,16.672224074691563,99.0,Charm,50
Electronics,449.0,999.0,4.1,55.05505505505506,49.0,Other,168
Electronics,1075.0,1699.0,4.4,36.72748675691583,75.0,Other,101
Electronics,499.0,999.0,4.3,50.050050050050054,99.0,Charm,340
Electronics,499.0,599.0,4.2,16.69449081803005,99.0,Charm,228
Electronics,534.0,1999.0,4.3,73.28664332166083,34.0,Other,464
Electronics,449.0,599.0,4.0,25.041736227045075,49.0,Other,278
Electronics,1599.0,2999.0,4.2,46.68222740913638,99.0,Charm,164
Electronics,499.0,599.0,4.3,16.69449081803005,99.0,Charm,458
Electronics,550.0,1499.0,4.3,63.30887258172114,50.0,Other,340
Electronics,428.0,699.0,3.9,38.76967095851216,28.0,Other,162
Electronics,499.0,999.0,4.3,50.050050050050054,99.0,Charm,279
Electronics,344.0,1299.0,3.7,73.518090839107,44.0,Other,88
Electronics,299.0,499.0,4.1,40.08016032064128,99.0,Charm,54
Electronics,579.0,999.0,4.2,42.04204204204204,79.0,Other,437
Electronics,249.0,999.0,3.7,75.07507507507508,49.0,Other,325
Electronics,249.0,599.0,4.0,58.43071786310517,49.0,Other,95
Electronics,255.0,499.0,3.6,48.897795591182366,55.0,Other,317
Electronics,249.0,649.0,4.3,61.63328197226502,49.0,Other,114
Electronics,339.0,999.0,4.1,66.06606606606607,39.0,Other,488
Electronics,999.0,1999.0,4.3,50.025012506253134,99.0,Charm,285
Electronics,299.0,799.0,3.9,62.57822277847309,99.0,Charm,445
Electronics,449.0,1999.0,4.0,77.53876938469234,49.0,Other,173
Electronics,1199.0,1999.0,4.3,40.0200100050025,99.0,Charm,214
Electronics,449.0,1999.0,3.9,77.53876938469234,49.0,Other,479
Electronics,594.0,1999.0,4.6,70.28514257128565,94.0,Other,417
Electronics,1299.0,1699.0,4.4,23.543260741612713,99.0,Charm,136
Electronics,1399.0,1999.0,4.3,30.015007503751878,99.0,Charm,327
Electronics,299.0,499.0,4.1,40.08016032064128,99.0,Charm,74
Electronics,339.0,1499.0,3.7,77.38492328218813,39.0,Other,385
Electronics,245.0,499.0,4.0,50.901803607214426,45.0,Other,362
Electronics,211.0,999.0,3.8,78.87887887887888,11.0,Other,457
Electronics,699.0,1299.0,4.1,46.18937644341801,99.0,Charm,286
Electronics,499.0,2999.0,3.9,83.36112037345782,99.0,Charm,362
Electronics,228.0,999.0,4.2,77.17717717717719,28.0,Other,399
Electronics,999.0,1799.0,4.3,44.469149527515285,99.0,Charm,263
Electronics,449.0,1499.0,4.3,70.04669779853235,49.0,Other,88
Electronics,399.0,999.0,4.1,60.06006006006006,99.0,Charm,396
Electronics,127.0,699.0,4.3,81.83118741058655,27.0,Other,111
Electronics,155.0,399.0,4.2,61.152882205513784,55.0,Other,56
Electronics,223.0,1199.0,3.9,81.40116763969975,23.0,Other,270
Electronics,269.0,1499.0,4.4,82.05470313542361,69.0,Other,346
Electronics,143.0,699.0,4.3,79.54220314735336,43.0,Other,153
Electronics,168.0,799.0,3.5,78.97371714643305,68.0,Other,101
Electronics,199.0,649.0,4.5,69.33744221879815,99.0,Charm,137
Electronics,299.0,649.0,4.3,53.929121725731896,99.0,Charm,423
Electronics,159.0,699.0,4.3,77.25321888412017,59.0,Other,357
Electronics,331.0,999.0,3.9,66.86686686686687,31.0,Other,193
Electronics,179.0,499.0,4.3,64.12825651302605,79.0,Other,137
Electronics,299.0,1299.0,3.7,76.98229407236336,99.0,Charm,79
Electronics,179.0,499.0,4.3,64.12825651302605,79.0,Other,115
Electronics,407.0,1149.0,3.9,64.57789382071365,7.0,Other,256
Electronics,895.0,1999.0,4.3,55.227613806903456,95.0,Other,219
Electronics,183.0,899.0,4.3,79.64404894327029,83.0,Other,491
Electronics,233.0,1199.0,3.8,80.56713928273561,33.0,Other,325
Electronics,349.0,1499.0,3.6,76.71781187458305,49.0,Other,498
Electronics,269.0,1299.0,4.2,79.29176289453426,69.0,Other,399
Electronics,269.0,1499.0,4.4,82.05470313542361,69.0,Other,449
Electronics,171.0,399.0,4.2,57.14285714285714,71.0,Other,358
Electronics,299.0,599.0,3.9,50.08347245409015,99.0,Charm,398
Electronics,143.0,699.0,4.2,79.54220314735336,43.0,Other,206
Electronics,136.0,499.0,4.2,72.74549098196393,36.0,Other,312
Electronics,199.0,899.0,4.3,77.8642936596218,99.0,Charm,456
Electronics,158.0,299.0,3.4,47.15719063545151,58.0,Other,419
Electronics,169.0,499.0,4.2,66.13226452905812,69.0,Other,138
Electronics,179.0,599.0,4.3,70.11686143572621,79.0,Other,110
Electronics,299.0,1999.0,4.2,85.04252126063031,99.0,Charm,151
Electronics,319.0,599.0,4.9,46.744574290484145,19.0,Other,173
Electronics,149.0,699.0,4.3,78.6838340486409,49.0,Other,497
Electronics,149.0,499.0,4.0,70.14028056112225,49.0,Other,261
Electronics,134.0,499.0,4.3,73.14629258517033,34.0,Other,172
Electronics,242.0,1299.0,3.8,81.37028483448807,42.0,Other,311
Electronics,199.0,999.0,4.0,80.08008008008008,99.0,Charm,301
Electronics,180.0,499.0,4.6,63.92785571142284,80.0,Other,242
Electronics,149.0,699.0,4.2,78.6838340486409,49.0,Other,181
Electronics,219.0,599.0,3.9,63.43906510851419,19.0,Other,427
Electronics,2199.0,5999.0,4.2,63.3438906484414,99.0,Charm,114
Electronics,2199.0,5999.0,4.2,63.3438906484414,99.0,Charm,331
Electronics,4999.0,,4.8,,99.0,Charm,281
Electronics,4999.0,,4.8,,99.0,Charm,145
Electronics,4999.0,,4.8,,99.0,Charm,268
Electronics,1999.0,7990.0,4.1,74.98122653316645,99.0,Charm,485
Electronics,1999.0,7990.0,4.1,74.98122653316645,99.0,Charm,324
Electronics,2199.0,5999.0,4.2,63.3438906484414,99.0,Charm,427
Electronics,1999.0,7990.0,4.1,74.98122653316645,99.0,Charm,441
Electronics,2999.0,17999.0,4.2,83.3379632201789,99.0,Charm,394
Electronics,2199.0,5999.0,4.2,63.3438906484414,99.0,Charm,328
Electronics,,,4.0,,,Other,468
Electronics,1499.0,3999.0,4.2,62.515628907226805,99.0,Charm,287
Electronics,2999.0,17999.0,4.2,83.3379632201789,99.0,Charm,487
Electronics,2999.0,17999.0,4.2,83.3379632201789,99.0,Charm,318
Electronics,1799.0,5299.0,4.2,66.05019815059445,99.0,Charm,198
Electronics,2199.0,5999.0,4.2,63.3438906484414,99.0,Charm,495
Electronics,1499.0,5990.0,4.0,74.97495826377295,99.0,Charm,317
Electronics,1499.0,5990.0,4.0,74.97495826377295,99.0,Charm,279
Electronics,,,,,,Other,217
Electronics,2999.0,17999.0,4.2,83.3379632201789,99.0,Charm,151
Electronics,1999.0,7990.0,4.1,74.98122653316645,99.0,Charm,100
Electronics,1499.0,3999.0,4.2,62.515628907226805,99.0,Charm,215
Electronics,1499.0,9999.0,4.1,85.00850085008501,99.0,Charm,477
Electronics,1999.0,9999.0,4.2,80.00800080008,99.0,Charm,166
Electronics,1999.0,9999.0,4.2,80.00800080008,99.0,Charm,159
Electronics,1499.0,5990.0,4.1,74.97495826377295,99.0,Charm,471
Electronics,1299.0,6999.0,4.2,81.44020574367767,99.0,Charm,81
Electronics,1499.0,5990.0,4.1,74.97495826377295,99.0,Charm,362
Electronics,1999.0,9999.0,4.2,80.00800080008,99.0,Charm,367
Electronics,3999.0,6999.0,4.4,42.86326618088298,99.0,Charm,497
Electronics,1999.0,6990.0,4.8,71.40200286123033,99.0,Charm,74
Electronics,1999.0,7990.0,4.1,74.98122653316645,99.0,Charm,111
Electronics,1999.0,7990.0,4.1,74.98122653316645,99.0,Charm,199
Electronics,1999.0,7990.0,4.1,74.98122653316645,99.0,Charm,289
Electronics,1899.0,6999.0,4.0,72.86755250750107,99.0,Charm,354
Electronics,1499.0,5990.0,4.1,74.97495826377295,99.0,Charm,158
Electronics,1499.0,5990.0,4.1,74.97495826377295,99.0,Charm,305
Electronics,1799.0,8999.0,4.1,80.00888987665297,99.0,Charm,412
Electronics,854.0,1999.0,3.3,57.27863931965983,54.0,Other,51
Electronics,1499.0,9999.0,3.9,85.00850085008501,99.0,Charm,136
Electronics,1499.0,9999.0,4.1,85.00850085008501,99.0,Charm,235
Electronics,999.0,2499.0,3.0,60.024009603841534,99.0,Charm,132
Electronics,349.0,999.0,3.4,65.06506506506507,49.0,Other,385
Electronics,547.0,1500.0,3.7,63.53333333333333,47.0,Other,236
Electronics,999.0,2499.0,4.1,60.024009603841534,99.0,Charm,426
Electronics,189.0,990.0,3.2,80.9090909090909,89.0,Other,299
Electronics,589.0,1499.0,3.7,60.70713809206138,89.0,Other,276
Electronics,799.0,1699.0,4.1,52.97233666862861,99.0,Charm,157
Electronics,999.0,3299.0,4.1,69.71809639284632,99.0,Charm,294
Electronics,595.0,1999.0,3.8,70.2351175587794,95.0,Other,468
Electronics,799.0,1099.0,2.3,27.2975432211101,99.0,Charm,304
Electronics,549.0,2999.0,2.8,81.69389796598865,49.0,Other,492
Electronics,799.0,1499.0,4.1,46.6977985323549,99.0,Charm,200
Electronics,599.0,1999.0,4.7,70.03501750875438,99.0,Charm,56
Electronics,649.0,1999.0,3.5,67.53376688344173,49.0,Other,354
Electronics,999.0,2499.0,4.1,60.024009603841534,99.0,Charm,215
Electronics,999.0,2999.0,3.0,66.68889629876625,99.0,Charm,55
Electronics,1499.0,1599.0,4.1,6.2539086929330825,99.0,Charm,423
Electronics,589.0,1999.0,3.2,70.53526763381691,89.0,Other,134
Electronics,999.0,2499.0,4.1,60.024009603841534,99.0,Charm,284
Electronics,598.0,1999.0,3.5,70.08504252126063,98.0,Other,474
Electronics,589.0,1999.0,3.8,70.53526763381691,89.0,Other,365
Electronics,599.0,1299.0,3.7,53.88760585065435,99.0,Charm,168
Electronics,597.0,999.0,3.5,40.24024024024024,97.0,Other,462
Electronics,799.0,1699.0,3.6,52.97233666862861,99.0,Charm,492
Electronics,19900.0,21900.0,4.5,9.1324200913242,0.0,Round,283
Electronics,799.0,1499.0,4.1,46.6977985323549,99.0,Charm,318
Electronics,189.0,990.0,3.1,80.9090909090909,89.0,Other,52
Electronics,369.0,950.0,3.3,61.1578947368421,69.0,Other,403
Electronics,599.0,999.0,3.3,40.04004004004004,99.0,Charm,52
Electronics,799.0,1468.0,3.0,45.572207084468666,99.0,Charm,136
Electronics,799.0,1499.0,2.3,46.6977985323549,99.0,Charm,52
Electronics,1999.0,2999.0,4.1,33.344448149383126,99.0,Charm,450
Electronics,1498.0,4999.0,2.1,70.03400680136028,98.0,Other,234
Electronics,999.0,1599.0,4.1,37.5234521575985,99.0,Charm,110
Electronics,625.0,999.0,4.0,37.43743743743744,25.0,Other,191
Electronics,999.0,1999.0,4.1,50.025012506253134,99.0,Charm,468
Electronics,979.0,2499.0,4.1,60.82432973189276,79.0,Other,325
Electronics,590.0,1499.0,3.4,60.64042695130086,90.0,Other,61
Electronics,185.0,549.0,3.6,66.3023679417122,85.0,Other,141
Electronics,405.0,2999.0,3.4,86.49549849949983,5.0,Other,88
Electronics,469.0,949.0,3.3,50.579557428872505,69.0,Other,292
Electronics,397.0,1249.0,3.3,68.21457165732586,97.0,Other,321
Electronics,1999.0,2799.0,4.3,28.5816362986781,99.0,Charm,251
Electronics,849.0,2800.0,3.9,69.67857142857142,49.0,Other,173
Electronics,829.0,2099.0,4.8,60.5050023820867,29.0,Other,277
Electronics,1709.0,2310.0,4.3,26.017316017316016,9.0,Other,441
Electronics,1499.0,2800.0,4.2,46.464285714285715,99.0,Charm,151
Electronics,999.0,1430.0,4.2,30.13986013986014,99.0,Charm,289
Electronics,1444.0,1805.0,4.2,20.0,44.0,Other,335
Electronics,1699.0,2310.0,4.2,26.450216450216452,99.0,Charm,450
Electronics,849.0,1799.0,4.1,52.80711506392441,49.0,Other,235
Electronics,1945.0,2330.0,4.3,16.523605150214593,45.0,Other,177
Electronics,1999.0,3547.0,4.2,43.64251480124048,99.0,Charm,240
Electronics,1880.0,2640.0,4.3,28.78787878787879,80.0,Other,423
Electronics,849.0,1799.0,4.0,52.80711506392441,49.0,Other,384
Electronics,1269.0,2500.0,3.8,49.24,69.0,Other,204
Electronics,720.0,1495.0,3.7,51.83946488294314,20.0,Other,396
Electronics,1282.0,2500.0,4.0,48.72,82.0,Other,350
Electronics,1449.0,1560.0,4.1,7.115384615384615,49.0,Other,305
Electronics,2492.0,3860.0,4.3,35.44041450777202,92.0,Other,133
Electronics,2975.0,3190.0,4.2,6.739811912225706,75.0,Other,431
Electronics,1699.0,2280.0,4.2,25.48245614035088,99.0,Charm,476
Electronics,899.0,1597.0,4.0,43.706950532247966,99.0,Charm,276
Electronics,1720.0,2345.0,4.1,26.652452025586353,20.0,Other,417
Electronics,2200.0,2320.0,4.1,5.172413793103448,0.0,Round,132
Electronics,1699.0,1865.0,4.1,8.900804289544235,99.0,Charm,389
Electronics,1143.0,1899.0,4.4,39.81042654028436,43.0,Other,329
Electronics,1139.0,2610.0,4.1,56.36015325670498,39.0,Other,437
Electronics,1095.0,1455.0,4.1,24.742268041237114,95.0,Other,112
Electronics,1139.0,1300.0,4.1,12.384615384615385,39.0,Other,139
Electronics,1849.0,,3.8,,49.0,Other,447
Electronics,3138.0,4450.0,4.2,29.48314606741573,38.0,Other,215
Electronics,779.0,1299.0,3.8,40.03079291762894,79.0,Other,404
Electronics,1699.0,1990.0,4.1,14.623115577889449,99.0,Charm,63
Electronics,989.0,2099.0,4.8,52.88232491662696,89.0,Other,170
Electronics,1099.0,1540.0,4.1,28.636363636363637,99.0,Charm,316
Electronics,1299.0,1523.0,4.2,14.707813525935654,99.0,Charm,129
Electronics,1399.0,3110.0,4.2,55.01607717041801,99.0,Charm,448
Electronics,849.0,1799.0,4.0,52.80711506392441,49.0,Other,376
Electronics,1199.0,1580.0,4.2,24.113924050632914,99.0,Charm,207
Electronics,997.0,1900.0,4.5,47.526315789473685,97.0,Other,277
Electronics,2089.0,3070.0,3.9,31.95439739413681,89.0,Other,429
Electronics,1044.0,1595.0,4.2,34.54545454545455,44.0,Other,444
Electronics,1999.0,3998.0,4.6,50.0,99.0,Charm,385
Electronics,2079.0,4299.0,4.1,51.63991625959525,79.0,Other,288
Electronics,849.0,2000.0,4.2,57.550000000000004,49.0,Other,167
Electronics,599.0,2499.0,4.0,76.03041216486595,99.0,Charm,112
Electronics,312.0,999.0,4.1,68.76876876876878,12.0,Other,145
Electronics,649.0,1199.0,4.1,45.87155963302752,49.0,Other,133
Electronics,749.0,2000.0,4.3,62.55,49.0,Other,73
Electronics,477.0,999.0,3.8,52.25225225225225,77.0,Other,132
Electronics,599.0,2499.0,4.1,76.03041216486595,99.0,Charm,454
Electronics,323.0,1015.0,4.0,68.17733990147784,23.0,Other,282
Electronics,312.0,999.0,4.1,68.76876876876878,12.0,Other,335
Electronics,1275.0,2250.0,3.6,43.333333333333336,75.0,Other,428
Electronics,1049.0,3000.0,4.3,65.03333333333333,49.0,Other,150
Electronics,849.0,2499.0,4.6,66.02641056422569,49.0,Other,384
Electronics,495.0,1699.0,3.7,70.86521483225427,95.0,Other,446
Electronics,1519.0,3499.0,3.9,56.58759645613032,19.0,Other,452
Electronics,649.0,1199.0,4.1,45.87155963302752,49.0,Other,446
Electronics,399.0,1999.0,4.2,80.040020010005,99.0,Charm,64
Electronics,312.0,699.0,4.8,55.36480686695279,12.0,Other,256
Electronics,1499.0,2999.0,4.2,50.01667222407469,99.0,Charm,310
Electronics,312.0,999.0,4.5,68.76876876876878,12.0,Other,188
Electronics,3419.0,8800.0,4.1,61.14772727272727,19.0,Other,102
Electronics,930.0,1690.0,4.2,44.97041420118343,30.0,Other,372
Electronics,1699.0,3999.0,4.2,57.51437859464866,99.0,Charm,284
Electronics,4915.0,4990.0,4.3,1.503006012024048,15.0,Other,199
Electronics,499.0,999.0,3.9,50.050050050050054,99.0,Charm,236
Electronics,3799.0,12900.0,3.9,70.55038759689923,99.0,Charm,403
Electronics,3419.0,5999.0,3.9,43.00716786131022,19.0,Other,74
Electronics,389.0,999.0,3.8,61.06106106106106,89.0,Other,380
Electronics,312.0,599.0,4.1,47.91318864774624,12.0,Other,434
Electronics,645.0,1490.0,4.7,56.711409395973156,45.0,Other,388
Electronics,1299.0,2499.0,4.1,48.019207683073226,99.0,Charm,56
Electronics,619.0,1199.0,5.0,48.37364470391993,19.0,Other,467
Electronics,609.0,1199.0,5.0,49.20767306088407,9.0,Other,288
Electronics,619.0,1199.0,5.0,48.37364470391993,19.0,Other,197
Electronics,5500.0,13990.0,4.1,60.686204431736954,0.0,Round,75
Electronics,599.0,2499.0,4.1,76.03041216486595,99.0,Charm,196
Electronics,329.0,999.0,4.1,67.06706706706707,29.0,Other,311
Electronics,284.0,749.0,4.1,62.082777036048064,84.0,Other,327
Electronics,899.0,2499.0,4.4,64.02561024409763,99.0,Charm,373
Electronics,58490.0,76890.0,4.4,23.930290024710626,90.0,Other,271
Electronics,65990.0,95790.0,3.8,31.109719177367158,90.0,Other,132
Electronics,72990.0,102090.0,4.5,28.50426094622392,90.0,Other,310
Electronics,64990.0,93690.0,4.4,30.632938413918243,90.0,Other,95
Electronics,65490.0,99290.0,4.1,34.041696041897474,90.0,Other,105
Electronics,68990.0,100690.0,3.8,31.48276889462707,90.0,Other,370
Electronics,52990.0,70990.0,4.4,25.355683899140725,90.0,Other,435
Electronics,81900.0,115990.0,4.6,29.39046469523235,0.0,Round,157
Electronics,81900.0,107990.0,4.5,24.159644411519583,0.0,Round,212
Electronics,59990.0,75990.0,4.5,21.055402026582446,90.0,Other,159
Electronics,101645.0,137990.0,4.4,26.33886513515472,45.0,Other,424
Electronics,53999.0,77990.0,4.3,30.76163610719323,99.0,Charm,279
Electronics,73490.0,89990.0,3.5,18.335370596732968,90.0,Other,123
Electronics,51990.0,64990.0,4.4,20.003077396522542,90.0,Other,53
Electronics,65990.0,95990.0,4.4,31.253255547452856,90.0,Other,131
Electronics,69990.0,89990.0,4.3,22.2246916324036,90.0,Other,96
Electronics,57990.0,72990.0,4.4,20.550760378133994,90.0,Other,59
Electronics,54150.0,78990.0,4.4,31.44701860995063,50.0,Other,465
Electronics,300490.0,1174131.0,4.8,74.40745538615367,90.0,Other,365
Electronics,73490.0,287304.0,4.8,74.42082254336869,90.0,Other,315
Electronics,78890.0,102522.0,4.5,23.05066229687287,90.0,Other,88
Electronics,69000.0,75826.0,4.4,9.002189222694062,0.0,Round,377
Electronics,85000.0,112802.0,3.9,24.646726121877272,0.0,Round,60
Electronics,73990.0,89900.0,4.2,17.697441601779758,90.0,Other,385
Electronics,180990.0,188900.0,4.4,4.187400741132874,90.0,Other,405
Electronics,107900.0,,4.4,,0.0,Round,151
Electronics,115000.0,,3.9,,0.0,Round,478
Electronics,189990.0,190400.0,4.4,0.21533613445378152,90.0,Other,177
Electronics,91490.0,91900.0,4.5,0.44613710554951036,90.0,Other,358
Electronics,52671.0,,3.9,,71.0,Other,405
Electronics,82990.0,84900.0,4.7,2.249705535924617,90.0,Other,358
Electronics,4999.0,11200.0,3.5,55.36607142857143,99.0,Charm,134
Electronics,15999.0,49999.0,3.5,68.00136002720055,99.0,Charm,444
Electronics,12900.0,26999.0,3.6,52.2204526093559,0.0,Round,376
Electronics,9999.0,31999.0,4.0,68.75214850464077,99.0,Charm,321
Electronics,7099.0,12750.0,3.6,44.32156862745098,99.0,Charm,455
Electronics,30800.0,31462.0,3.4,2.1041256118492146,0.0,Round,394
Electronics,11975.0,35000.0,3.6,65.78571428571428,75.0,Other,372
Electronics,13975.0,35000.0,3.6,60.07142857142858,75.0,Other,473
Electronics,4199.0,6999.0,4.1,40.00571510215745,99.0,Charm,192
Electronics,2849.0,3999.0,3.1,28.75718929732433,49.0,Other,62
Electronics,8000.0,9000.0,3.2,11.11111111111111,0.0,Round,205
Electronics,10045.0,29990.0,3.1,66.50550183394465,45.0,Other,408
Electronics,10299.0,15999.0,3.1,35.62722670166886,99.0,Charm,496
Electronics,36990.0,44990.0,3.8,17.781729273171816,90.0,Other,80
Electronics,12089.0,19999.0,2.9,39.551977598879944,89.0,Other,294
Electronics,17499.0,42999.0,3.8,59.30370473731947,99.0,Charm,52
Electronics,11999.0,30999.0,3.2,61.292299751604894,99.0,Charm,117
Electronics,54890.0,63539.0,4.4,13.612112246022129,90.0,Other,485
Electronics,52990.0,70990.0,4.4,25.355683899140725,90.0,Other,149
Electronics,52990.0,76890.0,4.3,31.083365847314344,90.0,Other,104
Electronics,999.0,2480.0,4.1,59.71774193548387,99.0,Charm,452
Electronics,1749.0,1999.0,4.4,12.506253126563283,49.0,Other,122
Electronics,1227.0,2100.0,3.7,41.57142857142857,27.0,Other,176
Electronics,5598.0,6999.0,4.4,20.017145306472354,98.0,Other,151
Electronics,9199.0,14449.0,4.4,36.33469444252198,99.0,Charm,372
Electronics,7748.0,10999.0,4.2,29.557232475679605,48.0,Other,426
Electronics,5499.0,7905.0,4.4,30.43643263757116,99.0,Charm,459
Electronics,1199.0,2599.0,3.7,53.86687187379762,99.0,Charm,76
Electronics,529.0,1099.0,3.9,51.86533212010919,29.0,Other,114
Electronics,459.0,1000.0,4.2,54.1,59.0,Other,350
Electronics,839.0,1800.0,4.1,53.388888888888886,39.0,Other,57
Electronics,468.0,899.0,4.0,47.94215795328142,68.0,Other,230
Electronics,269.0,450.0,4.3,40.22222222222222,69.0,Other,84
Electronics,329.0,700.0,4.2,53.0,29.0,Other,221
Electronics,399.0,649.0,3.9,38.52080123266564,99.0,Charm,117
Electronics,699.0,1600.0,4.2,56.3125,99.0,Charm,135
Electronics,719.0,1600.0,4.2,55.0625,19.0,Other,372
Electronics,418.0,1100.0,4.2,62.0,18.0,Other,90
Electronics,429.0,749.0,3.9,42.72363150867824,29.0,Other,87
Electronics,1109.0,2500.0,4.2,55.64,9.0,Other,350
Electronics,599.0,1060.0,4.3,43.49056603773585,99.0,Charm,369
Electronics,289.0,650.0,4.3,55.53846153846153,89.0,Other,356
Electronics,319.0,500.0,4.3,36.199999999999996,19.0,Other,309
Electronics,359.0,750.0,4.3,52.13333333333333,59.0,Other,236
Electronics,445.0,800.0,3.8,44.375,45.0,Other,429
Electronics,499.0,1300.0,4.3,61.61538461538461,99.0,Charm,404
Electronics,2209.0,4385.0,4.2,49.62371721778791,9.0,Other,334
Electronics,489.0,1500.0,4.2,67.4,89.0,Other,85
Electronics,899.0,1900.0,4.3,52.68421052631579,99.0,Charm,168
Electronics,399.0,750.0,4.2,46.800000000000004,99.0,Charm,489
Electronics,369.0,600.0,4.3,38.5,69.0,Other,333
Electronics,1719.0,3700.0,4.2,53.54054054054054,19.0,Other,482
Electronics,2009.0,5000.0,4.2,59.81999999999999,9.0,Other,432
Electronics,359.0,799.0,4.1,55.06883604505632,59.0,Other,308
Electronics,1179.0,2950.0,4.3,60.03389830508474,79.0,Other,316
Electronics,519.0,900.0,4.2,42.333333333333336,19.0,Other,441
Electronics,449.0,850.0,4.3,47.17647058823529,49.0,Other,116
Electronics,440.0,899.0,3.9,51.05672969966629,40.0,Other,328
Electronics,1299.0,3000.0,4.3,56.699999999999996,99.0,Charm,325
Electronics,1919.0,3300.0,4.5,41.848484848484844,19.0,Other,194
Electronics,377.0,750.0,4.0,49.733333333333334,77.0,Other,267
Electronics,599.0,1050.0,4.3,42.952380952380956,99.0,Charm,340
Electronics,959.0,1600.0,4.1,40.0625,59.0,Other,51
Electronics,889.0,2500.0,4.3,64.44,89.0,Other,131
Electronics,809.0,2200.0,4.2,63.227272727272734,9.0,Other,296
Electronics,579.0,1400.0,4.3,58.64285714285714,79.0,Other,297
Electronics,790.0,1200.0,3.9,34.166666666666664,90.0,Other,465
Electronics,161.0,599.0,4.1,73.12186978297161,61.0,Other,499
Electronics,246.0,799.0,4.4,69.21151439299123,46.0,Other,237
Electronics,189.0,499.0,4.2,62.124248496993985,89.0,Other,306
Electronics,159.0,399.0,4.2,60.150375939849624,59.0,Other,248
Electronics,198.0,599.0,3.9,66.9449081803005,98.0,Other,452
Electronics,247.0,899.0,4.4,72.52502780867631,47.0,Other,466
Electronics,199.0,299.0,4.2,33.44481605351171,99.0,Charm,471
Electronics,299.0,799.0,3.3,62.57822277847309,99.0,Charm,443
Electronics,299.0,599.0,3.8,50.08347245409015,99.0,Charm,252
Electronics,263.0,499.0,4.2,47.29458917835671,63.0,Other,217
Electronics,247.0,899.0,4.6,72.52502780867631,47.0,Other,86
Electronics,299.0,499.0,4.3,40.08016032064128,99.0,Charm,56
Electronics,299.0,799.0,3.9,62.57822277847309,99.0,Charm,71
Electronics,209.0,599.0,4.5,65.1085141903172,9.0,Other,383
Electronics,287.0,499.0,4.0,42.48496993987976,87.0,Other,414
Electronics,279.0,599.0,4.5,53.42237061769616,79.0,Other,369
Electronics,187.0,999.0,4.1,81.28128128128128,87.0,Other,185
Electronics,299.0,499.0,4.1,40.08016032064128,99.0,Charm,175
Electronics,199.0,599.0,4.4,66.7779632721202,99.0,Charm,255
Electronics,349.0,799.0,4.4,56.32040050062578,49.0,Other,207
Electronics,269.0,799.0,4.0,66.33291614518147,69.0,Other,368
Electronics,217.0,599.0,4.0,63.77295492487479,17.0,Other,443
Electronics,299.0,499.0,3.7,40.08016032064128,99.0,Charm,259
Electronics,219.0,499.0,4.3,56.1122244488978,19.0,Other,89
Electronics,189.0,299.0,4.1,36.78929765886287,89.0,Other,236
Electronics,199.0,299.0,4.2,33.44481605351171,99.0,Charm,69
Electronics,215.0,599.0,3.9,64.10684474123539,15.0,Other,159
Electronics,247.0,899.0,3.9,72.52502780867631,47.0,Other,466
Electronics,299.0,499.0,4.8,40.08016032064128,99.0,Charm,326
Electronics,174.0,349.0,3.6,50.1432664756447,74.0,Other,73
Electronics,239.0,499.0,3.9,52.104208416833664,39.0,Other,341
Electronics,279.0,899.0,4.6,68.96551724137932,79.0,Other,430
Electronics,299.0,499.0,4.0,40.08016032064128,99.0,Charm,119
Electronics,299.0,499.0,3.7,40.08016032064128,99.0,Charm,467
Electronics,299.0,799.0,4.2,62.57822277847309,99.0,Charm,413
Electronics,349.0,599.0,4.7,41.736227045075125,49.0,Other,365
Electronics,287.0,499.0,4.0,42.48496993987976,87.0,Other,389
Electronics,299.0,799.0,4.4,62.57822277847309,99.0,Charm,421
Electronics,349.0,799.0,4.4,56.32040050062578,49.0,Other,373
Electronics,287.0,499.0,4.0,42.48496993987976,87.0,Other,143
Electronics,2249.0,5079.0,4.5,55.71962984839536,49.0,Other,337
Electronics,897.0,2999.0,3.7,70.09003001000333,97.0,Other,227
Electronics,649.0,2999.0,4.2,78.35945315105035,49.0,Other,251
Electronics,649.0,2999.0,4.2,78.35945315105035,49.0,Other,467
Electronics,699.0,2999.0,4.2,76.69223074358119,99.0,Charm,82
Electronics,649.0,2999.0,4.2,78.35945315105035,49.0,Other,427
Electronics,1859.0,5099.0,4.6,63.54187095508923,59.0,Other,351
Electronics,429.0,1999.0,3.8,78.53926963481742,29.0,Other,149
Electronics,1069.0,3300.0,4.2,67.60606060606061,69.0,Other,398
Electronics,699.0,2999.0,4.2,76.69223074358119,99.0,Charm,208
Electronics,649.0,2999.0,4.2,78.35945315105035,49.0,Other,254
Electronics,1700.0,2300.0,4.2,26.08695652173913,0.0,Round,138
Electronics,818.0,3599.0,4.3,77.27146429563768,18.0,Other,270
Electronics,649.0,2999.0,4.2,78.35945315105035,49.0,Other,208
Electronics,857.0,3599.0,4.2,76.18782995276464,57.0,Other,111
Electronics,1600.0,2100.0,4.3,23.809523809523807,0.0,Round,484
Electronics,888.0,3499.0,4.2,74.62132037725064,88.0,Other,94
Electronics,339.0,1599.0,4.0,78.79924953095684,39.0,Other,368
Electronics,649.0,2999.0,4.2,78.35945315105035,49.0,Other,341
Electronics,1100.0,1500.0,4.2,26.666666666666668,0.0,Round,419
Electronics,999.0,1999.0,4.5,50.025012506253134,99.0,Charm,107
Electronics,818.0,3599.0,4.3,77.27146429563768,18.0,Other,267
Electronics,818.0,3599.0,4.3,77.27146429563768,18.0,Other,475
Electronics,405.0,1999.0,3.9,79.73986993496749,5.0,Other,364
Electronics,1339.0,3099.0,4.3,56.792513714101325,39.0,Other,93
Electronics,516.0,1999.0,4.2,74.18709354677338,16.0,Other,360
Electronics,1189.0,3300.0,4.4,63.96969696969697,89.0,Other,428
Electronics,2754.0,3999.0,3.8,31.13278319579895,54.0,Other,170
Electronics,532.0,2399.0,4.1,77.82409337223844,32.0,Other,256
Electronics,1091.0,4599.0,4.2,76.27745161991737,91.0,Other,473
Electronics,888.0,3499.0,4.2,74.62132037725064,88.0,Other,364
Electronics,679.0,3299.0,4.1,79.41800545619884,79.0,Other,54
Electronics,1325.0,4599.0,4.3,71.18938899760818,25.0,Other,158
Electronics,1075.0,2199.0,4.4,51.114142792178264,75.0,Other,452
Electronics,532.0,2199.0,3.8,75.80718508412915,32.0,Other,437
Electronics,1200.0,1600.0,4.1,25.0,0.0,Round,61
Electronics,857.0,3599.0,4.2,76.18782995276464,57.0,Other,351
Electronics,584.0,2499.0,4.1,76.63065226090437,84.0,Other,354
Electronics,1059.0,2599.0,4.3,59.25355906117738,59.0,Other,359
Electronics,559.0,2999.0,3.8,81.36045348449483,59.0,Other,334
Electronics,629.0,1390.0,4.5,54.74820143884892,29.0,Other,231
Electronics,249.0,449.0,4.3,44.543429844098,49.0,Other,212
Electronics,499.0,995.0,4.5,49.84924623115578,99.0,Charm,212
Electronics,299.0,650.0,4.4,54.0,99.0,Charm,144
Electronics,149.0,249.0,4.2,40.16064257028113,49.0,Other,297
Electronics,599.0,999.0,4.5,40.04004004004004,99.0,Charm,82
Electronics,279.0,375.0,4.4,25.6,79.0,Other,132
Electronics,236.0,250.0,3.3,5.6000000000000005,36.0,Other,79
Electronics,179.0,349.0,4.3,48.71060171919771,79.0,Other,183
Electronics,269.0,399.0,4.3,32.581453634085214,69.0,Other,293
Electronics,129.0,449.0,4.0,71.26948775055679,29.0,Other,115
Electronics,269.0,599.0,3.8,55.09181969949917,69.0,Other,448
Electronics,589.0,899.0,4.3,34.48275862068966,89.0,Other,58
Electronics,299.0,399.0,4.3,25.062656641604008,99.0,Charm,323
Electronics,429.0,1995.0,4.3,78.49624060150376,29.0,Other,298
Electronics,249.0,599.0,5.0,58.43071786310517,49.0,Other,399
Electronics,399.0,1995.0,4.3,80.0,99.0,Charm,270
Electronics,399.0,1995.0,4.3,80.0,99.0,Charm,121
Electronics,569.0,999.0,4.5,43.04304304304304,69.0,Other,490
Electronics,649.0,899.0,4.4,27.808676307007786,49.0,Other,412
Electronics,359.0,1585.0,4.5,77.35015772870662,59.0,Other,464
Electronics,149.0,499.0,4.0,70.14028056112225,49.0,Other,465
Electronics,399.0,799.0,4.4,50.06257822277848,99.0,Charm,76
Electronics,289.0,389.0,4.4,25.70694087403599,89.0,Other,447
Electronics,449.0,1499.0,4.5,70.04669779853235,49.0,Other,478
Electronics,139.0,229.0,4.1,39.30131004366812,39.0,Other,271
Electronics,189.0,699.0,4.5,72.96137339055794,89.0,Other,453
Electronics,299.0,499.0,4.1,40.08016032064128,99.0,Charm,58
Electronics,139.0,199.0,4.0,30.15075376884422,39.0,Other,123
Electronics,299.0,499.0,4.1,40.08016032064128,99.0,Charm,59
Electronics,299.0,599.0,4.2,50.08347245409015,99.0,Charm,163
Electronics,499.0,999.0,4.5,50.050050050050054,99.0,Charm,428
Electronics,299.0,499.0,4.1,40.08016032064128,99.0,Charm,468
Electronics,849.0,1199.0,4.4,29.190992493744787,49.0,Other,258
Electronics,849.0,1391.0,4.4,38.9647735442128,49.0,Other,418
Electronics,985.0,1499.0,4.4,34.2895263509006,85.0,Other,254
Electronics,499.0,999.0,4.5,50.050050050050054,99.0,Charm,309
Electronics,499.0,999.0,4.5,50.050050050050054,99.0,Charm,80
Electronics,449.0,699.0,4.3,35.7653791130186,49.0,Other,263
Electronics,250.0,550.0,3.6,54.54545454545454,50.0,Other,460
Electronics,11499.0,15785.0,4.1,27.152359835286667,99.0,Charm,490
Electronics,13099.0,14552.0,4.8,9.984881803188566,99.0,Charm,337
Electronics,14799.0,17370.0,4.4,14.801381692573404,99.0,Charm,150
Electronics,16699.0,18848.0,4.4,11.401740237691001,99.0,Charm,139
Electronics,13999.0,15980.0,4.8,12.396745932415518,99.0,Charm,288
Electronics,11999.0,14804.0,4.1,18.947581734666304,99.0,Charm,426
Electronics,17699.0,18768.0,4.5,5.695865302642797,99.0,Charm,74
Electronics,11349.0,12995.0,4.3,12.666410157752983,49.0,Other,397
Electronics,20999.0,24578.0,4.1,14.561803238668727,99.0,Charm,331
Electronics,13299.0,15373.0,4.4,13.491185845313211,99.0,Charm,110
Electronics,15999.0,16087.0,4.2,0.5470255485795984,99.0,Charm,288
Electronics,18990.0,,4.4,,90.0,Other,359
Electronics,19795.0,30099.0,4.5,34.23369547161035,95.0,Other,255
Electronics,29999.0,73900.0,4.5,59.40595399188092,99.0,Charm,253
Electronics,17500.0,19990.0,4.5,12.456228114057028,0.0,Round,244
Electronics,12299.0,15500.0,4.4,20.651612903225807,99.0,Charm,362
Electronics,22700.0,35990.0,4.4,36.926924145596,0.0,Round,209
Electronics,19999.0,29100.0,4.1,31.274914089347078,99.0,Charm,80
Electronics,19999.0,36000.0,4.3,44.44722222222222,99.0,Charm,262
Electronics,29999.0,40900.0,4.7,26.652811735941324,99.0,Charm,444
Electronics,43500.0,44900.0,4.2,3.11804008908686,0.0,Round,453
Electronics,29990.0,33900.0,4.6,11.53392330383481,90.0,Other,292
Electronics,68079.0,68900.0,4.6,1.1915820029027575,79.0,Other,159
Electronics,1099.0,4999.0,4.0,78.01560312062412,99.0,Charm,338
Electronics,1499.0,4999.0,4.4,70.01400280056012,99.0,Charm,393
Electronics,1499.0,2999.0,4.2,50.01667222407469,99.0,Charm,498
Electronics,1899.0,3999.0,4.0,52.51312828207052,99.0,Charm,417
Electronics,3299.0,6999.0,4.4,52.86469495642234,99.0,Charm,310
Electronics,1599.0,2990.0,4.2,46.52173913043478,99.0,Charm,124
Electronics,998.0,999.0,3.8,0.10010010010010009,98.0,Other,394
Electronics,5999.0,15999.0,4.2,62.50390649415588,99.0,Charm,59
Electronics,8999.0,16990.0,4.1,47.033549146556794,99.0,Charm,488
Electronics,4799.0,9999.0,4.4,52.00520052005201,99.0,Charm,184
Electronics,1899.0,3499.0,4.0,45.727350671620464,99.0,Charm,272
Electronics,6999.0,13990.0,4.4,49.971408148677625,99.0,Charm,469
Electronics,1799.0,3990.0,4.2,54.91228070175439,99.0,Charm,358
Electronics,6499.0,15999.0,4.3,59.378711169448096,99.0,Charm,331
Electronics,6499.0,14990.0,4.0,56.6444296197465,99.0,Charm,134
Electronics,3999.0,11999.0,4.1,66.67222268522377,99.0,Charm,434
Electronics,6499.0,12499.0,4.3,48.00384030722458,99.0,Charm,323
Electronics,1699.0,2999.0,4.1,43.347782594198065,99.0,Charm,307
Electronics,5999.0,14990.0,4.2,59.979986657771846,99.0,Charm,308
Electronics,2840.0,6999.0,3.8,59.42277468209745,40.0,Other,331
Electronics,10999.0,24990.0,4.4,55.986394557823125,99.0,Charm,199
Electronics,4999.0,9999.0,4.1,50.00500050005,99.0,Charm,452
Electronics,699.0,1599.0,4.1,56.28517823639775,99.0,Charm,470
Electronics,14999.0,37999.0,4.3,60.527908629174455,99.0,Charm,60
Electronics,5999.0,15990.0,4.2,62.48280175109443,99.0,Charm,277
Electronics,17990.0,19990.0,4.4,10.005002501250624,90.0,Other,238
Electronics,26990.0,29990.0,4.4,10.00333444481494,90.0,Other,156
Electronics,13999.0,24990.0,4.2,43.981592637054824,99.0,Charm,156
Electronics,1499.0,3499.0,4.0,57.15918833952558,99.0,Charm,394
Electronics,931.0,2399.0,4.0,61.192163401417254,31.0,Other,294
Electronics,9499.0,11990.0,4.4,20.77564637197665,99.0,Charm,321
Electronics,940.0,2399.0,3.9,60.817007086285955,40.0,Other,484
Electronics,12999.0,16999.0,4.1,23.530795929172303,99.0,Charm,198
Electronics,749.0,2000.0,3.9,62.55,49.0,Other,196
Electronics,27990.0,49900.0,4.3,43.90781563126252,90.0,Other,307
Electronics,5999.0,10999.0,5.0,45.45867806164197,99.0,Charm,298
Electronics,1499.0,2999.0,4.2,50.01667222407469,99.0,Charm,91
Electronics,6499.0,14999.0,4.3,56.67044469631308,99.0,Charm,277
Electronics,9998.0,21999.0,4.3,54.55247965816628,98.0,Other,154
Electronics,1999.0,3499.0,4.0,42.869391254644185,99.0,Charm,178
Electronics,999.0,1599.0,3.7,37.5234521575985,99.0,Charm,94
Electronics,474.0,999.0,3.0,52.552552552552555,74.0,Other,234
Electronics,1499.0,2999.0,4.2,50.01667222407469,99.0,Charm,149
Electronics,1599.0,2999.0,4.2,46.68222740913638,99.0,Charm,56
Electronics,799.0,1999.0,4.2,60.030015007503756,99.0,Charm,345
Electronics,1899.0,3999.0,4.0,52.51312828207052,99.0,Charm,73
Electronics,435.0,1500.0,3.9,71.0,35.0,Other,172
Electronics,549.0,999.0,4.2,45.04504504504504,49.0,Other,330
Electronics,499.0,1500.0,3.8,66.73333333333333,99.0,Charm,441
Electronics,2999.0,6999.0,3.9,57.151021574510644,99.0,Charm,361
Electronics,3299.0,6999.0,4.4,52.86469495642234,99.0,Charm,236
Electronics,699.0,1499.0,3.7,53.36891260840561,99.0,Charm,62
Electronics,4999.0,8999.0,4.4,44.4493832648072,99.0,Charm,207
Electronics,1699.0,3490.0,4.3,51.318051575931236,99.0,Charm,213
Electronics,399.0,900.0,4.0,55.666666666666664,99.0,Charm,303
Electronics,499.0,1499.0,3.7,66.711140760507,99.0,Charm,384
Electronics,1599.0,2990.0,4.2,46.52173913043478,99.0,Charm,244
Electronics,1549.0,2499.0,3.8,38.015206082432975,49.0,Other,250
Electronics,1699.0,3490.0,4.3,51.318051575931236,99.0,Charm,416
Electronics,1099.0,4999.0,4.0,78.01560312062412,99.0,Charm,62
Electronics,3299.0,7999.0,4.1,58.75734466808351,99.0,Charm,320
Electronics,3499.0,6990.0,4.4,49.94277539341917,99.0,Charm,169
Electronics,998.0,999.0,3.8,0.10010010010010009,98.0,Other,253
Electronics,499.0,1499.0,3.7,66.711140760507,99.0,Charm,181
Electronics,5999.0,15999.0,4.2,62.50390649415588,99.0,Charm,190
Electronics,799.0,1999.0,4.2,60.030015007503756,99.0,Charm,346
Electronics,1399.0,2499.0,4.1,44.017607042817126,99.0,Charm,94
Electronics,999.0,1599.0,3.7,37.5234521575985,99.0,Charm,261
Electronics,435.0,1500.0,3.9,71.0,35.0,Other,301
Electronics,799.0,2999.0,4.0,73.35778592864288,99.0,Charm,174
Electronics,2199.0,2999.0,3.8,26.675558519506502,99.0,Charm,144
Electronics,1299.0,1499.0,3.9,13.342228152101402,99.0,Charm,378
Electronics,2299.0,2999.0,3.8,23.34111370456819,99.0,Charm,150
Electronics,4399.0,9499.0,4.2,53.6898620907464,99.0,Charm,259
Electronics,4799.0,9999.0,4.4,52.00520052005201,99.0,Charm,209
Electronics,999.0,1599.0,3.7,37.5234521575985,99.0,Charm,461
Electronics,8999.0,16990.0,4.1,47.033549146556794,99.0,Charm,235
Electronics,1599.0,2799.0,3.7,42.87245444801715,99.0,Charm,248
Electronics,1999.0,2990.0,4.0,33.1438127090301,99.0,Charm,326
Electronics,1499.0,4999.0,4.4,70.01400280056012,99.0,Charm,113
Electronics,852.0,1852.0,4.2,53.99568034557235,52.0,Other,424
Electronics,999.0,2099.0,4.1,52.40590757503573,99.0,Charm,307
Electronics,1115.0,2118.0,4.2,47.35599622285175,15.0,Other,249
Electronics,852.0,1953.0,4.1,56.374807987711215,52.0,Other,302
Electronics,749.0,1618.0,4.2,53.708281829419036,49.0,Other,55
Electronics,785.0,2000.0,3.5,60.75000000000001,85.0,Other,100
Electronics,1000.0,1999.0,4.2,49.97498749374687,0.0,Round,170
Electronics,1678.0,3999.0,4.1,58.039509877469364,78.0,Other,369
Electronics,1099.0,1799.0,3.8,38.91050583657588,99.0,Charm,140
Electronics,859.0,1859.0,3.5,53.79236148466918,59.0,Other,194
Electronics,1499.0,2499.0,3.4,40.01600640256102,99.0,Charm,370
Electronics,1118.0,2399.0,4.2,53.397248853689035,18.0,Other,277
Electronics,1619.0,2593.0,4.0,37.56266872348631,19.0,Other,237
Electronics,852.0,1852.0,4.2,53.99568034557235,52.0,Other,351
Electronics,821.0,2121.0,3.5,61.291843470061295,21.0,Other,267
Electronics,1567.0,3999.0,3.3,60.815203800950236,67.0,Other,65
Electronics,1115.0,2118.0,4.2,47.35599622285175,15.0,Other,220
Electronics,1099.0,1799.0,3.7,38.91050583657588,99.0,Charm,113
Electronics,1115.0,2352.0,3.9,52.593537414965986,15.0,Other,469
Electronics,1953.0,3899.0,4.3,49.91023339317774,53.0,Other,352
Electronics,932.0,1999.0,4.3,53.37668834417209,32.0,Other,67
Electronics,1223.0,2099.0,4.5,41.73415912339209,23.0,Other,307
Electronics,,,3.0,,,Other,170
Electronics,2852.0,4799.0,4.0,40.57095228172536,52.0,Other,61
Electronics,1349.0,3399.0,4.0,60.31185642836129,49.0,Other,377
Electronics,749.0,2499.0,3.8,70.02801120448179,49.0,Other,278
Electronics,852.0,1852.0,4.3,53.99568034557235,52.0,Other,400
Electronics,1568.0,2199.0,4.3,28.694861300591178,68.0,Other,136
Electronics,2287.0,2889.0,4.2,20.837660089996536,87.0,Other,91
Electronics,956.0,1950.0,3.5,50.97435897435898,56.0,Other,194
Electronics,760.0,1760.0,3.5,56.81818181818182,60.0,Other,125
Electronics,1453.0,1753.0,4.4,17.113519680547633,53.0,Other,161
Electronics,978.0,2099.0,4.1,53.40638399237733,78.0,Other,283
Electronics,1844.0,3335.0,4.2,44.70764617691154,44.0,Other,162
Electronics,1115.0,2118.0,4.1,47.35599622285175,15.0,Other,351
Electronics,1301.0,2360.0,4.3,44.8728813559322,1.0,Other,220
Electronics,1609.0,2609.0,3.5,38.328861632809506,9.0,Other,344
Electronics,1899.0,2149.0,4.7,11.633317822242905,99.0,Charm,324
Electronics,852.0,1852.0,4.4,53.99568034557235,52.0,Other,461
Electronics,1246.0,1799.0,4.3,30.739299610894943,46.0,Other,196
Electronics,388.0,,3.4,,88.0,Other,364
Electronics,97995.0,,5.0,,95.0,Other,320
Electronics,87990.0,94950.0,4.5,7.330173775671406,90.0,Other,485
Electronics,388.0,,4.4,,88.0,Other,84
Electronics,35990.0,41995.0,4.5,14.299321347779498,90.0,Other,223
Electronics,10102.0,17000.0,4.1,40.57647058823529,2.0,Other,67
Electronics,874.0,5090.0,3.1,82.82907662082515,74.0,Other,203
Electronics,1699.0,2899.0,4.2,41.393583994480856,99.0,Charm,253
Electronics,1150.0,2499.0,3.9,53.98159263705482,50.0,Other,412
Electronics,49026.0,51500.0,3.9,4.803883495145631,26.0,Other,68
Electronics,9899.0,9995.0,4.6,0.96048024012006,99.0,Charm,98
Electronics,8999.0,15200.0,4.2,40.79605263157895,99.0,Charm,395
Electronics,199690.0,229490.0,4.8,12.985315264281668,90.0,Other,348
Electronics,19350.0,19450.0,4.7,0.5141388174807198,50.0,Other,105
Electronics,7410.0,9990.0,4.2,25.825825825825827,10.0,Other,121
Electronics,22689.0,25990.0,4.4,12.701038861100422,89.0,Other,181
Electronics,559.0,1000.0,3.2,44.1,59.0,Other,494
Electronics,87023.0,94950.0,4.9,8.348604528699315,23.0,Other,293
Electronics,29299.0,52500.0,4.9,44.19238095238095,99.0,Charm,261
Electronics,606.0,1299.0,3.5,53.34872979214781,6.0,Other,342
Electronics,118995.0,,4.3,,95.0,Other,427
Electronics,31995.0,34995.0,4.5,8.572653236176597,95.0,Other,348
Electronics,81499.0,99000.0,4.5,17.677777777777777,99.0,Charm,159
Electronics,108790.0,117990.0,4.8,7.797270955165692,90.0,Other,64
Electronics,107909.0,109950.0,4.8,1.8562983174170076,9.0,Other,437
Electronics,43990.0,49990.0,4.8,12.00240048009602,90.0,Other,453
Electronics,27099.0,27990.0,4.8,3.1832797427652735,99.0,Charm,246
Electronics,48690.0,55990.0,4.6,13.038042507590642,90.0,Other,392
Electronics,29399.0,52500.0,4.9,44.00190476190476,99.0,Charm,162
Electronics,8900.0,19999.0,4.0,55.49777488874443,0.0,Round,170
Electronics,17990.0,18000.0,4.7,0.05555555555555555,90.0,Other,282
Electronics,52190.0,59990.0,4.6,13.002167027837974,90.0,Other,346
Electronics,154890.0,177990.0,4.7,12.97825720546098,90.0,Other,265
Electronics,20995.0,21995.0,4.6,4.546487838145033,95.0,Other,89
Electronics,51000.0,,4.9,,0.0,Round,404
Electronics,41995.0,45995.0,4.5,8.696597456245245,95.0,Other,110
Electronics,17199.0,18000.0,4.7,4.45,99.0,Charm,365
Electronics,30699.0,34000.0,4.8,9.708823529411765,99.0,Charm,135
Electronics,38990.0,,4.8,,90.0,Other,180
Electronics,67999.0,74999.0,4.8,9.333457779437058,99.0,Charm,177
Electronics,28999.0,31990.0,4.8,9.349796811503595,99.0,Charm,284
Electronics,73569.0,87990.0,4.8,16.389362427548583,69.0,Other,208
Electronics,62490.0,70990.0,4.8,11.973517396816453,90.0,Other,431
Electronics,50975.0,64950.0,4.9,21.51655119322556,75.0,Other,490
Electronics,78290.0,89990.0,5.0,13.001444604956106,90.0,Other,127
Electronics,47999.0,50950.0,5.0,5.791952894995093,99.0,Charm,315
Electronics,42990.0,,4.8,,90.0,Other,416
Electronics,42499.0,47490.0,4.8,10.50958096441356,99.0,Charm,461
Electronics,70490.0,80990.0,4.2,12.964563526361278,90.0,Other,261
Electronics,145290.0,166990.0,4.7,12.994790107192047,90.0,Other,444
Electronics,389.0,999.0,4.8,61.06106106106106,89.0,Other,74
Electronics,399.0,1499.0,4.1,73.3822548365577,99.0,Charm,139
Electronics,299.0,1299.0,3.8,76.98229407236336,99.0,Charm,153
Electronics,636.0,2993.0,3.9,78.75041764116271,36.0,Other,356
Electronics,319.0,999.0,3.6,68.06806806806807,19.0,Other,368
Electronics,284.0,1299.0,3.7,78.13702848344882,84.0,Other,443
Electronics,299.0,1999.0,4.0,85.04252126063031,99.0,Charm,122
Electronics,999.0,2199.0,3.8,54.570259208731244,99.0,Charm,173
Electronics,599.0,999.0,5.0,40.04004004004004,99.0,Charm,495
Electronics,597.0,1999.0,3.5,70.13506753376689,97.0,Other,258
Electronics,299.0,1999.0,4.0,85.04252126063031,99.0,Charm,478
Electronics,469.0,999.0,2.5,53.053053053053056,69.0,Other,251
Electronics,349.0,1299.0,3.7,73.13317936874519,49.0,Other,487
Electronics,1549.0,2495.0,4.4,37.91583166332666,49.0,Other,491
Electronics,395.0,1500.0,3.9,73.66666666666667,95.0,Other,316
Electronics,499.0,1499.0,4.1,66.711140760507,99.0,Charm,139
Electronics,280.0,1374.0,3.9,79.62154294032024,80.0,Other,439
Electronics,398.0,1999.0,3.9,80.09004502251126,98.0,Other,193
Electronics,330.0,1999.0,3.9,83.49174587293648,30.0,Other,166
Electronics,340.0,598.0,3.5,43.1438127090301,40.0,Other,359
Electronics,365.0,1505.0,3.5,75.74750830564784,65.0,Other,120
Electronics,349.0,1999.0,3.6,82.54127063531766,49.0,Other,163
Electronics,280.0,1299.0,3.9,78.44495765973825,80.0,Other,101
Electronics,349.0,1999.0,4.0,82.54127063531766,49.0,Other,472
Electronics,826.0,2000.0,4.0,58.699999999999996,26.0,Other,54
Electronics,899.0,3990.0,4.2,77.468671679198,99.0,Charm,208
Electronics,219.0,599.0,3.9,63.43906510851419,19.0,Other,143
Electronics,325.0,699.0,3.5,53.50500715307582,25.0,Other,499
Electronics,499.0,1299.0,3.7,61.585835257890686,99.0,Charm,468
Electronics,705.0,2499.0,3.9,71.78871548619448,5.0,Other,128
Electronics,347.0,799.0,3.5,56.57071339173968,47.0,Other,292
Electronics,259.0,999.0,3.8,74.07407407407408,59.0,Other,188
Electronics,291.0,988.0,3.9,70.54655870445345,91.0,Other,214
Electronics,399.0,900.0,4.2,55.666666666666664,99.0,Charm,414
Electronics,489.0,1200.0,3.9,59.25,89.0,Other,425
Electronics,469.0,1999.0,4.4,76.53826913456729,69.0,Other,456
Electronics,432.0,1999.0,3.9,78.38919459729865,32.0,Other,168
Electronics,266.0,999.0,3.4,73.37337337337337,66.0,Other,319
Electronics,599.0,999.0,5.0,40.04004004004004,99.0,Charm,203
Electronics,349.0,1999.0,3.7,82.54127063531766,49.0,Other,443
Electronics,2899.0,6999.0,4.3,58.57979711387341,99.0,Charm,181
Electronics,7999.0,9999.0,4.4,20.00200020002,99.0,Charm,488
Electronics,1529.0,2399.0,4.3,36.26511046269279,29.0,Other,253
Electronics,949.0,1699.0,4.3,44.14361389052384,49.0,Other,339
Electronics,1999.0,3569.0,4.3,43.98991314093584,99.0,Charm,408
Electronics,1799.0,2999.0,4.1,40.01333777925976,99.0,Charm,446
Electronics,2499.0,4999.0,4.4,50.01000200040008,99.0,Charm,234
Electronics,1149.0,1699.0,4.2,32.37198351971748,49.0,Other,458
Electronics,1449.0,2499.0,4.1,42.016806722689076,49.0,Other,461
Electronics,899.0,1800.0,4.2,50.05555555555555,99.0,Charm,234
Electronics,1469.0,2499.0,4.3,41.21648659463786,69.0,Other,368
Electronics,1889.0,4245.0,4.3,55.50058892815076,89.0,Other,332
Electronics,2399.0,4799.0,4.4,50.01041883725777,99.0,Charm,290
Electronics,1149.0,1599.0,4.3,28.142589118198874,49.0,Other,419
Electronics,2299.0,3388.0,4.3,32.142857142857146,99.0,Charm,122
Electronics,1098.0,2500.0,4.2,56.08,98.0,Other,368
Electronics,1899.0,3499.0,4.1,45.727350671620464,99.0,Charm,262
Electronics,2499.0,3999.0,4.4,37.50937734433609,99.0,Charm,308
Electronics,2699.0,3999.0,4.4,32.50812703175794,99.0,Charm,196
Electronics,3399.0,5492.0,4.4,38.10997815003642,99.0,Charm,245
Electronics,996.0,1846.0,4.3,46.04550379198267,96.0,Other,465
Electronics,2099.0,3999.0,4.1,47.511877969492375,99.0,Charm,301
Electronics,949.0,1699.0,4.4,44.14361389052384,49.0,Other,125
Electronics,2399.0,4000.0,4.1,40.025,99.0,Charm,96
Electronics,999.0,1199.0,4.1,16.680567139282733,99.0,Charm,405
Electronics,1299.0,1652.0,4.0,21.3680387409201,99.0,Charm,451
Electronics,1599.0,3585.0,4.3,55.39748953974895,99.0,Charm,89
Electronics,949.0,1475.0,4.1,35.66101694915254,49.0,Other,480
Electronics,1149.0,1599.0,4.1,28.142589118198874,49.0,Other,241
Electronics,1499.0,3500.0,4.0,57.17142857142857,99.0,Charm,421
Electronics,17999.0,26999.0,4.4,33.334567946960995,99.0,Charm,200
Electronics,2999.0,3999.0,4.3,25.006251562890725,99.0,Charm,400
Electronics,3231.0,5199.0,4.4,37.8534333525678,31.0,Other,401
Electronics,10999.0,15999.0,4.6,31.25195324707794,99.0,Charm,451
Electronics,2841.0,5455.0,4.8,47.919340054995416,41.0,Other,146
Electronics,4599.0,6397.0,4.3,28.10692512115054,99.0,Charm,420
Electronics,1199.0,2299.0,3.9,47.84688995215311,99.0,Charm,128
Electronics,12599.0,21999.0,4.4,42.72921496431656,99.0,Charm,363
Electronics,6299.0,12999.0,4.4,51.54242634048774,99.0,Charm,273
Electronics,2099.0,2975.0,4.1,29.445378151260503,99.0,Charm,386
Men's wear,699.0,3999.0,3.4,82.52063015753939,99.0,Charm,242
Men's wear,466.0,999.0,4.0,53.35335335335335,66.0,Other,498
Men's wear,229.0,995.0,3.7,76.98492462311557,29.0,Other,355
Men's wear,289.0,999.0,3.8,71.07107107107107,89.0,Other,440
Men's wear,1047.0,1699.0,4.1,38.37551500882872,47.0,Other,438
Men's wear,249.0,1425.0,3.8,82.52631578947368,49.0,Other,349
Men's wear,319.0,998.0,3.7,68.03607214428857,19.0,Other,407
Men's wear,749.0,999.0,4.0,25.025025025025027,49.0,Other,418
Men's wear,336.0,999.0,4.0,66.36636636636636,36.0,Other,153
Men's wear,284.0,1999.0,3.9,85.79289644822411,84.0,Other,440
Men's wear,1047.0,1699.0,4.1,38.37551500882872,47.0,Other,321
Men's wear,749.0,999.0,4.0,25.025025025025027,49.0,Other,61
Men's wear,272.0,1299.0,3.8,79.06081601231718,72.0,Other,180
Men's wear,229.0,998.0,3.7,77.05410821643287,29.0,Other,299
Men's wear,401.0,1299.0,3.8,69.13010007698229,1.0,Other,198
Men's wear,749.0,999.0,4.0,25.025025025025027,49.0,Other,347
Men's wear,549.0,1099.0,4.0,50.04549590536852,49.0,Other,259
Men's wear,559.0,1999.0,3.9,72.0360180090045,59.0,Other,119
Men's wear,1224.0,4899.0,4.3,75.01530924678505,24.0,Other,237
Men's wear,2490.0,3099.0,3.6,19.651500484027107,90.0,Other,338
Men's wear,1047.0,2099.0,4.1,50.119104335397815,47.0,Other,365
Men's wear,499.0,699.0,4.2,28.612303290414882,99.0,Charm,264
Men's wear,599.0,999.0,4.1,40.04004004004004,99.0,Charm,122
Men's wear,1349.0,3999.0,4.0,66.26656664166042,49.0,Other,185
Men's wear,329.0,999.0,3.7,67.06706706706707,29.0,Other,141
Men's wear,799.0,1299.0,4.0,38.49114703618168,99.0,Charm,166
Men's wear,401.0,1299.0,3.8,69.13010007698229,1.0,Other,252
Men's wear,399.0,999.0,4.3,60.06006006006006,99.0,Charm,96
Men's wear,849.0,1049.0,4.2,19.065776930409914,49.0,Other,76
Men's wear,1047.0,2299.0,4.1,54.45846020008699,47.0,Other,359
Men's wear,1035.0,2299.0,4.2,54.980426272292306,35.0,Other,133
Men's wear,2759.0,4999.0,3.6,44.808961792358474,59.0,Other,259
Men's wear,524.0,699.0,4.2,25.035765379113016,24.0,Other,91
Men's wear,559.0,1999.0,3.9,72.0360180090045,59.0,Other,378
Men's wear,599.0,999.0,4.1,40.04004004004004,99.0,Charm,94
Men's wear,699.0,899.0,4.4,22.246941045606228,99.0,Charm,51
Men's wear,401.0,1299.0,3.7,69.13010007698229,1.0,Other,71
Men's wear,1224.0,4899.0,4.2,75.01530924678505,24.0,Other,119
Men's wear,849.0,1049.0,4.2,19.065776930409914,49.0,Other,337
Men's wear,1999.0,2799.0,3.9,28.5816362986781,99.0,Charm,210
Men's wear,598.0,1699.0,3.0,64.80282519128899,98.0,Other,83
Men's wear,598.0,1699.0,3.0,64.80282519128899,98.0,Other,57
Men's wear,199.0,1299.0,3.7,84.68052347959969,99.0,Charm,185
Men's wear,264.0,999.0,3.8,73.57357357357357,64.0,Other,122
Men's wear,219.0,999.0,3.9,78.07807807807808,19.0,Other,271
Men's wear,429.0,1110.0,3.8,61.35135135135135,29.0,Other,118
Men's wear,199.0,1299.0,3.8,84.68052347959969,99.0,Charm,222
Men's wear,999.0,1999.0,4.4,50.025012506253134,99.0,Charm,484
Men's wear,289.0,799.0,3.8,63.829787234042556,89.0,Other,431
Men's wear,499.0,1999.0,4.0,75.03751875937968,99.0,Charm,433
Men's wear,229.0,1490.0,3.9,84.63087248322148,29.0,Other,407
Men's wear,749.0,2499.0,4.0,70.02801120448179,49.0,Other,230
Men's wear,219.0,999.0,3.9,78.07807807807808,19.0,Other,308
Men's wear,499.0,1999.0,4.0,75.03751875937968,99.0,Charm,54
Men's wear,699.0,1898.0,3.8,63.17175974710221,99.0,Charm,72
Men's wear,999.0,2999.0,2.6,66.68889629876625,99.0,Charm,69
Men's wear,532.0,1425.0,3.8,62.66666666666667,32.0,Other,136
Men's wear,434.0,1999.0,3.8,78.28914457228613,34.0,Other,243
Men's wear,449.0,1110.0,3.6,59.54954954954955,49.0,Other,364
Men's wear,413.0,999.0,4.0,58.65865865865866,13.0,Other,173
Men's wear,199.0,1299.0,3.8,84.68052347959969,99.0,Charm,378
Men's wear,467.0,1299.0,3.7,64.04926866820631,67.0,Other,328
Men's wear,749.0,3748.0,4.0,80.01600853788688,49.0,Other,480
Men's wear,413.0,999.0,3.9,58.65865865865866,13.0,Other,109
Men's wear,486.0,649.0,4.1,25.115562403698,86.0,Other,311
Men's wear,520.0,999.0,4.1,47.94794794794795,20.0,Other,162
Men's wear,272.0,1299.0,3.8,79.06081601231718,72.0,Other,443
Men's wear,413.0,999.0,4.0,58.65865865865866,13.0,Other,252
Men's wear,404.0,999.0,3.9,59.55955955955956,4.0,Other,112
Men's wear,199.0,1299.0,3.8,84.68052347959969,99.0,Charm,443
Men's wear,379.0,1354.0,3.8,72.00886262924668,79.0,Other,324
Men's wear,549.0,999.0,3.8,45.04504504504504,49.0,Other,387
Men's wear,289.0,999.0,3.7,71.07107107107107,89.0,Other,69
Men's wear,1149.0,1999.0,4.0,42.521260630315155,49.0,Other,347
Men's wear,282.0,1354.0,3.8,79.1728212703102,82.0,Other,294
Men's wear,549.0,999.0,3.8,45.04504504504504,49.0,Other,411
Men's wear,599.0,999.0,4.0,40.04004004004004,99.0,Charm,349
Men's wear,1444.0,4499.0,4.0,67.90397866192487,44.0,Other,312
Men's wear,199.0,1299.0,3.8,84.68052347959969,99.0,Charm,350
Men's wear,549.0,999.0,3.8,45.04504504504504,49.0,Other,227
Men's wear,1485.0,3585.0,3.8,58.57740585774059,85.0,Other,127
Men's wear,1644.0,7999.0,3.8,79.4474309288661,44.0,Other,404
Men's wear,402.0,1999.0,4.0,79.88994497248623,2.0,Other,357
Men's wear,469.0,999.0,4.0,53.053053053053056,69.0,Other,341
Men's wear,909.0,1299.0,4.1,30.023094688221708,9.0,Other,205
Men's wear,839.0,1199.0,4.1,30.025020850708923,39.0,Other,73
Men's wear,769.0,1099.0,4.2,30.02729754322111,69.0,Other,185
Men's wear,1545.0,3585.0,4.1,56.903765690376574,45.0,Other,305
Men's wear,769.0,1099.0,4.1,30.02729754322111,69.0,Other,99
Men's wear,839.0,1199.0,4.1,30.025020850708923,39.0,Other,471
Men's wear,699.0,999.0,4.1,30.03003003003003,99.0,Charm,167
Men's wear,1485.0,3385.0,4.1,56.12998522895125,85.0,Other,319
Men's wear,839.0,1199.0,4.3,30.025020850708923,39.0,Other,71
Men's wear,548.0,609.0,4.1,10.016420361247947,48.0,Other,304
Men's wear,459.0,999.0,4.1,54.054054054054056,59.0,Other,128
Men's wear,659.0,1499.0,4.0,56.03735823882589,59.0,Other,101
Men's wear,649.0,999.0,4.2,35.03503503503504,49.0,Other,338
Men's wear,999.0,2499.0,4.0,60.024009603841534,99.0,Charm,162
Men's wear,779.0,1199.0,4.1,35.029190992493746,79.0,Other,251
Men's wear,616.0,999.0,4.0,38.33833833833834,16.0,Other,204
Men's wear,469.0,999.0,4.0,53.053053053053056,69.0,Other,167
Men's wear,699.0,999.0,4.2,30.03003003003003,99.0,Charm,234
Men's wear,399.0,999.0,4.1,60.06006006006006,99.0,Charm,63
Men's wear,2885.0,,3.0,,85.0,Other,392
Men's wear,469.0,999.0,3.9,53.053053053053056,69.0,Other,216
Men's wear,734.0,1049.0,4.1,30.028598665395617,34.0,Other,431
Men's wear,1299.0,1999.0,4.1,35.01750875437719,99.0,Charm,438
Men's wear,1644.0,7999.0,3.8,79.4474309288661,44.0,Other,119
Men's wear,589.0,1599.0,3.8,63.16447779862414,89.0,Other,124
Men's wear,442.0,999.0,3.9,55.75575575575576,42.0,Other,125
Men's wear,459.0,999.0,4.0,54.054054054054056,59.0,Other,374
Men's wear,1644.0,7999.0,3.7,79.4474309288661,44.0,Other,91
Men's wear,499.0,999.0,3.9,50.050050050050054,99.0,Charm,100
Men's wear,1049.0,1499.0,4.1,30.020013342228154,49.0,Other,234
Men's wear,2596.0,4499.0,4.0,42.298288508557455,96.0,Other,456
Men's wear,2449.0,3999.0,4.4,38.759689922480625,49.0,Other,64
Men's wear,1299.0,1999.0,4.3,35.01750875437719,99.0,Charm,185
Men's wear,399.0,999.0,4.1,60.06006006006006,99.0,Charm,378
Men's wear,467.0,998.0,3.9,53.206412825651306,67.0,Other,437
Men's wear,2159.0,3199.0,3.7,32.51015942482026,59.0,Other,309
Men's wear,949.0,1875.0,2.6,49.38666666666667,49.0,Other,60
Men's wear,679.0,1999.0,2.6,66.03301650825412,79.0,Other,179
Men's wear,399.0,1999.0,3.9,80.040020010005,99.0,Charm,486
Men's wear,288.0,999.0,3.6,71.17117117117117,88.0,Other,381
Men's wear,299.0,1299.0,3.9,76.98229407236336,99.0,Charm,61
Men's wear,779.0,1299.0,4.1,40.03079291762894,79.0,Other,114
Men's wear,519.0,1299.0,4.1,60.046189376443415,19.0,Other,458
Men's wear,949.0,1875.0,2.6,49.38666666666667,49.0,Other,495
Men's wear,299.0,999.0,3.5,70.07007007007007,99.0,Charm,201
Men's wear,769.0,1099.0,4.1,30.02729754322111,69.0,Other,128
Men's wear,1677.0,2795.0,4.1,40.0,77.0,Other,367
Men's wear,679.0,1999.0,2.6,66.03301650825412,79.0,Other,277
Men's wear,299.0,999.0,3.6,70.07007007007007,99.0,Charm,257
Men's wear,299.0,999.0,3.5,70.07007007007007,99.0,Charm,225
Men's wear,679.0,849.0,4.2,20.023557126030624,79.0,Other,458
Men's wear,899.0,1875.0,2.6,52.05333333333333,99.0,Charm,414
Men's wear,2097.0,3495.0,4.3,40.0,97.0,Other,315
Men's wear,2097.0,3495.0,4.3,40.0,97.0,Other,453
Men's wear,303.0,319.0,4.2,5.015673981191222,3.0,Other,101
Men's wear,899.0,1875.0,2.6,52.05333333333333,99.0,Charm,409
Men's wear,439.0,1999.0,3.9,78.03901950975488,39.0,Other,89
Men's wear,376.0,569.0,3.8,33.91915641476274,76.0,Other,121
Men's wear,721.0,949.0,4.0,24.025289778714438,21.0,Other,264
Men's wear,648.0,1799.0,3.9,63.97998888271261,48.0,Other,480
Men's wear,664.0,949.0,4.1,30.031612223393044,64.0,Other,260
Men's wear,779.0,1299.0,4.1,40.03079291762894,79.0,Other,123
Men's wear,268.0,489.0,3.6,45.194274028629856,68.0,Other,416
Men's wear,889.0,3999.0,3.8,77.76944236059015,89.0,Other,252
Men's wear,1621.0,2495.0,4.2,35.03006012024048,21.0,Other,252
Men's wear,2097.0,3495.0,4.3,40.0,97.0,Other,93
Men's wear,599.0,649.0,4.0,7.704160246533127,99.0,Charm,99
Men's wear,649.0,1899.0,4.3,65.82411795681938,49.0,Other,417
Men's wear,369.0,999.0,3.7,63.06306306306306,69.0,Other,382
Men's wear,789.0,999.0,4.1,21.02102102102102,89.0,Other,324
Men's wear,299.0,999.0,3.4,70.07007007007007,99.0,Charm,126
Men's wear,901.0,2299.0,3.8,60.80904741191823,1.0,Other,242
Men's wear,679.0,849.0,4.2,20.023557126030624,79.0,Other,129
Men's wear,769.0,1099.0,4.1,30.02729754322111,69.0,Other,456
Men's wear,499.0,1999.0,3.9,75.03751875937968,99.0,Charm,248
Men's wear,999.0,2999.0,3.5,66.68889629876625,99.0,Charm,111
Men's wear,376.0,569.0,3.5,33.91915641476274,76.0,Other,96
Men's wear,299.0,499.0,4.0,40.08016032064128,99.0,Charm,294
Men's wear,119.0,159.0,4.0,25.157232704402517,19.0,Other,277
Men's wear,300.0,999.0,3.8,69.96996996996997,0.0,Round,407
Men's wear,269.0,999.0,4.5,73.07307307307308,69.0,Other,406
Men's wear,239.0,999.0,3.6,76.07607607607608,39.0,Other,355
Men's wear,269.0,999.0,4.5,73.07307307307308,69.0,Other,247
Men's wear,259.0,399.0,3.8,35.08771929824561,59.0,Other,197
Men's wear,269.0,499.0,3.7,46.09218436873748,69.0,Other,165
Men's wear,299.0,1497.0,3.4,80.02672010688042,99.0,Charm,483
Men's wear,269.0,999.0,4.5,73.07307307307308,69.0,Other,476
Men's wear,285.0,499.0,3.6,42.88577154308617,85.0,Other,114
Men's wear,279.0,499.0,3.5,44.08817635270541,79.0,Other,404
Men's wear,376.0,569.0,3.8,33.91915641476274,76.0,Other,233
Men's wear,299.0,369.0,4.1,18.97018970189702,99.0,Charm,207
Men's wear,285.0,499.0,3.9,42.88577154308617,85.0,Other,112
Men's wear,299.0,1039.0,3.8,71.22232916265641,99.0,Charm,124
Men's wear,323.0,359.0,4.2,10.027855153203342,23.0,Other,347
Men's wear,269.0,999.0,3.7,73.07307307307308,69.0,Other,62
Men's wear,285.0,499.0,3.4,42.88577154308617,85.0,Other,217
Men's wear,299.0,349.0,4.1,14.326647564469914,99.0,Charm,146
Men's wear,300.0,999.0,3.8,69.96996996996997,0.0,Round,342
Men's wear,190.0,599.0,3.9,68.28046744574291,90.0,Other,220
Men's wear,299.0,499.0,4.1,40.08016032064128,99.0,Charm,93
Men's wear,269.0,1496.0,3.8,82.0187165775401,69.0,Other,245
Men's wear,263.0,999.0,3.8,73.67367367367368,63.0,Other,471
Men's wear,300.0,999.0,3.3,69.96996996996997,0.0,Round,82
Men's wear,299.0,799.0,3.4,62.57822277847309,99.0,Charm,257
Men's wear,199.0,999.0,3.7,80.08008008008008,99.0,Charm,179
Men's wear,249.0,1999.0,3.5,87.54377188594297,49.0,Other,320
Men's wear,679.0,3299.0,4.0,79.41800545619884,79.0,Other,75
Men's wear,898.0,2999.0,3.8,70.05668556185395,98.0,Other,381
Men's wear,618.0,1399.0,4.1,55.82558970693352,18.0,Other,265
Men's wear,299.0,1299.0,3.7,76.98229407236336,99.0,Charm,96
Men's wear,289.0,999.0,3.8,71.07107107107107,89.0,Other,492
Men's wear,629.0,899.0,3.9,30.03337041156841,29.0,Other,475
Men's wear,562.0,749.0,4.2,24.966622162883844,62.0,Other,235
Men's wear,293.0,299.0,4.1,2.0066889632107023,93.0,Other,98
Men's wear,269.0,1496.0,3.8,82.0187165775401,69.0,Other,199
Men's wear,629.0,899.0,3.9,30.03337041156841,29.0,Other,338
Men's wear,647.0,1299.0,4.7,50.19245573518091,47.0,Other,382
Men's wear,999.0,1999.0,4.3,50.025012506253134,99.0,Charm,491
Men's wear,279.0,999.0,3.8,72.07207207207207,79.0,Other,83
Men's wear,199.0,1299.0,3.8,84.68052347959969,99.0,Charm,221
Men's wear,199.0,1299.0,3.8,84.68052347959969,99.0,Charm,96
Men's wear,199.0,1299.0,3.8,84.68052347959969,99.0,Charm,227
Men's wear,199.0,1299.0,3.8,84.68052347959969,99.0,Charm,223
Men's wear,999.0,1999.0,4.8,50.025012506253134,99.0,Charm,127
Men's wear,303.0,999.0,3.8,69.66966966966966,3.0,Other,399
Men's wear,699.0,1599.0,3.6,56.28517823639775,99.0,Charm,150
Men's wear,299.0,699.0,4.0,57.224606580829764,99.0,Charm,191
Men's wear,819.0,1999.0,4.8,59.029514757378685,19.0,Other,341
Men's wear,697.0,1548.0,3.8,54.974160206718345,97.0,Other,309
Men's wear,299.0,699.0,4.0,57.224606580829764,99.0,Charm,402
Men's wear,699.0,999.0,4.1,30.03003003003003,99.0,Charm,75
Men's wear,999.0,1999.0,4.8,50.025012506253134,99.0,Charm,305
Men's wear,615.0,3499.0,3.9,82.4235495855959,15.0,Other,289
Men's wear,299.0,699.0,4.0,57.224606580829764,99.0,Charm,219
Men's wear,299.0,699.0,4.0,57.224606580829764,99.0,Charm,209
Men's wear,999.0,1999.0,4.8,50.025012506253134,99.0,Charm,54
Men's wear,584.0,999.0,4.0,41.54154154154154,84.0,Other,104
Men's wear,699.0,3499.0,3.9,80.02286367533581,99.0,Charm,440
Men's wear,449.0,2499.0,3.8,82.0328131252501,49.0,Other,218
Men's wear,412.0,999.0,4.0,58.75875875875876,12.0,Other,149
Men's wear,489.0,999.0,3.9,51.051051051051054,89.0,Other,327
Men's wear,199.0,1299.0,3.8,84.68052347959969,99.0,Charm,270
Men's wear,365.0,599.0,4.0,39.065108514190314,65.0,Other,380
Men's wear,413.0,999.0,4.0,58.65865865865866,13.0,Other,234
Men's wear,259.0,1299.0,3.8,80.06158583525789,59.0,Other,301
Men's wear,259.0,1299.0,3.8,80.06158583525789,59.0,Other,299
Men's wear,489.0,999.0,3.9,51.051051051051054,89.0,Other,367
Men's wear,413.0,999.0,3.9,58.65865865865866,13.0,Other,147
Men's wear,401.0,1299.0,3.9,69.13010007698229,1.0,Other,164
Men's wear,469.0,999.0,3.9,53.053053053053056,69.0,Other,462
Men's wear,615.0,3499.0,3.9,82.4235495855959,15.0,Other,277
Men's wear,413.0,999.0,3.9,58.65865865865866,13.0,Other,307
Men's wear,299.0,699.0,4.0,57.224606580829764,99.0,Charm,312
Men's wear,527.0,1599.0,3.8,67.04190118824265,27.0,Other,339
Men's wear,299.0,699.0,4.0,57.224606580829764,99.0,Charm,290
Men's wear,413.0,999.0,4.0,58.65865865865866,13.0,Other,292
Men's wear,584.0,999.0,3.8,41.54154154154154,84.0,Other,274
Men's wear,2999.0,4999.0,,40.008001600320064,99.0,Charm,477
Men's wear,499.0,1999.0,4.0,75.03751875937968,99.0,Charm,328
Men's wear,520.0,999.0,4.1,47.94794794794795,20.0,Other,203
Men's wear,521.0,999.0,4.1,47.847847847847845,21.0,Other,172
Men's wear,365.0,599.0,4.0,39.065108514190314,65.0,Other,92
Men's wear,502.0,1999.0,4.0,74.88744372186093,2.0,Other,65
Men's wear,2999.0,4999.0,,40.008001600320064,99.0,Charm,281
Men's wear,1899.0,7599.0,4.2,75.00986971969996,99.0,Charm,263
Men's wear,1899.0,7599.0,4.2,75.00986971969996,99.0,Charm,56
Men's wear,2517.0,4445.0,3.9,43.374578177727784,17.0,Other,171
Men's wear,999.0,3299.0,3.7,69.71809639284632,99.0,Charm,401
Men's wear,599.0,999.0,3.9,40.04004004004004,99.0,Charm,189
Men's wear,689.0,1249.0,3.5,44.83586869495596,89.0,Other,137
Men's wear,699.0,3299.0,3.7,78.81176113973932,99.0,Charm,444
Men's wear,2999.0,4999.0,,40.008001600320064,99.0,Charm,210
Men's wear,719.0,3299.0,3.7,78.20551682327978,19.0,Other,464
Men's wear,1349.0,2999.0,3.9,55.01833944648216,49.0,Other,210
Men's wear,824.0,2699.0,3.9,69.47017413856985,24.0,Other,127
Men's wear,2999.0,4999.0,,40.008001600320064,99.0,Charm,137
Men's wear,2791.0,4295.0,4.1,35.0174621653085,91.0,Other,239
Men's wear,549.0,999.0,4.1,45.04504504504504,49.0,Other,263
Men's wear,477.0,999.0,4.1,52.25225225225225,77.0,Other,108
Men's wear,2999.0,4999.0,,40.008001600320064,99.0,Charm,97
Men's wear,948.0,2495.0,3.8,62.00400801603207,48.0,Other,332
Men's wear,719.0,3299.0,3.7,78.20551682327978,19.0,Other,412
Men's wear,949.0,2495.0,3.9,61.96392785571142,49.0,Other,370
Men's wear,699.0,1399.0,3.9,50.03573981415297,99.0,Charm,237
Men's wear,1595.0,2995.0,2.7,46.744574290484145,95.0,Other,115
Men's wear,1709.0,1899.0,4.2,10.005265929436545,9.0,Other,169
Men's wear,824.0,2699.0,3.9,69.47017413856985,24.0,Other,237
Men's wear,1214.0,2999.0,3.6,59.51983994664888,14.0,Other,412
Men's wear,539.0,999.0,4.1,46.046046046046044,39.0,Other,256
Men's wear,609.0,999.0,4.0,39.03903903903904,9.0,Other,449
Men's wear,599.0,999.0,3.9,40.04004004004004,99.0,Charm,329
Men's wear,799.0,2799.0,3.8,71.45409074669526,99.0,Charm,452
Men's wear,365.0,999.0,3.9,63.46346346346346,65.0,Other,432
Men's wear,824.0,2699.0,3.9,69.47017413856985,24.0,Other,491
Men's wear,781.0,1999.0,3.8,60.93046523261631,81.0,Other,489
Men's wear,2759.0,6999.0,4.4,60.58008286898128,59.0,Other,460
Men's wear,1499.0,1999.0,4.0,25.012506253126567,99.0,Charm,478
Men's wear,1954.0,2299.0,4.0,15.006524575902565,54.0,Other,202
Men's wear,289.0,999.0,3.8,71.07107107107107,89.0,Other,81
Men's wear,249.0,1425.0,3.8,82.52631578947368,49.0,Other,494
Men's wear,1047.0,1699.0,4.1,38.37551500882872,47.0,Other,398
Men's wear,319.0,998.0,3.7,68.03607214428857,19.0,Other,199
Men's wear,229.0,995.0,3.7,76.98492462311557,29.0,Other,301
Men's wear,699.0,3999.0,3.4,82.52063015753939,99.0,Charm,272
Men's wear,336.0,999.0,4.0,66.36636636636636,36.0,Other,154
Men's wear,284.0,1999.0,3.9,85.79289644822411,84.0,Other,340
Men's wear,449.0,1299.0,3.8,65.43494996150885,49.0,Other,470
Men's wear,466.0,999.0,4.0,53.35335335335335,66.0,Other,306
Men's wear,1047.0,1699.0,4.1,38.37551500882872,47.0,Other,192
Men's wear,272.0,1299.0,3.8,79.06081601231718,72.0,Other,459
Men's wear,499.0,699.0,4.2,28.612303290414882,99.0,Charm,304
Men's wear,849.0,999.0,4.0,15.015015015015015,49.0,Other,386
Men's wear,1224.0,4899.0,4.3,75.01530924678505,24.0,Other,99
Men's wear,549.0,1099.0,4.0,50.04549590536852,49.0,Other,120
Men's wear,329.0,999.0,3.7,67.06706706706707,29.0,Other,353
Men's wear,849.0,999.0,4.0,15.015015015015015,49.0,Other,388
Men's wear,849.0,1049.0,4.2,19.065776930409914,49.0,Other,242
Men's wear,229.0,998.0,3.7,77.05410821643287,29.0,Other,80
Men's wear,1299.0,1699.0,4.1,23.543260741612713,99.0,Charm,284
Men's wear,849.0,999.0,4.0,15.015015015015015,49.0,Other,499
Men's wear,449.0,1299.0,3.8,65.43494996150885,49.0,Other,457
Men's wear,849.0,1049.0,4.2,19.065776930409914,49.0,Other,213
Men's wear,524.0,699.0,4.2,25.035765379113016,24.0,Other,419
Men's wear,849.0,999.0,5.0,15.015015015015015,49.0,Other,483
Men's wear,330.0,999.0,4.0,66.96696696696696,30.0,Other,422
Men's wear,526.0,999.0,3.9,47.347347347347345,26.0,Other,289
Men's wear,1299.0,1699.0,4.1,23.543260741612713,99.0,Charm,337
Men's wear,749.0,999.0,4.0,25.025025025025027,49.0,Other,419
Men's wear,1149.0,1999.0,4.0,42.521260630315155,49.0,Other,367
Men's wear,282.0,1425.0,3.8,80.21052631578948,82.0,Other,473
Men's wear,899.0,1299.0,4.3,30.792917628945343,99.0,Charm,133
Men's wear,749.0,999.0,4.0,25.025025025025027,49.0,Other,308
Men's wear,899.0,1299.0,4.3,30.792917628945343,99.0,Charm,460
Men's wear,1149.0,2299.0,3.9,50.021748586341886,49.0,Other,362
Men's wear,359.0,599.0,3.8,40.06677796327212,59.0,Other,199
Men's wear,749.0,999.0,4.0,25.025025025025027,49.0,Other,164
Men's wear,749.0,2499.0,4.0,70.02801120448179,49.0,Other,203
Men's wear,599.0,1999.0,3.1,70.03501750875438,99.0,Charm,293
Men's wear,,,3.7,,,Other,116
Men's wear,219.0,999.0,3.9,78.07807807807808,19.0,Other,68
Men's wear,429.0,1110.0,3.8,61.35135135135135,29.0,Other,64
Men's wear,289.0,799.0,3.8,63.829787234042556,89.0,Other,430
Men's wear,229.0,1490.0,3.9,84.63087248322148,29.0,Other,424
Men's wear,2999.0,4999.0,,40.008001600320064,99.0,Charm,425
Men's wear,219.0,999.0,3.9,78.07807807807808,19.0,Other,489
Men's wear,699.0,1898.0,3.8,63.17175974710221,99.0,Charm,418
Men's wear,434.0,1999.0,3.8,78.28914457228613,34.0,Other,82
Men's wear,749.0,2499.0,4.0,70.02801120448179,49.0,Other,348
Men's wear,449.0,1110.0,3.6,59.54954954954955,49.0,Other,201
Men's wear,467.0,1299.0,3.7,64.04926866820631,67.0,Other,187
Men's wear,282.0,1299.0,3.8,78.29099307159353,82.0,Other,82
Men's wear,599.0,1000.0,3.1,40.1,99.0,Charm,382
Men's wear,404.0,999.0,3.9,59.55955955955956,4.0,Other,371
Men's wear,199.0,599.0,3.7,66.7779632721202,99.0,Charm,461
Men's wear,289.0,999.0,3.7,71.07107107107107,89.0,Other,368
Men's wear,3499.0,4999.0,4.4,30.006001200240046,99.0,Charm,121
Men's wear,649.0,2499.0,3.8,74.0296118447379,49.0,Other,353
Men's wear,449.0,599.0,4.2,25.041736227045075,49.0,Other,425
Men's wear,449.0,599.0,4.2,25.041736227045075,49.0,Other,389
Men's wear,2999.0,4999.0,,40.008001600320064,99.0,Charm,125
Men's wear,404.0,999.0,4.0,59.55955955955956,4.0,Other,206
Men's wear,399.0,699.0,4.0,42.91845493562232,99.0,Charm,106
Men's wear,199.0,1299.0,3.7,84.68052347959969,99.0,Charm,327
Men's wear,2499.0,2999.0,,16.672224074691563,99.0,Charm,368
Men's wear,611.0,1798.0,3.8,66.01779755283648,11.0,Other,351
Men's wear,449.0,1299.0,3.7,65.43494996150885,49.0,Other,398
Men's wear,1299.0,5199.0,4.1,75.01442585112522,99.0,Charm,209
Men's wear,3499.0,4999.0,4.4,30.006001200240046,99.0,Charm,390
Men's wear,764.0,2499.0,3.7,69.42777110844338,64.0,Other,355
Men's wear,695.0,999.0,4.0,30.430430430430434,95.0,Other,466
Men's wear,549.0,1999.0,3.9,72.53626813406704,49.0,Other,117
Men's wear,525.0,999.0,4.0,47.44744744744745,25.0,Other,183
Men's wear,199.0,1299.0,3.7,84.68052347959969,99.0,Charm,443
Men's wear,559.0,1998.0,3.6,72.02202202202203,59.0,Other,316
Men's wear,629.0,899.0,4.2,30.03337041156841,29.0,Other,99
Men's wear,3499.0,4999.0,4.4,30.006001200240046,99.0,Charm,483
Men's wear,309.0,900.0,4.1,65.66666666666666,9.0,Other,144
Men's wear,305.0,436.0,4.4,30.045871559633024,5.0,Other,190
Men's wear,255.0,360.0,4.3,29.166666666666668,55.0,Other,286
Men's wear,264.0,660.0,4.3,60.0,64.0,Other,452
Men's wear,238.0,450.0,4.2,47.11111111111111,38.0,Other,215
Men's wear,469.0,706.0,4.3,33.56940509915014,69.0,Other,334
Men's wear,390.0,650.0,4.4,40.0,90.0,Other,202
Men's wear,360.0,900.0,4.3,60.0,60.0,Other,493
Men's wear,348.0,575.0,4.4,39.47826086956522,48.0,Other,99
Men's wear,350.0,550.0,4.3,36.36363636363637,50.0,Other,474
Men's wear,298.0,710.0,4.2,58.028169014084504,98.0,Other,185
Men's wear,319.0,650.0,4.0,50.92307692307693,19.0,Other,177
Men's wear,176.0,210.0,4.1,16.19047619047619,76.0,Other,312
Men's wear,678.0,1060.0,4.4,36.0377358490566,78.0,Other,433
Men's wear,126.0,220.0,4.1,42.72727272727273,26.0,Other,105
Men's wear,299.0,399.0,4.1,25.062656641604008,99.0,Charm,203
Men's wear,183.0,259.0,4.3,29.343629343629345,83.0,Other,65
Men's wear,275.0,500.0,4.3,45.0,75.0,Other,327
Men's wear,151.0,230.0,4.3,34.34782608695652,51.0,Other,206
Men's wear,279.0,399.0,4.4,30.075187969924812,79.0,Other,254
Men's wear,359.0,598.0,4.4,39.96655518394649,59.0,Other,399
Men's wear,350.0,550.0,4.4,36.36363636363637,50.0,Other,385
Men's wear,390.0,650.0,4.5,40.0,90.0,Other,240
Men's wear,279.0,399.0,4.5,30.075187969924812,79.0,Other,247
Men's wear,198.0,396.0,3.9,50.0,98.0,Other,292
Men's wear,422.0,650.0,4.4,35.07692307692308,22.0,Other,157
Men's wear,331.0,530.0,4.4,37.54716981132076,31.0,Other,378
Men's wear,318.0,450.0,4.2,29.333333333333332,18.0,Other,401
Men's wear,350.0,500.0,4.3,30.0,50.0,Other,231
Men's wear,331.0,518.0,4.3,36.1003861003861,31.0,Other,210
Men's wear,499.0,897.0,4.2,44.3701226309922,99.0,Charm,192
Men's wear,438.0,675.0,4.2,35.11111111111111,38.0,Other,207
Men's wear,292.0,550.0,4.4,46.909090909090914,92.0,Other,395
Men's wear,305.0,550.0,4.3,44.54545454545455,5.0,Other,180
Men's wear,349.0,550.0,4.3,36.54545454545455,49.0,Other,80
Men's wear,329.0,650.0,3.9,49.38461538461538,29.0,Other,360
Men's wear,236.0,398.0,4.3,40.7035175879397,36.0,Other,248
Men's wear,512.0,795.0,4.3,35.59748427672956,12.0,Other,259
Men's wear,166.0,250.0,4.3,33.6,66.0,Other,489
Men's wear,368.0,675.0,4.2,45.48148148148148,68.0,Other,130
Men's wear,531.0,699.0,4.3,24.034334763948497,31.0,Other,298
Men's wear,629.0,699.0,4.2,10.014306151645208,29.0,Other,161
Men's wear,577.0,849.0,4.3,32.037691401649,77.0,Other,305
Men's wear,299.0,,5.0,,99.0,Charm,470
Men's wear,577.0,849.0,4.2,32.037691401649,77.0,Other,232
Men's wear,328.0,650.0,4.2,49.53846153846154,28.0,Other,295
Men's wear,132.0,145.0,4.3,8.96551724137931,32.0,Other,50
Men's wear,799.0,1797.0,4.2,55.537006121313304,99.0,Charm,274
Men's wear,350.0,650.0,4.4,46.15384615384615,50.0,Other,237
Men's wear,282.0,399.0,4.2,29.32330827067669,82.0,Other,255
Men's wear,315.0,650.0,4.3,51.53846153846153,15.0,Other,207
Men's wear,500.0,650.0,4.1,23.076923076923077,0.0,Round,273
Men's wear,312.0,650.0,4.2,52.0,12.0,Other,147
Men's wear,344.0,525.0,4.3,34.476190476190474,44.0,Other,288
Men's wear,315.0,500.0,4.3,37.0,15.0,Other,217
Men's wear,439.0,499.0,5.0,12.024048096192384,39.0,Other,69
Men's wear,392.0,598.0,4.4,34.448160535117054,92.0,Other,121
Men's wear,399.0,1299.0,3.9,69.28406466512702,99.0,Charm,102
Men's wear,367.0,525.0,4.3,30.0952380952381,67.0,Other,490
Men's wear,719.0,1299.0,4.1,44.64973056197075,19.0,Other,298
Men's wear,403.0,799.0,4.3,49.56195244055069,3.0,Other,76
Men's wear,569.0,999.0,4.2,43.04304304304304,69.0,Other,249
Men's wear,219.0,399.0,4.2,45.11278195488722,19.0,Other,223
Men's wear,569.0,999.0,4.4,43.04304304304304,69.0,Other,113
Men's wear,344.0,525.0,4.1,34.476190476190474,44.0,Other,469
Men's wear,211.0,250.0,4.2,15.6,11.0,Other,195
Men's wear,262.0,399.0,4.2,34.335839598997495,62.0,Other,281
Men's wear,439.0,499.0,4.8,12.024048096192384,39.0,Other,271
Men's wear,419.0,599.0,4.3,30.05008347245409,19.0,Other,345
Men's wear,376.0,1399.0,4.8,73.12365975696926,76.0,Other,462
Men's wear,259.0,305.0,4.3,15.081967213114755,59.0,Other,393
Men's wear,374.0,498.0,4.2,24.899598393574294,74.0,Other,178
Men's wear,241.0,324.0,4.3,25.617283950617285,41.0,Other,63
Men's wear,269.0,399.0,4.3,32.581453634085214,69.0,Other,397
Men's wear,581.0,645.0,4.2,9.922480620155039,81.0,Other,358
Men's wear,616.0,699.0,4.7,11.874105865522175,16.0,Other,70
Men's wear,699.0,1399.0,4.4,50.03573981415297,99.0,Charm,165
Men's wear,509.0,750.0,3.9,32.13333333333333,9.0,Other,319
Men's wear,512.0,899.0,4.2,43.04783092324806,12.0,Other,481
Men's wear,623.0,1299.0,4.0,52.04003079291763,23.0,Other,196
Men's wear,622.0,798.0,4.0,22.05513784461153,22.0,Other,486
Men's wear,599.0,1593.0,4.1,62.39799121155053,99.0,Charm,142
Men's wear,319.0,397.0,3.9,19.64735516372796,19.0,Other,484
Men's wear,419.0,699.0,4.0,40.05722460658083,19.0,Other,144
Men's wear,319.0,398.0,3.9,19.849246231155778,19.0,Other,311
Men's wear,480.0,600.0,4.1,20.0,80.0,Other,276
Men's wear,198.0,396.0,3.9,50.0,98.0,Other,219
Men's wear,311.0,399.0,4.1,22.05513784461153,11.0,Other,132
Men's wear,319.0,399.0,3.9,20.050125313283207,19.0,Other,172
Men's wear,399.0,1299.0,3.9,69.28406466512702,99.0,Charm,346
Men's wear,545.0,699.0,4.0,22.031473533619454,45.0,Other,473
Men's wear,439.0,799.0,4.3,45.056320400500624,39.0,Other,301
Men's wear,615.0,750.0,4.0,18.0,15.0,Other,337
Men's wear,212.0,250.0,4.0,15.2,12.0,Other,468
Men's wear,198.0,225.0,4.1,12.0,98.0,Other,211
Men's wear,337.0,450.0,4.2,25.11111111111111,37.0,Other,353
Men's wear,545.0,698.0,4.1,21.91977077363897,45.0,Other,437
Men's wear,376.0,1399.0,4.8,73.12365975696926,76.0,Other,105
Men's wear,248.0,350.0,3.7,29.142857142857142,48.0,Other,347
Men's wear,349.0,498.0,3.9,29.919678714859437,49.0,Other,169
Men's wear,1175.0,1547.0,4.1,24.046541693600517,75.0,Other,189
Men's wear,899.0,1200.0,4.3,25.083333333333336,99.0,Charm,86
Men's wear,265.0,349.0,4.2,24.068767908309454,65.0,Other,98
Men's wear,727.0,2598.0,4.1,72.01693610469592,27.0,Other,333
Men's wear,272.0,349.0,4.1,22.063037249283667,72.0,Other,493
Men's wear,280.0,350.0,4.1,20.0,80.0,Other,92
Men's wear,272.0,349.0,4.1,22.063037249283667,72.0,Other,228
Men's wear,311.0,399.0,4.3,22.05513784461153,11.0,Other,72
Men's wear,247.0,349.0,4.2,29.22636103151863,47.0,Other,334
Men's wear,200.0,250.0,4.3,20.0,0.0,Round,55
Men's wear,195.0,,4.1,,95.0,Other,76
Men's wear,338.0,398.0,4.0,15.07537688442211,38.0,Other,136
Men's wear,197.0,599.0,4.2,67.1118530884808,97.0,Other,425
Men's wear,498.0,598.0,4.1,16.722408026755854,98.0,Other,437
Men's wear,250.0,295.0,4.2,15.254237288135593,50.0,Other,404
Men's wear,311.0,399.0,4.2,22.05513784461153,11.0,Other,366
Men's wear,299.0,399.0,4.0,25.062656641604008,99.0,Charm,447
Men's wear,265.0,275.0,4.1,3.6363636363636362,65.0,Other,457
Men's wear,149.0,298.0,4.3,50.0,49.0,Other,60
Men's wear,249.0,349.0,4.7,28.653295128939828,49.0,Other,275
Men's wear,224.0,299.0,4.3,25.08361204013378,24.0,Other,350
Men's wear,185.0,199.0,4.2,7.035175879396985,85.0,Other,395
Men's wear,192.0,350.0,4.3,45.14285714285714,92.0,Other,352
Men's wear,252.0,280.0,4.4,10.0,52.0,Other,67
Men's wear,192.0,275.0,4.3,30.181818181818183,92.0,Other,428
Men's wear,191.0,225.0,4.5,15.11111111111111,91.0,Other,255
Men's wear,173.0,199.0,4.2,13.06532663316583,73.0,Other,161
Men's wear,339.0,399.0,4.4,15.037593984962406,39.0,Other,191
Men's wear,194.0,299.0,4.3,35.11705685618729,94.0,Other,264
Men's wear,243.0,325.0,4.3,25.23076923076923,43.0,Other,409
Men's wear,141.0,225.0,3.9,37.333333333333336,41.0,Other,496
Men's wear,191.0,225.0,4.5,15.11111111111111,91.0,Other,189
Men's wear,299.0,399.0,4.4,25.062656641604008,99.0,Charm,221
Men's wear,202.0,295.0,4.3,31.52542372881356,2.0,Other,59
Men's wear,299.0,758.0,4.3,60.554089709762536,99.0,Charm,66
Men's wear,94.0,129.0,4.1,27.131782945736433,94.0,Other,229
Men's wear,189.0,379.0,4.2,50.131926121372025,89.0,Other,71
Men's wear,75.0,,4.4,,75.0,Other,464
Men's wear,92.0,149.0,4.2,38.25503355704698,92.0,Other,429
Men's wear,224.0,799.0,4.8,71.96495619524406,24.0,Other,344
Men's wear,230.0,,4.4,,30.0,Other,301
Men's wear,99.0,,4.2,,99.0,Charm,273
Men's wear,169.0,198.0,4.2,14.646464646464647,69.0,Other,237
Men's wear,219.0,299.0,4.2,26.755852842809364,19.0,Other,270
Men's wear,157.0,185.0,4.1,15.135135135135137,57.0,Other,106
Men's wear,299.0,399.0,4.2,25.062656641604008,99.0,Charm,438
Men's wear,125.0,195.0,4.2,35.8974358974359,25.0,Other,366
Men's wear,192.0,240.0,4.4,20.0,92.0,Other,184
Men's wear,343.0,390.0,4.4,12.051282051282051,43.0,Other,356
Men's wear,75.0,,4.4,,75.0,Other,286
Men's wear,338.0,385.0,4.4,12.207792207792208,38.0,Other,77
Men's wear,389.0,449.0,4.2,13.3630289532294,89.0,Other,139
Men's wear,159.0,225.0,4.2,29.333333333333332,59.0,Other,168
Men's wear,185.0,349.0,4.2,46.99140401146132,85.0,Other,173
Men's wear,90.0,,4.3,,90.0,Other,411
Men's wear,279.0,349.0,4.1,20.057306590257877,79.0,Other,114
Men's wear,65.0,,4.4,,65.0,Other,349
Men's wear,195.0,199.0,4.4,2.0100502512562812,95.0,Other,176
Men's wear,134.0,149.0,4.1,10.06711409395973,34.0,Other,279
Men's wear,199.0,249.0,4.5,20.080321285140563,99.0,Charm,180
Men's wear,255.0,300.0,3.4,15.0,55.0,Other,288
Men's wear,255.0,300.0,3.7,15.0,55.0,Other,178
Men's wear,147.0,245.0,4.1,40.0,47.0,Other,204
Men's wear,249.0,330.0,3.8,24.545454545454547,49.0,Other,261
Men's wear,147.0,245.0,4.1,40.0,47.0,Other,131
Men's wear,150.0,,4.1,,50.0,Other,307
Men's wear,108.0,180.0,4.1,40.0,8.0,Other,141
Men's wear,370.0,500.0,3.0,26.0,70.0,Other,463
Men's wear,180.0,240.0,4.2,25.0,80.0,Other,356
Men's wear,187.0,250.0,3.9,25.2,87.0,Other,423
Men's wear,180.0,240.0,4.1,25.0,80.0,Other,467
Men's wear,210.0,300.0,4.0,30.0,10.0,Other,317
Men's wear,150.0,200.0,4.1,25.0,50.0,Other,347
Men's wear,98.0,250.0,4.0,60.8,98.0,Other,381
Men's wear,449.0,660.0,4.0,31.96969696969697,49.0,Other,374
Men's wear,318.0,424.0,4.0,25.0,18.0,Other,128
Men's wear,374.0,499.0,3.9,25.0501002004008,74.0,Other,65
Men's wear,150.0,,3.9,,50.0,Other,217
Men's wear,116.0,199.0,4.1,41.70854271356784,16.0,Other,479
Men's wear,299.0,499.0,3.6,40.08016032064128,99.0,Charm,118
Men's wear,188.0,245.0,4.1,23.26530612244898,88.0,Other,268
Men's wear,150.0,,4.0,,50.0,Other,365
Men's wear,150.0,,4.1,,50.0,Other,463
Men's wear,452.0,998.0,3.9,54.70941883767535,52.0,Other,339
Men's wear,374.0,499.0,3.7,25.0501002004008,74.0,Other,131
Men's wear,330.0,440.0,4.1,25.0,30.0,Other,255
Men's wear,144.0,398.0,4.2,63.81909547738693,44.0,Other,406
Men's wear,375.0,399.0,3.8,6.015037593984962,75.0,Other,185
Men's wear,175.0,300.0,4.0,41.66666666666667,75.0,Other,274
Men's wear,369.0,399.0,3.8,7.518796992481203,69.0,Other,339
Men's wear,160.0,200.0,3.9,20.0,60.0,Other,478
Men's wear,255.0,300.0,3.8,15.0,55.0,Other,179
Men's wear,120.0,160.0,4.0,25.0,20.0,Other,182
Men's wear,263.0,599.0,3.8,56.093489148580964,63.0,Other,64
Men's wear,99.0,250.0,3.9,60.4,99.0,Charm,479
Men's wear,820.0,,4.2,,20.0,Other,273
Men's wear,299.0,499.0,4.9,40.08016032064128,99.0,Charm,347
Men's wear,365.0,880.0,4.0,58.52272727272727,65.0,Other,113
Men's wear,580.0,699.0,3.9,17.02432045779685,80.0,Other,485
Men's wear,246.0,300.0,3.6,18.0,46.0,Other,421
Men's wear,341.0,1999.0,4.1,82.94147073536769,41.0,Other,477
Men's wear,341.0,1999.0,4.1,82.94147073536769,41.0,Other,153
Men's wear,269.0,1999.0,3.8,86.5432716358179,69.0,Other,289
Men's wear,269.0,1999.0,3.8,86.5432716358179,69.0,Other,344
Men's wear,299.0,1299.0,3.9,76.98229407236336,99.0,Charm,102
Men's wear,179.0,1299.0,4.0,86.22016936104696,79.0,Other,379
Men's wear,289.0,888.0,3.9,67.45495495495496,89.0,Other,435
Men's wear,259.0,1330.0,4.0,80.52631578947368,59.0,Other,318
Men's wear,349.0,1299.0,4.1,73.13317936874519,49.0,Other,140
Men's wear,269.0,1999.0,3.8,86.5432716358179,69.0,Other,355
Men's wear,189.0,1999.0,3.9,90.54527263631816,89.0,Other,242
Men's wear,549.0,3996.0,4.2,86.26126126126125,49.0,Other,264
Men's wear,289.0,888.0,3.9,67.45495495495496,89.0,Other,324
Men's wear,269.0,1999.0,3.8,86.5432716358179,69.0,Other,471
Men's wear,299.0,1299.0,3.8,76.98229407236336,99.0,Charm,431
Men's wear,398.0,1899.0,3.9,79.0416008425487,98.0,Other,482
Men's wear,299.0,1399.0,4.1,78.62759113652609,99.0,Charm,155
Men's wear,269.0,1999.0,3.8,86.5432716358179,69.0,Other,432
Men's wear,299.0,1399.0,4.1,78.62759113652609,99.0,Charm,350
Men's wear,549.0,3996.0,4.1,86.26126126126125,49.0,Other,363
Men's wear,399.0,2299.0,3.9,82.64462809917356,99.0,Charm,369
Men's wear,199.0,999.0,3.9,80.08008008008008,99.0,Charm,307
Men's wear,299.0,999.0,4.1,70.07007007007007,99.0,Charm,214
Men's wear,599.0,1399.0,3.3,57.18370264474625,99.0,Charm,254
Men's wear,299.0,1999.0,3.9,85.04252126063031,99.0,Charm,258
Men's wear,199.0,999.0,4.0,80.08008008008008,99.0,Charm,154
Men's wear,179.0,999.0,4.1,82.08208208208208,79.0,Other,489
Men's wear,322.0,1299.0,3.8,75.21170130869899,22.0,Other,156
Men's wear,349.0,1299.0,4.1,73.13317936874519,49.0,Other,161
Men's wear,179.0,1299.0,3.9,86.22016936104696,79.0,Other,485
Men's wear,219.0,1099.0,4.0,80.07279344858964,19.0,Other,194
Men's wear,1319.0,2399.0,3.7,45.018757815756565,19.0,Other,486
Men's wear,269.0,1999.0,3.8,86.5432716358179,69.0,Other,153
Men's wear,269.0,1999.0,3.8,86.5432716358179,69.0,Other,197
Men's wear,449.0,1499.0,4.1,70.04669779853235,49.0,Other,273
Men's wear,629.0,1399.0,4.0,55.03931379556827,29.0,Other,334
Men's wear,299.0,1999.0,3.9,85.04252126063031,99.0,Charm,474
Men's wear,269.0,1399.0,3.9,80.77197998570408,69.0,Other,459
Men's wear,294.0,1599.0,3.9,81.61350844277673,94.0,Other,150
Men's wear,674.0,1499.0,4.2,55.03669112741828,74.0,Other,374
Men's wear,599.0,999.0,3.7,40.04004004004004,99.0,Charm,160
Men's wear,1749.0,3499.0,3.5,50.01428979708488,49.0,Other,493
Men's wear,359.0,1849.0,4.0,80.58409951325041,59.0,Other,256
Men's wear,359.0,1849.0,4.0,80.58409951325041,59.0,Other,334
Men's wear,399.0,1299.0,3.9,69.28406466512702,99.0,Charm,177
Men's wear,359.0,1849.0,4.0,80.58409951325041,59.0,Other,201
Men's wear,399.0,1999.0,3.9,80.040020010005,99.0,Charm,371
Men's wear,494.0,1999.0,4.0,75.28764382191096,94.0,Other,225
Men's wear,399.0,1999.0,3.9,80.040020010005,99.0,Charm,190
Men's wear,399.0,1299.0,3.9,69.28406466512702,99.0,Charm,62
Men's wear,359.0,1849.0,4.0,80.58409951325041,59.0,Other,299
Men's wear,494.0,1599.0,4.0,69.10569105691057,94.0,Other,409
Men's wear,359.0,1849.0,4.0,80.58409951325041,59.0,Other,377
Men's wear,399.0,1999.0,3.9,80.040020010005,99.0,Charm,297
Men's wear,349.0,2099.0,4.0,83.37303477846594,49.0,Other,165
Men's wear,458.0,1499.0,3.8,69.44629753168779,58.0,Other,346
Men's wear,359.0,1849.0,4.0,80.58409951325041,59.0,Other,104
Men's wear,399.0,1999.0,3.9,80.040020010005,99.0,Charm,381
Men's wear,369.0,1599.0,3.8,76.92307692307693,69.0,Other,441
Men's wear,494.0,1599.0,3.9,69.10569105691057,94.0,Other,379
Men's wear,699.0,1999.0,4.4,65.03251625812906,99.0,Charm,163
Men's wear,359.0,1849.0,4.0,80.58409951325041,59.0,Other,403
Men's wear,399.0,1999.0,3.9,80.040020010005,99.0,Charm,284
Men's wear,423.0,1599.0,3.9,73.54596622889305,23.0,Other,58
Men's wear,449.0,1199.0,4.0,62.55212677231026,49.0,Other,290
Men's wear,369.0,1599.0,3.8,76.92307692307693,69.0,Other,72
Men's wear,399.0,1999.0,4.0,80.040020010005,99.0,Charm,234
Men's wear,494.0,1599.0,4.0,69.10569105691057,94.0,Other,191
Men's wear,399.0,1299.0,3.9,69.28406466512702,99.0,Charm,321
Men's wear,699.0,1999.0,4.4,65.03251625812906,99.0,Charm,397
Men's wear,399.0,1999.0,3.9,80.040020010005,99.0,Charm,366
Men's wear,494.0,1599.0,3.9,69.10569105691057,94.0,Other,256
Men's wear,399.0,1648.0,3.7,75.78883495145631,99.0,Charm,344
Men's wear,999.0,1999.0,4.5,50.025012506253134,99.0,Charm,392
Men's wear,359.0,1849.0,4.0,80.58409951325041,59.0,Other,134
Men's wear,444.0,2199.0,3.6,79.80900409276944,44.0,Other,492
Men's wear,699.0,1999.0,4.3,65.03251625812906,99.0,Charm,83
Men's wear,399.0,1648.0,3.7,75.78883495145631,99.0,Charm,173
Men's wear,329.0,1399.0,3.8,76.4832022873481,29.0,Other,435
Men's wear,494.0,1599.0,3.9,69.10569105691057,94.0,Other,240
Men's wear,359.0,1849.0,4.0,80.58409951325041,59.0,Other,413
Men's wear,359.0,1849.0,4.0,80.58409951325041,59.0,Other,268
Men's wear,329.0,1999.0,3.8,83.54177088544273,29.0,Other,479
Men's wear,379.0,1899.0,3.9,80.04212743549236,79.0,Other,270
Men's wear,404.0,1999.0,3.8,79.78989494747374,4.0,Other,230
Men's wear,299.0,1999.0,4.0,85.04252126063031,99.0,Charm,104
Men's wear,299.0,1999.0,3.9,85.04252126063031,99.0,Charm,250
Men's wear,409.0,1499.0,4.0,72.71514342895263,9.0,Other,107
Men's wear,299.0,1999.0,3.8,85.04252126063031,99.0,Charm,89
Men's wear,329.0,1399.0,3.9,76.4832022873481,29.0,Other,241
Men's wear,329.0,1999.0,3.7,83.54177088544273,29.0,Other,304
Men's wear,349.0,1899.0,3.8,81.62190626645604,49.0,Other,238
Men's wear,487.0,1249.0,3.9,61.0088070456365,87.0,Other,368
Men's wear,299.0,1999.0,4.0,85.04252126063031,99.0,Charm,315
Men's wear,379.0,1899.0,3.9,80.04212743549236,79.0,Other,117
Men's wear,269.0,1849.0,4.0,85.45159545700378,69.0,Other,479
Men's wear,399.0,1499.0,3.9,73.3822548365577,99.0,Charm,465
Men's wear,349.0,1499.0,4.1,76.71781187458305,49.0,Other,246
Men's wear,377.0,1999.0,3.8,81.14057028514256,77.0,Other,437
Men's wear,414.0,2099.0,4.4,80.27632205812291,14.0,Other,359
Men's wear,299.0,1999.0,4.0,85.04252126063031,99.0,Charm,60
Men's wear,389.0,1899.0,3.8,79.51553449183781,89.0,Other,284
Men's wear,299.0,1999.0,3.9,85.04252126063031,99.0,Charm,383
Men's wear,359.0,999.0,3.7,64.06406406406407,59.0,Other,160
Men's wear,299.0,1499.0,3.5,80.0533689126084,99.0,Charm,434
Men's wear,399.0,1287.0,3.9,68.997668997669,99.0,Charm,473
Men's wear,299.0,1999.0,4.0,85.04252126063031,99.0,Charm,59
Men's wear,499.0,1499.0,3.5,66.711140760507,99.0,Charm,321
Men's wear,499.0,999.0,3.9,50.050050050050054,99.0,Charm,341
Men's wear,649.0,1849.0,4.1,64.89994591671173,49.0,Other,166
Men's wear,299.0,1999.0,3.9,85.04252126063031,99.0,Charm,283
Men's wear,499.0,1499.0,3.5,66.711140760507,99.0,Charm,90
Men's wear,329.0,1399.0,3.8,76.4832022873481,29.0,Other,467
Men's wear,499.0,1287.0,4.2,61.22766122766122,99.0,Charm,411
Men's wear,499.0,1287.0,3.8,61.22766122766122,99.0,Charm,203
Men's wear,1299.0,1899.0,3.8,31.595576619273302,99.0,Charm,273
Men's wear,299.0,1999.0,3.9,85.04252126063031,99.0,Charm,176
Men's wear,389.0,1899.0,3.8,79.51553449183781,89.0,Other,205
Men's wear,480.0,999.0,3.8,51.95195195195195,80.0,Other,320
Men's wear,349.0,2099.0,3.9,83.37303477846594,49.0,Other,114
Men's wear,3299.0,5499.0,3.6,40.00727404982724,99.0,Charm,391
Men's wear,899.0,2999.0,4.4,70.02334111370457,99.0,Charm,300
Men's wear,365.0,1299.0,3.8,71.90146266358738,65.0,Other,495
Men's wear,454.0,1299.0,3.8,65.05003849114703,54.0,Other,99
Men's wear,349.0,2299.0,3.6,84.81948673336233,49.0,Other,327
Men's wear,454.0,1299.0,3.8,65.05003849114703,54.0,Other,353
Men's wear,507.0,1449.0,3.7,65.0103519668737,7.0,Other,111
Men's wear,1669.0,2799.0,,40.37156127188282,69.0,Other,138
Men's wear,1049.0,3699.0,3.9,71.64098404974317,49.0,Other,105
Men's wear,454.0,1299.0,3.7,65.05003849114703,54.0,Other,253
Men's wear,454.0,1299.0,3.8,65.05003849114703,54.0,Other,271
Men's wear,924.0,3699.0,4.0,75.02027575020276,24.0,Other,224
Men's wear,924.0,2399.0,3.5,61.48395164651939,24.0,Other,452
Men's wear,499.0,1399.0,3.5,64.33166547533953,99.0,Charm,86
Men's wear,719.0,2399.0,3.9,70.02917882451021,19.0,Other,228
Men's wear,1539.0,2999.0,,48.68289429809936,39.0,Other,311
Men's wear,662.0,1699.0,3.7,61.035903472630956,62.0,Other,361
Men's wear,524.0,1749.0,3.7,70.04002287021154,24.0,Other,389
Men's wear,593.0,1799.0,3.9,67.03724291272928,93.0,Other,364
Men's wear,1269.0,2799.0,,54.662379421221864,69.0,Other,289
Men's wear,539.0,1799.0,3.7,70.03891050583657,39.0,Other,373
Men's wear,1049.0,3599.0,3.8,70.85301472631286,49.0,Other,339
Men's wear,545.0,1399.0,3.7,61.04360257326662,45.0,Other,441
Men's wear,1279.0,2799.0,,54.305108967488394,79.0,Other,237
Men's wear,699.0,1199.0,3.8,41.70141784820684,99.0,Charm,359
Men's wear,499.0,1299.0,3.8,61.585835257890686,99.0,Charm,96
Men's wear,883.0,1699.0,3.7,48.028251912889935,83.0,Other,435
Men's wear,1539.0,2799.0,,45.01607717041801,39.0,Other,97
Men's wear,274.0,1099.0,3.9,75.06824385805277,74.0,Other,150
Men's wear,1049.0,3099.0,3.9,66.15037108744757,49.0,Other,426
Men's wear,349.0,2299.0,3.8,84.81948673336233,49.0,Other,443
Men's wear,2699.0,4499.0,3.6,40.008890864636584,99.0,Charm,82
Men's wear,489.0,1399.0,3.6,65.04646175839885,89.0,Other,248
Men's wear,454.0,1299.0,3.8,65.05003849114703,54.0,Other,221
Men's wear,569.0,1899.0,3.5,70.03686150605581,69.0,Other,495
Men's wear,3119.0,5199.0,3.6,40.00769378726679,19.0,Other,438
Men's wear,629.0,2999.0,4.0,79.02634211403802,29.0,Other,255
Men's wear,839.0,2399.0,4.1,65.02709462275948,39.0,Other,401
Men's wear,424.0,1299.0,3.7,67.35950731331793,24.0,Other,421
Men's wear,3119.0,5199.0,3.6,40.00769378726679,19.0,Other,391
Men's wear,499.0,1499.0,4.1,66.711140760507,99.0,Charm,173
Men's wear,440.0,1489.0,4.2,70.44996642041639,40.0,Other,152
Men's wear,399.0,1899.0,3.8,78.98894154818325,99.0,Charm,404
Men's wear,499.0,1648.0,3.6,69.72087378640776,99.0,Charm,283
Men's wear,399.0,1899.0,3.8,78.98894154818325,99.0,Charm,160
Men's wear,399.0,1899.0,3.8,78.98894154818325,99.0,Charm,427
Men's wear,409.0,1648.0,3.8,75.18203883495146,9.0,Other,288
Men's wear,431.0,1489.0,3.4,71.05439892545333,31.0,Other,219
Men's wear,499.0,1648.0,3.6,69.72087378640776,99.0,Charm,256
Men's wear,399.0,1899.0,3.8,78.98894154818325,99.0,Charm,358
Men's wear,379.0,1399.0,3.9,72.90922087205146,79.0,Other,185
Men's wear,431.0,1489.0,4.2,71.05439892545333,31.0,Other,319
Men's wear,610.0,1299.0,3.9,53.04080061585835,10.0,Other,173
Men's wear,419.0,1299.0,3.8,67.74441878367975,19.0,Other,132
Men's wear,499.0,1648.0,3.6,69.72087378640776,99.0,Charm,306
Men's wear,431.0,1459.0,3.4,70.4592186429061,31.0,Other,244
Men's wear,409.0,1648.0,3.8,75.18203883495146,9.0,Other,205
Men's wear,409.0,1648.0,3.8,75.18203883495146,9.0,Other,465
Men's wear,409.0,1499.0,3.8,72.71514342895263,9.0,Other,215
Men's wear,481.0,1499.0,2.9,67.91194129419613,81.0,Other,161
Men's wear,419.0,1299.0,3.8,67.74441878367975,19.0,Other,71
Men's wear,499.0,1648.0,3.9,69.72087378640776,99.0,Charm,131
Men's wear,499.0,1499.0,3.9,66.711140760507,99.0,Charm,239
Men's wear,440.0,1489.0,3.4,70.44996642041639,40.0,Other,478
Men's wear,449.0,1499.0,3.8,70.04669779853235,49.0,Other,390
Men's wear,649.0,1499.0,3.8,56.70446964643096,49.0,Other,150
Men's wear,499.0,1648.0,3.6,69.72087378640776,99.0,Charm,346
Men's wear,481.0,1499.0,2.9,67.91194129419613,81.0,Other,315
Men's wear,499.0,2499.0,4.1,80.03201280512204,99.0,Charm,233
Men's wear,399.0,1899.0,3.8,78.98894154818325,99.0,Charm,402
Men's wear,379.0,1399.0,3.9,72.90922087205146,79.0,Other,428
Men's wear,431.0,1489.0,3.4,71.05439892545333,31.0,Other,457
Men's wear,639.0,1599.0,3.9,60.0375234521576,39.0,Other,150
Men's wear,649.0,1699.0,3.8,61.801059446733376,49.0,Other,170
Men's wear,499.0,1648.0,3.9,69.72087378640776,99.0,Charm,384
Men's wear,431.0,1489.0,3.4,71.05439892545333,31.0,Other,107
Men's wear,,,,,,Other,297
Men's wear,649.0,1699.0,3.8,61.801059446733376,49.0,Other,71
Men's wear,499.0,1648.0,3.6,69.72087378640776,99.0,Charm,84
Men's wear,431.0,1489.0,4.2,71.05439892545333,31.0,Other,136
Men's wear,499.0,1499.0,4.1,66.711140760507,99.0,Charm,94
Men's wear,440.0,1489.0,4.2,70.44996642041639,40.0,Other,379
Men's wear,399.0,1899.0,3.8,78.98894154818325,99.0,Charm,157
Men's wear,399.0,1899.0,3.8,78.98894154818325,99.0,Charm,241
Men's wear,399.0,1899.0,3.8,78.98894154818325,99.0,Charm,465
Men's wear,409.0,1648.0,3.8,75.18203883495146,9.0,Other,123
Men's wear,399.0,1899.0,3.8,78.98894154818325,99.0,Charm,218
Men's wear,431.0,1489.0,3.4,71.05439892545333,31.0,Other,358
Men's wear,419.0,1299.0,3.8,67.74441878367975,19.0,Other,258
Men's wear,409.0,1648.0,3.8,75.18203883495146,9.0,Other,246
Men's wear,409.0,1648.0,3.8,75.18203883495146,9.0,Other,276
Men's wear,431.0,1489.0,4.2,71.05439892545333,31.0,Other,101
Men's wear,409.0,1499.0,3.8,72.71514342895263,9.0,Other,88
Men's wear,419.0,1299.0,3.8,67.74441878367975,19.0,Other,187
Men's wear,399.0,1899.0,3.8,78.98894154818325,99.0,Charm,486
Men's wear,431.0,1459.0,3.4,70.4592186429061,31.0,Other,282
Men's wear,409.0,1648.0,3.8,75.18203883495146,9.0,Other,211
Men's wear,419.0,1299.0,3.8,67.74441878367975,19.0,Other,483
Men's wear,419.0,1299.0,3.7,67.74441878367975,19.0,Other,181
Men's wear,431.0,1489.0,3.4,71.05439892545333,31.0,Other,378
Men's wear,419.0,1299.0,3.9,67.74441878367975,19.0,Other,232
Men's wear,419.0,1299.0,3.9,67.74441878367975,19.0,Other,416
Men's wear,409.0,1499.0,3.7,72.71514342895263,9.0,Other,103
Men's wear,440.0,1489.0,3.4,70.44996642041639,40.0,Other,379
Men's wear,419.0,1299.0,3.8,67.74441878367975,19.0,Other,250
Men's wear,924.0,2499.0,4.3,63.02521008403361,24.0,Other,120
Men's wear,419.0,1299.0,3.8,67.74441878367975,19.0,Other,351
Men's wear,431.0,1489.0,3.4,71.05439892545333,31.0,Other,85
Men's wear,419.0,1299.0,3.8,67.74441878367975,19.0,Other,434
Men's wear,887.0,2399.0,4.1,63.02626094205919,87.0,Other,390
Men's wear,839.0,2399.0,3.0,65.02709462275948,39.0,Other,116
Men's wear,431.0,1489.0,3.4,71.05439892545333,31.0,Other,78
Men's wear,409.0,1499.0,3.8,72.71514342895263,9.0,Other,246
Men's wear,399.0,1699.0,3.4,76.51559741024133,99.0,Charm,281
Men's wear,419.0,1299.0,3.8,67.74441878367975,19.0,Other,187
Men's wear,431.0,1489.0,3.4,71.05439892545333,31.0,Other,95
Men's wear,839.0,2399.0,3.8,65.02709462275948,39.0,Other,318
Men's wear,879.0,1599.0,4.0,45.0281425891182,79.0,Other,356
Men's wear,924.0,2499.0,4.2,63.02521008403361,24.0,Other,492
Men's wear,431.0,1489.0,4.2,71.05439892545333,31.0,Other,386
Men's wear,229.0,1399.0,4.2,83.63116511794139,29.0,Other,494
Men's wear,349.0,1599.0,3.9,78.17385866166354,49.0,Other,307
Men's wear,349.0,1999.0,3.9,82.54127063531766,49.0,Other,135
Men's wear,349.0,1599.0,3.9,78.17385866166354,49.0,Other,140
Men's wear,349.0,2299.0,4.0,84.81948673336233,49.0,Other,298
Men's wear,349.0,2299.0,4.0,84.81948673336233,49.0,Other,497
Men's wear,349.0,2299.0,4.0,84.81948673336233,49.0,Other,367
Men's wear,284.0,1299.0,3.9,78.13702848344882,84.0,Other,382
Men's wear,339.0,2299.0,3.9,85.25445846020008,39.0,Other,343
Men's wear,339.0,2399.0,3.8,85.86911213005419,39.0,Other,72
Men's wear,379.0,2999.0,3.9,87.3624541513838,79.0,Other,80
Men's wear,229.0,1999.0,3.7,88.54427213606803,29.0,Other,251
Men's wear,349.0,2299.0,4.0,84.81948673336233,49.0,Other,184
Men's wear,349.0,1999.0,3.9,82.54127063531766,49.0,Other,358
Men's wear,229.0,1999.0,3.8,88.54427213606803,29.0,Other,157
Men's wear,229.0,1299.0,3.9,82.37105465742879,29.0,Other,331
Men's wear,229.0,1299.0,4.0,82.37105465742879,29.0,Other,368
Men's wear,349.0,1999.0,3.9,82.54127063531766,49.0,Other,221
Men's wear,379.0,2999.0,4.0,87.3624541513838,79.0,Other,230
Men's wear,600.0,3099.0,4.2,80.63891577928364,0.0,Round,142
Men's wear,349.0,2999.0,4.0,88.36278759586529,49.0,Other,397
Men's wear,379.0,2999.0,4.0,87.3624541513838,79.0,Other,293
Men's wear,339.0,2299.0,3.9,85.25445846020008,39.0,Other,201
Men's wear,499.0,999.0,4.0,50.050050050050054,99.0,Charm,197
Men's wear,349.0,2299.0,3.8,84.81948673336233,49.0,Other,105
Men's wear,379.0,2999.0,3.9,87.3624541513838,79.0,Other,406
Men's wear,339.0,2399.0,3.8,85.86911213005419,39.0,Other,212
Men's wear,445.0,1799.0,3.7,75.26403557531962,45.0,Other,403
Men's wear,349.0,2299.0,3.8,84.81948673336233,49.0,Other,367
Men's wear,349.0,2299.0,4.0,84.81948673336233,49.0,Other,485
Men's wear,339.0,2399.0,3.8,85.86911213005419,39.0,Other,371
Men's wear,229.0,1299.0,3.9,82.37105465742879,29.0,Other,380
Men's wear,349.0,2599.0,3.9,86.57175836860331,49.0,Other,496
Men's wear,349.0,2299.0,3.8,84.81948673336233,49.0,Other,320
Men's wear,349.0,2299.0,4.0,84.81948673336233,49.0,Other,353
Men's wear,284.0,1299.0,3.9,78.13702848344882,84.0,Other,145
Men's wear,349.0,2299.0,4.0,84.81948673336233,49.0,Other,236
Men's wear,339.0,1999.0,3.8,83.0415207603802,39.0,Other,276
Men's wear,229.0,1330.0,4.0,82.78195488721805,29.0,Other,143
Men's wear,854.0,1599.0,3.9,46.59161976235147,54.0,Other,364
Men's wear,245.0,999.0,3.8,75.47547547547548,45.0,Other,475
Men's wear,341.0,999.0,3.6,65.86586586586587,41.0,Other,321
Men's wear,319.0,1299.0,4.1,75.44264819091609,19.0,Other,65
Men's wear,319.0,1299.0,4.1,75.44264819091609,19.0,Other,218
Men's wear,319.0,1299.0,4.1,75.44264819091609,19.0,Other,433
Men's wear,319.0,1499.0,4.1,78.71914609739827,19.0,Other,232
Men's wear,319.0,1499.0,4.1,78.71914609739827,19.0,Other,348
Men's wear,329.0,1999.0,3.8,83.54177088544273,29.0,Other,186
Men's wear,329.0,1299.0,3.8,74.67282525019246,29.0,Other,372
Men's wear,319.0,1499.0,4.1,78.71914609739827,19.0,Other,318
Men's wear,319.0,1999.0,3.9,84.04202101050525,19.0,Other,139
Men's wear,899.0,2299.0,3.8,60.89604175728578,99.0,Charm,135
Men's wear,319.0,1999.0,4.0,84.04202101050525,19.0,Other,333
Men's wear,330.0,1199.0,4.1,72.47706422018348,30.0,Other,467
Men's wear,199.0,1330.0,3.9,85.0375939849624,99.0,Charm,153
Men's wear,329.0,1319.0,4.1,75.05686125852918,29.0,Other,260
Men's wear,319.0,1299.0,4.1,75.44264819091609,19.0,Other,361
Men's wear,319.0,1299.0,4.1,75.44264819091609,19.0,Other,412
Men's wear,319.0,1999.0,3.9,84.04202101050525,19.0,Other,367
Men's wear,489.0,1699.0,4.2,71.21836374337846,89.0,Other,268
Men's wear,319.0,1499.0,4.1,78.71914609739827,19.0,Other,404
Men's wear,269.0,999.0,4.0,73.07307307307308,69.0,Other,105
Men's wear,319.0,1299.0,4.1,75.44264819091609,19.0,Other,119
Men's wear,269.0,799.0,3.6,66.33291614518147,69.0,Other,407
Men's wear,446.0,2499.0,4.0,82.15286114445777,46.0,Other,374
Men's wear,319.0,1999.0,3.9,84.04202101050525,19.0,Other,236
Men's wear,209.0,899.0,4.0,76.7519466073415,9.0,Other,236
Men's wear,269.0,799.0,3.3,66.33291614518147,69.0,Other,470
Men's wear,319.0,1499.0,4.1,78.71914609739827,19.0,Other,241
Men's wear,459.0,1699.0,4.0,72.9841082989994,59.0,Other,431
Men's wear,209.0,899.0,4.0,76.7519466073415,9.0,Other,98
Men's wear,319.0,1499.0,4.1,78.71914609739827,19.0,Other,52
Men's wear,364.0,1199.0,4.1,69.64136780650541,64.0,Other,254
Men's wear,209.0,899.0,4.0,76.7519466073415,9.0,Other,239
Men's wear,444.0,999.0,4.0,55.55555555555556,44.0,Other,181
Men's wear,284.0,999.0,3.7,71.57157157157157,84.0,Other,199
Men's wear,497.0,1599.0,4.1,68.91807379612258,97.0,Other,338
Men's wear,319.0,1299.0,4.1,75.44264819091609,19.0,Other,362
Men's wear,689.0,2299.0,4.3,70.03044802087864,89.0,Other,411
Men's wear,319.0,1299.0,4.1,75.44264819091609,19.0,Other,199
Men's wear,819.0,2099.0,2.9,60.981419723677945,19.0,Other,369
Men's wear,799.0,1999.0,4.7,60.030015007503756,99.0,Charm,451
Men's wear,479.0,1999.0,3.6,76.03801900950475,79.0,Other,89
Men's wear,349.0,1999.0,3.8,82.54127063531766,49.0,Other,120
Men's wear,499.0,2099.0,3.9,76.22677465459743,99.0,Charm,442
Men's wear,367.0,1999.0,3.8,81.64082041020511,67.0,Other,61
Men's wear,860.0,2049.0,3.8,58.028306490971204,60.0,Other,355
Men's wear,1599.0,1999.0,4.0,20.01000500250125,99.0,Charm,242
Men's wear,479.0,1499.0,3.6,68.04536357571715,79.0,Other,194
Men's wear,349.0,1000.0,3.7,65.10000000000001,49.0,Other,69
Men's wear,860.0,2049.0,3.7,58.028306490971204,60.0,Other,467
Men's wear,1399.0,1999.0,4.0,30.015007503751878,99.0,Charm,485
Men's wear,389.0,1999.0,3.8,80.54027013506754,89.0,Other,212
Men's wear,389.0,1999.0,3.8,80.54027013506754,89.0,Other,105
Men's wear,899.0,2949.0,3.8,69.51508986096982,99.0,Charm,262
Men's wear,499.0,1499.0,3.8,66.711140760507,99.0,Charm,213
Men's wear,399.0,1999.0,3.7,80.040020010005,99.0,Charm,196
Men's wear,479.0,2829.0,3.9,83.06822198656769,79.0,Other,227
Men's wear,489.0,1499.0,3.6,67.37825216811207,89.0,Other,89
Men's wear,759.0,2399.0,4.0,68.36181742392664,59.0,Other,114
Men's wear,479.0,1999.0,3.6,76.03801900950475,79.0,Other,361
Men's wear,453.0,1999.0,3.8,77.33866933466733,53.0,Other,58
Men's wear,389.0,1999.0,3.8,80.54027013506754,89.0,Other,412
Men's wear,849.0,2399.0,3.2,64.61025427261359,49.0,Other,449
Men's wear,389.0,1999.0,3.8,80.54027013506754,89.0,Other,206
Men's wear,389.0,1999.0,3.7,80.54027013506754,89.0,Other,371
Men's wear,414.0,1799.0,3.9,76.98721511951085,14.0,Other,81
Men's wear,879.0,2399.0,4.2,63.359733222175905,79.0,Other,323
Men's wear,479.0,2829.0,3.9,83.06822198656769,79.0,Other,224
Men's wear,489.0,1499.0,3.6,67.37825216811207,89.0,Other,159
Men's wear,349.0,1000.0,3.7,65.10000000000001,49.0,Other,444
Men's wear,399.0,1499.0,4.6,73.3822548365577,99.0,Charm,411
Men's wear,869.0,2899.0,4.0,70.02414625733012,69.0,Other,128
Men's wear,389.0,1999.0,3.7,80.54027013506754,89.0,Other,175
Men's wear,349.0,1999.0,4.0,82.54127063531766,49.0,Other,95
Men's wear,1299.0,3999.0,4.7,67.51687921980495,99.0,Charm,449
Men's wear,389.0,1999.0,3.8,80.54027013506754,89.0,Other,365
Men's wear,329.0,1999.0,3.7,83.54177088544273,29.0,Other,420
Men's wear,869.0,2899.0,4.1,70.02414625733012,69.0,Other,425
Men's wear,389.0,1999.0,3.7,80.54027013506754,89.0,Other,446
Men's wear,751.0,1199.0,4.0,37.36447039199333,51.0,Other,299
Men's wear,332.0,1399.0,4.0,76.26876340243031,32.0,Other,320
Men's wear,277.0,799.0,4.1,65.33166458072591,77.0,Other,365
Men's wear,386.0,1399.0,4.1,72.40886347390993,86.0,Other,384
Men's wear,499.0,1999.0,3.6,75.03751875937968,99.0,Charm,449
Men's wear,429.0,1199.0,4.2,64.22018348623854,29.0,Other,381
Men's wear,265.0,1499.0,4.1,82.32154769846565,65.0,Other,478
Men's wear,386.0,1399.0,4.2,72.40886347390993,86.0,Other,225
Men's wear,499.0,1999.0,4.0,75.03751875937968,99.0,Charm,54
Men's wear,499.0,1999.0,3.6,75.03751875937968,99.0,Charm,428
Men's wear,386.0,1299.0,4.1,70.28483448806774,86.0,Other,405
Men's wear,499.0,1098.0,4.3,54.55373406193078,99.0,Charm,241
Men's wear,458.0,1699.0,4.0,73.04296645085344,58.0,Other,457
Men's wear,499.0,1999.0,4.0,75.03751875937968,99.0,Charm,263
Men's wear,277.0,799.0,4.1,65.33166458072591,77.0,Other,208
Men's wear,499.0,1098.0,4.3,54.55373406193078,99.0,Charm,428
Men's wear,401.0,1429.0,3.9,71.93841847445766,1.0,Other,196
Men's wear,666.0,2199.0,4.1,69.71350613915416,66.0,Other,152
Men's wear,500.0,990.0,4.0,49.494949494949495,0.0,Round,410
Men's wear,497.0,699.0,3.5,28.898426323319025,97.0,Other,337
Men's wear,499.0,1999.0,4.0,75.03751875937968,99.0,Charm,203
Men's wear,499.0,1299.0,4.1,61.585835257890686,99.0,Charm,140
Men's wear,719.0,2199.0,4.1,67.30331969076853,19.0,Other,487
Men's wear,683.0,2199.0,3.5,68.94042746703046,83.0,Other,100
Men's wear,500.0,990.0,3.9,49.494949494949495,0.0,Round,66
Men's wear,727.0,2999.0,3.8,75.75858619539846,27.0,Other,253
Men's wear,386.0,1399.0,4.2,72.40886347390993,86.0,Other,240
Men's wear,719.0,2199.0,4.1,67.30331969076853,19.0,Other,280
Men's wear,499.0,1999.0,4.0,75.03751875937968,99.0,Charm,198
Men's wear,495.0,1999.0,3.7,75.23761880940471,95.0,Other,465
Men's wear,323.0,1299.0,3.9,75.13471901462664,23.0,Other,270
Men's wear,719.0,2199.0,4.1,67.30331969076853,19.0,Other,353
Men's wear,470.0,1999.0,3.7,76.48824412206103,70.0,Other,259
Men's wear,495.0,1499.0,3.7,66.97798532354902,95.0,Other,121
Men's wear,525.0,1000.0,3.9,47.5,25.0,Other,393
Men's wear,964.0,2088.0,4.1,53.83141762452107,64.0,Other,206
Men's wear,764.0,2999.0,3.8,74.5248416138713,64.0,Other,202
Men's wear,386.0,1299.0,4.2,70.28483448806774,86.0,Other,376
Men's wear,499.0,1299.0,4.1,61.585835257890686,99.0,Charm,317
Men's wear,1564.0,3480.0,4.3,55.05747126436782,64.0,Other,457
Men's wear,469.0,1195.0,3.6,60.75313807531381,69.0,Other,78
Men's wear,469.0,1195.0,3.6,60.75313807531381,69.0,Other,234
Men's wear,3599.0,5999.0,3.3,40.006667777962996,99.0,Charm,373
Men's wear,2299.0,5999.0,4.0,61.676946157692946,99.0,Charm,360
Men's wear,2299.0,5999.0,4.0,61.676946157692946,99.0,Charm,492
Men's wear,3849.0,6999.0,4.8,45.00642948992713,49.0,Other,462
Men's wear,3599.0,5999.0,3.9,40.006667777962996,99.0,Charm,420
Men's wear,469.0,1195.0,3.6,60.75313807531381,69.0,Other,84
Men's wear,4124.0,7499.0,4.4,45.00600080010668,24.0,Other,110
Men's wear,2293.0,5999.0,4.2,61.77696282713786,93.0,Other,261
Men's wear,4999.0,9999.0,4.4,50.00500050005,99.0,Charm,255
Men's wear,469.0,1195.0,4.0,60.75313807531381,69.0,Other,394
Men's wear,3999.0,4999.0,4.0,20.004000800160032,99.0,Charm,296
Men's wear,1049.0,1999.0,4.1,47.52376188094047,49.0,Other,344
Men's wear,1616.0,4899.0,3.9,67.01367626046132,16.0,Other,386
Men's wear,469.0,1195.0,3.6,60.75313807531381,69.0,Other,278
Men's wear,6749.0,14999.0,3.7,55.00366691112741,49.0,Other,380
Men's wear,4999.0,9999.0,4.4,50.00500050005,99.0,Charm,86
Men's wear,2999.0,3999.0,3.1,25.006251562890725,99.0,Charm,216
Men's wear,469.0,1195.0,3.6,60.75313807531381,69.0,Other,376
Men's wear,3849.0,6999.0,4.4,45.00642948992713,49.0,Other,341
Men's wear,1616.0,4899.0,3.4,67.01367626046132,16.0,Other,291
Men's wear,2399.0,5999.0,3.8,60.01000166694449,99.0,Charm,300
Men's wear,469.0,1195.0,3.6,60.75313807531381,69.0,Other,429
Men's wear,3599.0,5999.0,4.1,40.006667777962996,99.0,Charm,441
Men's wear,2639.0,7999.0,4.0,67.00837604700588,39.0,Other,447
Men's wear,3249.0,6499.0,4.3,50.00769349130636,49.0,Other,295
Men's wear,469.0,1195.0,3.4,60.75313807531381,69.0,Other,416
Men's wear,1999.0,4999.0,4.2,60.01200240048009,99.0,Charm,413
Men's wear,1049.0,1999.0,4.1,47.52376188094047,49.0,Other,136
Men's wear,4124.0,12499.0,4.2,67.00536042883431,24.0,Other,148
Men's wear,469.0,1195.0,3.6,60.75313807531381,69.0,Other,132
Men's wear,4799.0,7999.0,3.7,40.00500062507813,99.0,Charm,370
Men's wear,2799.0,7999.0,4.4,65.00812601575197,99.0,Charm,301
Men's wear,3849.0,6999.0,4.4,45.00642948992713,49.0,Other,282
Men's wear,469.0,1195.0,3.6,60.75313807531381,69.0,Other,131
Men's wear,2799.0,6999.0,4.1,60.00857265323618,99.0,Charm,477
Men's wear,1049.0,1999.0,3.9,47.52376188094047,49.0,Other,371
Men's wear,2999.0,5999.0,4.0,50.00833472245374,99.0,Charm,300
Men's wear,469.0,1195.0,3.6,60.75313807531381,69.0,Other,428
Men's wear,279.0,449.0,4.0,37.8619153674833,79.0,Other,292
Men's wear,476.0,1499.0,4.3,68.24549699799867,76.0,Other,298
Men's wear,179.0,1200.0,4.1,85.08333333333333,79.0,Other,185
Men's wear,249.0,899.0,4.1,72.30255839822024,49.0,Other,304
Men's wear,199.0,499.0,4.0,60.120240480961925,99.0,Charm,295
Men's wear,261.0,599.0,4.2,56.42737896494157,61.0,Other,370
Men's wear,250.0,499.0,4.2,49.899799599198396,50.0,Other,348
Men's wear,629.0,999.0,4.1,37.03703703703704,29.0,Other,166
Men's wear,250.0,499.0,4.2,49.899799599198396,50.0,Other,330
Men's wear,179.0,1199.0,4.2,85.07089241034194,79.0,Other,90
Men's wear,399.0,,4.1,,99.0,Charm,348
Men's wear,161.0,999.0,4.2,83.88388388388388,61.0,Other,459
Men's wear,359.0,549.0,4.3,34.60837887067395,59.0,Other,305
Men's wear,377.0,499.0,4.2,24.448897795591183,77.0,Other,381
Men's wear,261.0,599.0,4.2,56.42737896494157,61.0,Other,373
Men's wear,541.0,899.0,4.3,39.822024471635146,41.0,Other,318
Men's wear,143.0,399.0,4.2,64.16040100250626,43.0,Other,74
Men's wear,261.0,599.0,4.2,56.42737896494157,61.0,Other,376
Men's wear,261.0,599.0,4.2,56.42737896494157,61.0,Other,181
Men's wear,179.0,1199.0,3.9,85.07089241034194,79.0,Other,117
Men's wear,134.0,399.0,4.2,66.41604010025063,34.0,Other,152
Men's wear,346.0,650.0,4.2,46.76923076923077,46.0,Other,111
Men's wear,199.0,499.0,4.0,60.120240480961925,99.0,Charm,213
Men's wear,799.0,3999.0,4.4,80.02000500125031,99.0,Charm,56
Men's wear,249.0,899.0,4.1,72.30255839822024,49.0,Other,365
Men's wear,189.0,699.0,3.8,72.96137339055794,89.0,Other,61
Men's wear,399.0,,4.1,,99.0,Charm,220
Men's wear,161.0,999.0,3.9,83.88388388388388,61.0,Other,306
Men's wear,224.0,699.0,4.0,67.95422031473534,24.0,Other,332
Men's wear,229.0,999.0,3.9,77.07707707707708,29.0,Other,72
Men's wear,499.0,799.0,4.3,37.546933667083856,99.0,Charm,97
Men's wear,161.0,999.0,4.0,83.88388388388388,61.0,Other,291
Men's wear,376.0,999.0,4.4,62.36236236236237,76.0,Other,117
Men's wear,559.0,1098.0,4.5,49.08925318761385,59.0,Other,404
Men's wear,359.0,549.0,4.2,34.60837887067395,59.0,Other,56
Men's wear,433.0,1399.0,4.1,69.04932094353109,33.0,Other,81
Men's wear,302.0,599.0,4.3,49.58263772954925,2.0,Other,145
Men's wear,469.0,499.0,4.0,6.012024048096192,69.0,Other,113
Men's wear,203.0,599.0,4.1,66.110183639399,3.0,Other,246
Men's wear,597.0,899.0,4.2,33.59288097886541,97.0,Other,242
Men's wear,254.0,599.0,2.7,57.595993322203675,54.0,Other,126
Men's wear,799.0,1199.0,3.7,33.361134278565466,99.0,Charm,146
Men's wear,313.0,999.0,3.9,68.66866866866866,13.0,Other,337
Men's wear,213.0,899.0,3.7,76.30700778642937,13.0,Other,192
Men's wear,213.0,899.0,3.7,76.30700778642937,13.0,Other,254
Men's wear,279.0,999.0,4.0,72.07207207207207,79.0,Other,328
Men's wear,225.0,799.0,4.0,71.8397997496871,25.0,Other,425
Men's wear,269.0,899.0,3.9,70.07786429365962,69.0,Other,451
Men's wear,258.0,599.0,4.0,56.92821368948246,58.0,Other,464
Men's wear,214.0,899.0,3.5,76.19577308120134,14.0,Other,306
Men's wear,259.0,999.0,3.5,74.07407407407408,59.0,Other,52
Men's wear,246.0,899.0,3.9,72.63626251390434,46.0,Other,70
Men's wear,249.0,699.0,3.7,64.37768240343348,49.0,Other,438
Men's wear,377.0,999.0,3.9,62.262262262262254,77.0,Other,112
Men's wear,279.0,999.0,4.0,72.07207207207207,79.0,Other,264
Men's wear,269.0,899.0,3.9,70.07786429365962,69.0,Other,384
Men's wear,806.0,1599.0,4.1,49.59349593495935,6.0,Other,308
Men's wear,313.0,999.0,3.7,68.66866866866866,13.0,Other,491
Men's wear,313.0,999.0,3.8,68.66866866866866,13.0,Other,493
Men's wear,279.0,899.0,3.9,68.96551724137932,79.0,Other,437
Men's wear,299.0,1299.0,3.8,76.98229407236336,99.0,Charm,302
Men's wear,419.0,899.0,4.0,53.39265850945495,19.0,Other,481
Men's wear,220.0,799.0,4.0,72.46558197747184,20.0,Other,274
Men's wear,269.0,899.0,3.9,70.07786429365962,69.0,Other,182
Men's wear,884.0,1599.0,4.0,44.71544715447154,84.0,Other,310
Men's wear,217.0,899.0,4.0,75.86206896551724,17.0,Other,420
Men's wear,217.0,899.0,3.7,75.86206896551724,17.0,Other,420
Men's wear,269.0,999.0,3.9,73.07307307307308,69.0,Other,431
Men's wear,258.0,599.0,4.0,56.92821368948246,58.0,Other,302
Men's wear,217.0,899.0,3.6,75.86206896551724,17.0,Other,61
Men's wear,278.0,590.0,4.3,52.88135593220339,78.0,Other,244
Men's wear,269.0,899.0,3.9,70.07786429365962,69.0,Other,219
Men's wear,199.0,899.0,3.6,77.8642936596218,99.0,Charm,339
Men's wear,313.0,999.0,3.9,68.66866866866866,13.0,Other,131
Men's wear,239.0,899.0,3.8,73.41490545050056,39.0,Other,133
Men's wear,249.0,599.0,2.7,58.43071786310517,49.0,Other,332
Men's wear,199.0,899.0,3.3,77.8642936596218,99.0,Charm,211
Men's wear,729.0,1599.0,3.9,54.409005628517825,29.0,Other,359
Men's wear,217.0,899.0,3.7,75.86206896551724,17.0,Other,192
Men's wear,239.0,899.0,4.6,73.41490545050056,39.0,Other,325
Men's wear,389.0,1999.0,3.9,80.54027013506754,89.0,Other,131
Men's wear,389.0,1999.0,4.0,80.54027013506754,89.0,Other,258
Men's wear,549.0,2499.0,3.8,78.031212484994,49.0,Other,278
Men's wear,399.0,1999.0,4.0,80.040020010005,99.0,Charm,191
Men's wear,720.0,1200.0,4.3,40.0,20.0,Other,295
Men's wear,389.0,1999.0,3.9,80.54027013506754,89.0,Other,354
Men's wear,549.0,2499.0,3.8,78.031212484994,49.0,Other,257
Men's wear,1349.0,2499.0,4.6,46.01840736294518,49.0,Other,339
Men's wear,399.0,2499.0,4.0,84.03361344537815,99.0,Charm,60
Men's wear,459.0,1499.0,4.0,69.37958639092729,59.0,Other,496
Men's wear,389.0,2499.0,3.9,84.43377350940376,89.0,Other,57
Men's wear,495.0,2199.0,4.7,77.48976807639836,95.0,Other,183
Men's wear,449.0,2999.0,4.0,85.02834278092698,49.0,Other,454
Men's wear,399.0,1999.0,4.1,80.040020010005,99.0,Charm,396
Men's wear,629.0,2099.0,3.5,70.03334921391139,29.0,Other,326
Men's wear,1399.0,1999.0,4.4,30.015007503751878,99.0,Charm,224
Men's wear,679.0,1799.0,4.2,62.2568093385214,79.0,Other,234
Men's wear,649.0,1999.0,4.2,67.53376688344173,49.0,Other,144
Men's wear,614.0,2049.0,4.2,70.03416300634456,14.0,Other,358
Men's wear,629.0,1499.0,4.0,58.0386924616411,29.0,Other,421
Men's wear,1019.0,1699.0,4.4,40.02354326074161,19.0,Other,355
Men's wear,399.0,1999.0,4.1,80.040020010005,99.0,Charm,144
Men's wear,399.0,1999.0,4.0,80.040020010005,99.0,Charm,447
Men's wear,495.0,2199.0,4.5,77.48976807639836,95.0,Other,102
Men's wear,389.0,1999.0,4.1,80.54027013506754,89.0,Other,211
Men's wear,649.0,1599.0,4.1,59.41213258286429,49.0,Other,173
Men's wear,399.0,1999.0,4.0,80.040020010005,99.0,Charm,422
Men's wear,608.0,1299.0,3.8,53.19476520400308,8.0,Other,144
Men's wear,449.0,2999.0,4.1,85.02834278092698,49.0,Other,240
Men's wear,422.0,1699.0,4.0,75.16185991759858,22.0,Other,201
Men's wear,394.0,2129.0,3.9,81.49365899483325,94.0,Other,254
Men's wear,1124.0,4499.0,4.3,75.0166703711936,24.0,Other,281
Men's wear,599.0,1999.0,3.3,70.03501750875438,99.0,Charm,310
Men's wear,2099.0,2999.0,4.1,30.01000333444481,99.0,Charm,201
Men's wear,389.0,1999.0,4.0,80.54027013506754,89.0,Other,260
Men's wear,1124.0,4499.0,4.3,75.0166703711936,24.0,Other,486
Men's wear,449.0,2499.0,4.1,82.0328131252501,49.0,Other,276
Men's wear,389.0,1999.0,3.9,80.54027013506754,89.0,Other,317
Men's wear,399.0,1999.0,3.9,80.040020010005,99.0,Charm,144
Men's wear,1099.0,4399.0,4.8,75.01704932939305,99.0,Charm,113
Men's wear,849.0,1999.0,3.8,57.5287643821911,49.0,Other,406
Men's wear,1286.0,3899.0,4.0,67.01718389330597,86.0,Other,293
Men's wear,599.0,2499.0,3.8,76.03041216486595,99.0,Charm,270
Men's wear,1529.0,5099.0,3.8,70.01372818199647,29.0,Other,246
Men's wear,866.0,2475.0,4.2,65.01010101010101,66.0,Other,229
Men's wear,599.0,2499.0,3.9,76.03041216486595,99.0,Charm,387
Men's wear,883.0,2525.0,4.2,65.02970297029704,83.0,Other,274
Men's wear,799.0,1999.0,3.3,60.030015007503756,99.0,Charm,160
Men's wear,1583.0,3299.0,4.3,52.015762352227945,83.0,Other,185
Men's wear,499.0,2499.0,3.9,80.03201280512204,99.0,Charm,315
Men's wear,839.0,2799.0,4.1,70.02500893176135,39.0,Other,344
Men's wear,419.0,1499.0,3.8,72.04803202134757,19.0,Other,215
Men's wear,990.0,2475.0,4.0,60.0,90.0,Other,99
Men's wear,1344.0,3599.0,4.1,62.65629341483745,44.0,Other,335
Men's wear,901.0,2575.0,4.2,65.00970873786407,1.0,Other,258
Men's wear,2099.0,3499.0,3.9,40.01143183766791,99.0,Charm,84
Men's wear,813.0,2325.0,4.0,65.03225806451613,13.0,Other,221
Men's wear,1049.0,3099.0,4.0,66.15037108744757,49.0,Other,194
Men's wear,1330.0,3499.0,3.6,61.98913975421549,30.0,Other,448
Men's wear,2804.0,5099.0,4.1,45.00882525985487,4.0,Other,121
Men's wear,1010.0,2525.0,4.2,60.0,10.0,Other,475
Men's wear,649.0,2999.0,3.8,78.35945315105035,49.0,Other,316
Men's wear,1739.0,5799.0,4.0,70.01207104673219,39.0,Other,411
Men's wear,599.0,1899.0,4.1,68.45708267509215,99.0,Charm,347
Men's wear,459.0,2499.0,3.7,81.63265306122449,59.0,Other,102
Men's wear,1799.0,5999.0,2.8,70.01166861143524,99.0,Charm,187
Men's wear,813.0,2325.0,4.0,65.03225806451613,13.0,Other,201
Men's wear,1559.0,3999.0,3.9,61.01525381345336,59.0,Other,258
Men's wear,899.0,2999.0,4.2,70.02334111370457,99.0,Charm,375
Men's wear,1010.0,2525.0,4.2,60.0,10.0,Other,479
Men's wear,649.0,2999.0,3.8,78.35945315105035,49.0,Other,158
Men's wear,319.0,999.0,3.1,68.06806806806807,19.0,Other,415
Men's wear,901.0,2575.0,4.2,65.00970873786407,1.0,Other,148
Men's wear,499.0,2499.0,3.9,80.03201280512204,99.0,Charm,498
Men's wear,899.0,2999.0,4.0,70.02334111370457,99.0,Charm,193
Men's wear,599.0,1899.0,4.1,68.45708267509215,99.0,Charm,468
Men's wear,1349.0,4499.0,3.8,70.01555901311403,49.0,Other,325
Men's wear,1769.0,2949.0,3.8,40.013563919972874,69.0,Other,166
Men's wear,799.0,2999.0,4.1,73.35778592864288,99.0,Charm,445
Men's wear,999.0,2999.0,3.2,66.68889629876625,99.0,Charm,305
Men's wear,410.0,1499.0,3.5,72.64843228819214,10.0,Other,118
Men's wear,410.0,1499.0,3.9,72.64843228819214,10.0,Other,306
Men's wear,299.0,1699.0,3.8,82.4014125956445,99.0,Charm,145
Men's wear,554.0,1499.0,3.9,63.04202801867912,54.0,Other,225
Men's wear,629.0,1499.0,4.2,58.0386924616411,29.0,Other,196
Men's wear,639.0,1599.0,4.3,60.0375234521576,39.0,Other,71
Men's wear,639.0,1599.0,4.3,60.0375234521576,39.0,Other,202
Men's wear,359.0,1199.0,3.9,70.05838198498749,59.0,Other,376
Men's wear,899.0,1999.0,4.0,55.02751375687844,99.0,Charm,342
Men's wear,629.0,1499.0,4.2,58.0386924616411,29.0,Other,310
Men's wear,549.0,2199.0,4.2,75.03410641200546,49.0,Other,87
Men's wear,939.0,1799.0,3.8,47.80433574207893,39.0,Other,423
Men's wear,769.0,2199.0,4.1,65.02955889040473,69.0,Other,210
Men's wear,1034.0,2299.0,4.2,55.02392344497608,34.0,Other,335
Men's wear,702.0,1899.0,3.6,63.03317535545023,2.0,Other,87
Men's wear,1039.0,1999.0,3.8,48.024012006003005,39.0,Other,315
Men's wear,1034.0,2299.0,4.4,55.02392344497608,34.0,Other,396
Men's wear,799.0,1999.0,4.0,60.030015007503756,99.0,Charm,289
Men's wear,629.0,1499.0,3.8,58.0386924616411,29.0,Other,177
Men's wear,519.0,999.0,4.0,48.048048048048045,19.0,Other,421
Men's wear,506.0,1299.0,4.1,61.04695919938414,6.0,Other,441
Men's wear,299.0,1699.0,3.8,82.4014125956445,99.0,Charm,380
Men's wear,799.0,1599.0,4.3,50.03126954346466,99.0,Charm,165
Men's wear,800.0,1999.0,4.6,59.979989994997496,0.0,Round,209
Men's wear,399.0,1499.0,4.0,73.3822548365577,99.0,Charm,371
Men's wear,764.0,1699.0,4.3,55.03237198351971,64.0,Other,299
Men's wear,705.0,1699.0,3.8,58.505002942907595,5.0,Other,453
Men's wear,699.0,1999.0,4.2,65.03251625812906,99.0,Charm,239
Men's wear,1250.0,1595.0,4.3,21.630094043887148,50.0,Other,73
Men's wear,749.0,2999.0,4.2,75.02500833611204,49.0,Other,150
Men's wear,749.0,1499.0,4.0,50.03335557038026,49.0,Other,273
Men's wear,499.0,1299.0,4.1,61.585835257890686,99.0,Charm,478
Men's wear,899.0,1899.0,4.2,52.6592943654555,99.0,Charm,188
Men's wear,749.0,2999.0,4.1,75.02500833611204,49.0,Other,83
Men's wear,699.0,1999.0,4.1,65.03251625812906,99.0,Charm,96
Men's wear,799.0,1999.0,4.2,60.030015007503756,99.0,Charm,168
Men's wear,704.0,1499.0,4.0,53.03535690460307,4.0,Other,420
Men's wear,1399.0,1999.0,4.1,30.015007503751878,99.0,Charm,58
Men's wear,799.0,1999.0,4.0,60.030015007503756,99.0,Charm,422
Men's wear,629.0,1499.0,3.8,58.0386924616411,29.0,Other,169
Men's wear,1899.0,3799.0,3.9,50.01316135825217,99.0,Charm,276
Men's wear,2279.0,5999.0,3.6,62.01033505584264,79.0,Other,305
Men's wear,389.0,1000.0,3.7,61.1,89.0,Other,164
Men's wear,919.0,2498.0,4.2,63.210568454763816,19.0,Other,134
Men's wear,1154.0,3299.0,4.2,65.01970294028494,54.0,Other,354
Men's wear,989.0,3299.0,4.3,70.02121855107607,89.0,Other,313
Men's wear,1154.0,3299.0,4.3,65.01970294028494,54.0,Other,454
Men's wear,2499.0,3199.0,3.5,21.88183807439825,99.0,Charm,400
Men's wear,899.0,2498.0,3.9,64.01120896717374,99.0,Charm,350
Men's wear,1319.0,4399.0,4.0,70.0159127074335,19.0,Other,78
Men's wear,1699.0,1730.0,3.9,1.7919075144508672,99.0,Charm,323
Men's wear,2899.0,4999.0,4.2,42.008401680336064,99.0,Charm,112
Men's wear,774.0,2999.0,4.0,74.19139713237746,74.0,Other,317
Men's wear,389.0,1000.0,4.0,61.1,89.0,Other,283
Men's wear,999.0,3398.0,4.0,70.60035314891113,99.0,Charm,95
Men's wear,999.0,1999.0,4.5,50.025012506253134,99.0,Charm,263
Men's wear,1947.0,3245.0,3.8,40.0,47.0,Other,111
Men's wear,899.0,2498.0,4.2,64.01120896717374,99.0,Charm,322
Men's wear,699.0,1500.0,3.0,53.400000000000006,99.0,Charm,335
Men's wear,2249.0,5799.0,3.6,61.21745128470426,49.0,Other,164
Men's wear,774.0,2999.0,4.1,74.19139713237746,74.0,Other,319
Men's wear,2639.0,4799.0,3.4,45.00937695353199,39.0,Other,50
Men's wear,899.0,2498.0,4.2,64.01120896717374,99.0,Charm,332
Men's wear,2249.0,5799.0,3.6,61.21745128470426,49.0,Other,392
Men's wear,699.0,1500.0,3.9,53.400000000000006,99.0,Charm,481
Men's wear,2999.0,5999.0,3.8,50.00833472245374,99.0,Charm,117
Men's wear,1499.0,4999.0,3.8,70.01400280056012,99.0,Charm,158
Men's wear,2249.0,5799.0,3.6,61.21745128470426,49.0,Other,453
Men's wear,899.0,2498.0,3.4,64.01120896717374,99.0,Charm,436
Men's wear,774.0,2999.0,4.0,74.19139713237746,74.0,Other,262
Men's wear,899.0,2498.0,4.1,64.01120896717374,99.0,Charm,414
Men's wear,2249.0,6650.0,4.0,66.18045112781955,49.0,Other,264
Men's wear,1339.0,2060.0,3.7,35.0,39.0,Other,302
Men's wear,1769.0,1997.0,4.2,11.4171256885328,69.0,Other,308
Men's wear,989.0,3299.0,4.1,70.02121855107607,89.0,Other,149
Men's wear,2249.0,6650.0,4.0,66.18045112781955,49.0,Other,456
Men's wear,1181.0,1969.0,3.6,40.020314880650076,81.0,Other,112
Men's wear,489.0,2659.0,3.8,81.6096276795788,89.0,Other,58
Men's wear,999.0,2498.0,4.6,60.00800640512411,99.0,Charm,400
Men's wear,2249.0,6650.0,4.0,66.18045112781955,49.0,Other,368
Men's wear,599.0,999.0,3.6,40.04004004004004,99.0,Charm,269
Men's wear,899.0,2999.0,4.7,70.02334111370457,99.0,Charm,104
Men's wear,399.0,1648.0,3.9,75.78883495145631,99.0,Charm,165
Men's wear,319.0,1795.0,3.9,82.22841225626742,19.0,Other,276
Men's wear,399.0,1648.0,3.9,75.78883495145631,99.0,Charm,196
Men's wear,319.0,1495.0,3.7,78.66220735785954,19.0,Other,314
Men's wear,319.0,1495.0,3.7,78.66220735785954,19.0,Other,66
Men's wear,599.0,999.0,4.2,40.04004004004004,99.0,Charm,497
Men's wear,319.0,1295.0,3.9,75.36679536679537,19.0,Other,465
Men's wear,399.0,1499.0,3.9,73.3822548365577,99.0,Charm,482
Men's wear,468.0,1599.0,4.0,70.73170731707317,68.0,Other,307
Men's wear,399.0,999.0,3.6,60.06006006006006,99.0,Charm,141
Men's wear,319.0,1495.0,3.7,78.66220735785954,19.0,Other,250
Men's wear,550.0,1599.0,4.0,65.60350218886805,50.0,Other,491
Men's wear,399.0,1499.0,3.9,73.3822548365577,99.0,Charm,83
Men's wear,599.0,999.0,3.7,40.04004004004004,99.0,Charm,436
Men's wear,399.0,1499.0,3.9,73.3822548365577,99.0,Charm,450
Men's wear,399.0,1499.0,3.9,73.3822548365577,99.0,Charm,358
Men's wear,399.0,1648.0,4.1,75.78883495145631,99.0,Charm,334
Men's wear,459.0,1399.0,4.1,67.19085060757683,59.0,Other,247
Men's wear,888.0,3849.0,3.5,76.9290724863601,88.0,Other,169
Men's wear,249.0,1499.0,3.9,83.38892595063375,49.0,Other,161
Men's wear,399.0,1287.0,3.9,68.997668997669,99.0,Charm,184
Men's wear,599.0,999.0,4.1,40.04004004004004,99.0,Charm,162
Men's wear,399.0,1499.0,3.9,73.3822548365577,99.0,Charm,247
Men's wear,399.0,1599.0,4.1,75.046904315197,99.0,Charm,359
Men's wear,399.0,1648.0,3.9,75.78883495145631,99.0,Charm,261
Men's wear,599.0,999.0,3.7,40.04004004004004,99.0,Charm,266
Men's wear,399.0,1499.0,3.9,73.3822548365577,99.0,Charm,167
Men's wear,888.0,3849.0,3.5,76.9290724863601,88.0,Other,362
Men's wear,345.0,999.0,3.9,65.46546546546547,45.0,Other,467
Men's wear,899.0,2999.0,4.7,70.02334111370457,99.0,Charm,397
Men's wear,499.0,1799.0,4.1,72.26236798221234,99.0,Charm,267
Men's wear,319.0,1495.0,3.7,78.66220735785954,19.0,Other,62
Men's wear,319.0,1295.0,3.9,75.36679536679537,19.0,Other,241
Men's wear,599.0,999.0,4.0,40.04004004004004,99.0,Charm,58
Men's wear,319.0,1495.0,3.7,78.66220735785954,19.0,Other,282
Men's wear,468.0,1599.0,4.0,70.73170731707317,68.0,Other,361
Men's wear,399.0,1599.0,4.1,75.046904315197,99.0,Charm,209
Men's wear,499.0,999.0,3.7,50.050050050050054,99.0,Charm,201
Men's wear,899.0,1799.0,4.1,50.0277932184547,99.0,Charm,331
Men's wear,899.0,1799.0,4.1,50.0277932184547,99.0,Charm,263
Men's wear,499.0,2968.0,3.9,83.18733153638814,99.0,Charm,128
Men's wear,499.0,2299.0,4.1,78.294910830796,99.0,Charm,77
Men's wear,339.0,1499.0,4.0,77.38492328218813,39.0,Other,432
Men's wear,499.0,2968.0,3.9,83.18733153638814,99.0,Charm,327
Men's wear,339.0,1499.0,4.0,77.38492328218813,39.0,Other,445
Men's wear,899.0,1799.0,4.1,50.0277932184547,99.0,Charm,231
Men's wear,599.0,2999.0,4.2,80.02667555851951,99.0,Charm,231
Men's wear,499.0,1499.0,4.0,66.711140760507,99.0,Charm,435
Men's wear,453.0,3499.0,3.9,87.05344384109746,53.0,Other,74
Men's wear,2999.0,,3.7,,99.0,Charm,228
Men's wear,499.0,1599.0,4.1,68.79299562226392,99.0,Charm,339
Men's wear,499.0,2499.0,4.0,80.03201280512204,99.0,Charm,425
Men's wear,499.0,1599.0,4.1,68.79299562226392,99.0,Charm,105
Men's wear,573.0,2599.0,3.8,77.9530588687957,73.0,Other,132
Men's wear,990.0,2499.0,4.0,60.38415366146459,90.0,Other,422
Men's wear,1123.0,7999.0,4.0,85.96074509313664,23.0,Other,140
Men's wear,389.0,599.0,4.1,35.058430717863104,89.0,Other,169
Men's wear,919.0,,4.3,,19.0,Other,217
Men's wear,499.0,2999.0,4.1,83.36112037345782,99.0,Charm,484
Men's wear,487.0,3499.0,3.9,86.08173763932552,87.0,Other,108
Men's wear,499.0,1799.0,4.0,72.26236798221234,99.0,Charm,200
Men's wear,999.0,3499.0,3.6,71.44898542440697,99.0,Charm,284
Men's wear,339.0,1499.0,4.1,77.38492328218813,39.0,Other,180
Men's wear,499.0,2968.0,3.9,83.18733153638814,99.0,Charm,109
Men's wear,999.0,3999.0,3.3,75.01875468867217,99.0,Charm,94
Men's wear,498.0,1999.0,4.2,75.08754377188595,98.0,Other,80
Men's wear,599.0,2999.0,4.1,80.02667555851951,99.0,Charm,255
Men's wear,499.0,1799.0,4.0,72.26236798221234,99.0,Charm,157
Men's wear,599.0,2999.0,4.1,80.02667555851951,99.0,Charm,223
Men's wear,939.0,,4.3,,39.0,Other,369
Men's wear,999.0,3999.0,3.3,75.01875468867217,99.0,Charm,444
Men's wear,339.0,1499.0,4.0,77.38492328218813,39.0,Other,283
Men's wear,499.0,1599.0,4.1,68.79299562226392,99.0,Charm,421
Men's wear,3499.0,,4.7,,99.0,Charm,252
Men's wear,990.0,1999.0,4.1,50.47523761880941,90.0,Other,414
Men's wear,990.0,2899.0,4.2,65.8502932045533,90.0,Other,202
Men's wear,999.0,4999.0,4.1,80.01600320064013,99.0,Charm,459
Men's wear,584.0,999.0,3.9,41.54154154154154,84.0,Other,295
Men's wear,1793.0,6999.0,4.2,74.3820545792256,93.0,Other,157
Men's wear,1594.0,4999.0,3.9,68.11362272454491,94.0,Other,488
Men's wear,1533.0,6999.0,3.9,78.0968709815688,33.0,Other,214
Men's wear,1670.0,3999.0,3.8,58.23955988997249,70.0,Other,72
Men's wear,1799.0,3999.0,4.1,55.01375343835959,99.0,Charm,124
Men's wear,1999.0,5699.0,4.0,64.92367081944201,99.0,Charm,171
Men's wear,1999.0,5699.0,3.9,64.92367081944201,99.0,Charm,403
Men's wear,2294.0,5999.0,3.7,61.76029338223037,94.0,Other,253
Men's wear,2699.0,9499.0,3.9,71.58648278766185,99.0,Charm,341
Men's wear,1999.0,5499.0,4.1,63.64793598836152,99.0,Charm,294
Men's wear,1999.0,5499.0,4.1,63.64793598836152,99.0,Charm,287
Men's wear,1888.0,3999.0,3.9,52.78819704926232,88.0,Other,122
Men's wear,1699.0,2999.0,3.9,43.347782594198065,99.0,Charm,345
Men's wear,1375.0,2999.0,4.2,54.151383794598196,75.0,Other,178
Men's wear,2699.0,9499.0,3.9,71.58648278766185,99.0,Charm,273
Men's wear,1996.0,4999.0,4.0,60.07201440288058,96.0,Other,309
Men's wear,1793.0,6999.0,4.2,74.3820545792256,93.0,Other,264
Men's wear,1599.0,3999.0,4.0,60.01500375093774,99.0,Charm,309
Men's wear,4999.0,19999.0,3.8,75.00375018750938,99.0,Charm,279
Men's wear,1994.0,6999.0,3.6,71.51021574510644,94.0,Other,340
Men's wear,499.0,1299.0,2.9,61.585835257890686,99.0,Charm,125
Men's wear,1999.0,5699.0,4.2,64.92367081944201,99.0,Charm,473
Men's wear,1749.0,3999.0,4.1,56.264066016504124,49.0,Other,72
Men's wear,1974.0,5999.0,3.7,67.09451575262544,74.0,Other,393
Men's wear,2699.0,8999.0,3.7,70.00777864207134,99.0,Charm,398
Men's wear,719.0,2899.0,3.9,75.19834425664023,19.0,Other,90
Men's wear,3035.0,8999.0,4.5,66.27403044782754,35.0,Other,370
Men's wear,1996.0,4499.0,4.0,55.634585463436316,96.0,Other,167
Men's wear,1540.0,3999.0,4.0,61.490372593148294,40.0,Other,437
Men's wear,1528.0,6999.0,3.7,78.16830975853694,28.0,Other,233
Men's wear,1699.0,3999.0,3.9,57.51437859464866,99.0,Charm,150
Men's wear,3299.0,11999.0,4.5,72.50604217018085,99.0,Charm,374
Men's wear,1633.0,4499.0,4.1,63.70304512113803,33.0,Other,498
Men's wear,2800.0,9999.0,3.8,71.99719971997199,0.0,Round,354
Men's wear,3799.0,15999.0,4.2,76.25476592287018,99.0,Charm,273
Men's wear,854.0,1999.0,3.4,57.27863931965983,54.0,Other,254
Men's wear,2699.0,8999.0,3.7,70.00777864207134,99.0,Charm,383
Men's wear,2292.0,4999.0,4.1,54.1508301660332,92.0,Other,80
Men's wear,2800.0,9999.0,4.2,71.99719971997199,0.0,Round,314
Men's wear,2325.0,3999.0,3.6,41.86046511627907,25.0,Other,213
Men's wear,500.0,2298.0,3.4,78.24194952132288,0.0,Round,314
Men's wear,365.0,1149.0,3.7,68.23324630113142,65.0,Other,95
Men's wear,199.0,699.0,3.8,71.5307582260372,99.0,Charm,384
Men's wear,272.0,699.0,3.7,61.08726752503576,72.0,Other,73
Men's wear,299.0,599.0,4.4,50.08347245409015,99.0,Charm,299
Men's wear,495.0,899.0,3.7,44.938820912124584,95.0,Other,387
Men's wear,599.0,1299.0,3.9,53.88760585065435,99.0,Charm,256
Men's wear,383.0,599.0,4.1,36.060100166944906,83.0,Other,80
Men's wear,234.0,899.0,4.1,73.97107897664071,34.0,Other,75
Men's wear,599.0,999.0,4.0,40.04004004004004,99.0,Charm,163
Men's wear,285.0,499.0,3.8,42.88577154308617,85.0,Other,239
Men's wear,362.0,699.0,4.1,48.21173104434907,62.0,Other,65
Men's wear,234.0,899.0,4.1,73.97107897664071,34.0,Other,497
Men's wear,273.0,699.0,3.7,60.94420600858369,73.0,Other,267
Men's wear,459.0,1399.0,3.7,67.19085060757683,59.0,Other,55
Men's wear,362.0,699.0,4.1,48.21173104434907,62.0,Other,279
Men's wear,399.0,999.0,3.8,60.06006006006006,99.0,Charm,115
Men's wear,550.0,1299.0,4.0,57.65973826020016,50.0,Other,171
Men's wear,230.0,399.0,3.9,42.35588972431078,30.0,Other,372
Men's wear,362.0,699.0,4.1,48.21173104434907,62.0,Other,437
Men's wear,499.0,900.0,3.9,44.55555555555556,99.0,Charm,215
Men's wear,299.0,999.0,3.8,70.07007007007007,99.0,Charm,214
Men's wear,499.0,999.0,4.0,50.050050050050054,99.0,Charm,297
Men's wear,323.0,550.0,4.4,41.27272727272727,23.0,Other,459
Men's wear,499.0,1999.0,3.9,75.03751875937968,99.0,Charm,498
Men's wear,367.0,1839.0,3.4,80.04350190320827,67.0,Other,107
Men's wear,299.0,599.0,4.0,50.08347245409015,99.0,Charm,93
Men's wear,1019.0,1899.0,3.8,46.34017904160084,19.0,Other,457
Men's wear,499.0,1999.0,3.9,75.03751875937968,99.0,Charm,106
Men's wear,499.0,899.0,4.1,44.493882091212456,99.0,Charm,352
Men's wear,299.0,999.0,3.8,70.07007007007007,99.0,Charm,432
Men's wear,699.0,1299.0,3.8,46.18937644341801,99.0,Charm,475
Men's wear,318.0,899.0,4.7,64.62736373748609,18.0,Other,129
Men's wear,264.0,1999.0,3.6,86.79339669834918,64.0,Other,327
Men's wear,399.0,1799.0,4.2,77.82101167315176,99.0,Charm,227
Men's wear,1019.0,1899.0,3.8,46.34017904160084,19.0,Other,167
Men's wear,367.0,999.0,3.9,63.263263263263255,67.0,Other,146
Men's wear,550.0,1299.0,3.3,57.65973826020016,50.0,Other,459
Men's wear,459.0,1399.0,3.7,67.19085060757683,59.0,Other,154
Men's wear,829.0,1599.0,3.8,48.15509693558474,29.0,Other,312
Men's wear,1280.0,,4.3,,80.0,Other,77
Men's wear,699.0,1400.0,4.8,50.07142857142857,99.0,Charm,449
Men's wear,499.0,995.0,4.3,49.84924623115578,99.0,Charm,343
Men's wear,499.0,995.0,4.3,49.84924623115578,99.0,Charm,315
Men's wear,409.0,999.0,4.2,59.05905905905906,9.0,Other,278
Men's wear,409.0,999.0,4.2,59.05905905905906,9.0,Other,113
Men's wear,200.0,495.0,4.0,59.59595959595959,0.0,Round,174
Men's wear,699.0,1400.0,4.8,50.07142857142857,99.0,Charm,444
Men's wear,445.0,995.0,4.2,55.27638190954774,45.0,Other,95
Men's wear,295.0,995.0,4.0,70.35175879396985,95.0,Other,377
Men's wear,645.0,1899.0,4.0,66.0347551342812,45.0,Other,432
Men's wear,1199.0,2600.0,4.8,53.88461538461539,99.0,Charm,254
Men's wear,325.0,795.0,3.9,59.11949685534591,25.0,Other,399
Men's wear,446.0,995.0,4.2,55.175879396984925,46.0,Other,122
Men's wear,195.0,495.0,4.0,60.60606060606061,95.0,Other,352
Men's wear,499.0,1699.0,3.7,70.62978222483814,99.0,Charm,277
Men's wear,297.0,570.0,3.8,47.89473684210526,97.0,Other,76
Men's wear,379.0,700.0,3.9,45.857142857142854,79.0,Other,59
Men's wear,225.0,495.0,4.0,54.54545454545454,25.0,Other,79
Men's wear,397.0,1998.0,3.9,80.13013013013013,97.0,Other,280
Men's wear,245.0,495.0,4.2,50.505050505050505,45.0,Other,325
Men's wear,1145.0,1995.0,4.1,42.606516290726816,45.0,Other,111
Men's wear,448.0,1299.0,4.1,65.51193225558121,48.0,Other,283
Men's wear,930.0,1499.0,5.0,37.95863909272848,30.0,Other,242
Men's wear,230.0,499.0,4.1,53.90781563126252,30.0,Other,372
Men's wear,269.0,499.0,4.3,46.09218436873748,69.0,Other,202
Men's wear,395.0,795.0,4.1,50.314465408805034,95.0,Other,174
Men's wear,499.0,1699.0,3.7,70.62978222483814,99.0,Charm,410
Men's wear,369.0,949.0,4.0,61.116965226554264,69.0,Other,168
Men's wear,1495.0,1995.0,4.1,25.062656641604008,95.0,Other,433
Men's wear,485.0,,4.2,,85.0,Other,438
Men's wear,499.0,1699.0,3.7,70.62978222483814,99.0,Charm,81
Men's wear,399.0,1499.0,3.5,73.3822548365577,99.0,Charm,286
Men's wear,645.0,1899.0,4.0,66.0347551342812,45.0,Other,98
Men's wear,295.0,795.0,3.9,62.893081761006286,95.0,Other,334
Men's wear,499.0,1699.0,3.7,70.62978222483814,99.0,Charm,273
Men's wear,1095.0,1995.0,4.1,45.11278195488722,95.0,Other,170
Men's wear,395.0,795.0,4.2,50.314465408805034,95.0,Other,307
Men's wear,1145.0,1995.0,4.1,42.606516290726816,45.0,Other,430
Men's wear,2229.0,2445.0,3.1,8.83435582822086,29.0,Other,245
Men's wear,299.0,999.0,4.0,70.07007007007007,99.0,Charm,485
Men's wear,699.0,999.0,4.0,30.03003003003003,99.0,Charm,252
Men's wear,499.0,890.0,3.9,43.932584269662925,99.0,Charm,176
Men's wear,345.0,699.0,4.0,50.64377682403433,45.0,Other,252
Men's wear,295.0,1500.0,3.9,80.33333333333333,95.0,Other,138
Men's wear,599.0,1199.0,3.9,50.0417014178482,99.0,Charm,395
Men's wear,499.0,1399.0,4.1,64.33166547533953,99.0,Charm,366
Men's wear,699.0,999.0,4.0,30.03003003003003,99.0,Charm,161
Men's wear,499.0,1299.0,4.0,61.585835257890686,99.0,Charm,379
Men's wear,499.0,1299.0,4.0,61.585835257890686,99.0,Charm,193
Men's wear,495.0,1299.0,3.9,61.89376443418014,95.0,Other,452
Men's wear,499.0,800.0,4.8,37.625,99.0,Charm,154
Men's wear,499.0,1200.0,4.1,58.416666666666664,99.0,Charm,241
Men's wear,499.0,1299.0,3.9,61.585835257890686,99.0,Charm,342
Men's wear,217.0,520.0,4.0,58.269230769230774,17.0,Other,301
Men's wear,499.0,599.0,4.8,16.69449081803005,99.0,Charm,428
Men's wear,397.0,594.0,4.0,33.16498316498316,97.0,Other,302
Men's wear,219.0,490.0,4.1,55.306122448979586,19.0,Other,212
Men's wear,498.0,1200.0,4.1,58.5,98.0,Other,416
Men's wear,599.0,1000.0,4.8,40.1,99.0,Charm,269
Men's wear,223.0,410.0,4.2,45.609756097560975,23.0,Other,381
Men's wear,320.0,1400.0,3.9,77.14285714285715,20.0,Other,129
Men's wear,499.0,890.0,4.0,43.932584269662925,99.0,Charm,357
Men's wear,469.0,1000.0,4.8,53.1,69.0,Other,176
Men's wear,499.0,1299.0,3.9,61.585835257890686,99.0,Charm,98
Men's wear,349.0,799.0,3.8,56.32040050062578,49.0,Other,112
Men's wear,550.0,1500.0,3.9,63.33333333333333,50.0,Other,370
Men's wear,469.0,1000.0,4.8,53.1,69.0,Other,427
Men's wear,374.0,750.0,4.4,50.13333333333333,74.0,Other,264
Men's wear,490.0,1399.0,4.1,64.97498213009293,90.0,Other,184
Men's wear,295.0,999.0,3.7,70.47047047047047,95.0,Other,133
Men's wear,469.0,600.0,4.8,21.833333333333332,69.0,Other,192
Men's wear,299.0,499.0,4.1,40.08016032064128,99.0,Charm,118
Men's wear,399.0,999.0,3.9,60.06006006006006,99.0,Charm,332
Men's wear,499.0,850.0,3.9,41.294117647058826,99.0,Charm,402
Men's wear,469.0,1000.0,4.8,53.1,69.0,Other,437
Men's wear,499.0,1299.0,4.3,61.585835257890686,99.0,Charm,435
Men's wear,424.0,999.0,3.9,57.55755755755756,24.0,Other,299
Men's wear,332.0,899.0,3.7,63.07007786429366,32.0,Other,422
Men's wear,599.0,1000.0,4.8,40.1,99.0,Charm,455
Men's wear,396.0,429.0,3.4,7.6923076923076925,96.0,Other,430
Men's wear,449.0,638.0,4.1,29.62382445141066,49.0,Other,356
Men's wear,342.0,489.0,4.1,30.061349693251532,42.0,Other,490
Men's wear,209.0,,4.2,,9.0,Other,130
Men's wear,655.0,717.0,4.2,8.647140864714087,55.0,Other,393
Men's wear,527.0,659.0,3.8,20.030349013657055,27.0,Other,303
Men's wear,449.0,638.0,4.1,29.62382445141066,49.0,Other,192
Men's wear,389.0,649.0,4.1,40.06163328197226,89.0,Other,489
Men's wear,229.0,,4.2,,29.0,Other,162
Men's wear,271.0,339.0,4.2,20.058997050147493,71.0,Other,231
Men's wear,358.0,398.0,4.2,10.050251256281408,58.0,Other,263
Men's wear,515.0,538.0,4.1,4.275092936802974,15.0,Other,324
Men's wear,995.0,1196.0,4.3,16.806020066889634,95.0,Other,85
Men's wear,308.0,309.0,4.3,0.3236245954692557,8.0,Other,50
Men's wear,499.0,600.0,4.2,16.833333333333332,99.0,Charm,462
Men's wear,665.0,698.0,4.3,4.7277936962750715,65.0,Other,484
Men's wear,378.0,420.0,4.2,10.0,78.0,Other,125
Men's wear,342.0,489.0,4.1,30.061349693251532,42.0,Other,335
Men's wear,429.0,750.0,4.1,42.8,29.0,Other,296
Men's wear,219.0,259.0,3.8,15.444015444015443,19.0,Other,431
Men's wear,259.0,,4.2,,59.0,Other,78
Men's wear,452.0,588.0,4.0,23.12925170068027,52.0,Other,376
Men's wear,256.0,285.0,4.2,10.175438596491228,56.0,Other,147
Men's wear,1416.0,1490.0,4.2,4.966442953020135,16.0,Other,424
Men's wear,371.0,530.0,4.2,30.0,71.0,Other,237
Men's wear,555.0,568.0,4.1,2.2887323943661975,55.0,Other,323
Men's wear,444.0,555.0,4.1,20.0,44.0,Other,216
Men's wear,705.0,738.0,4.0,4.471544715447155,5.0,Other,282
Men's wear,515.0,538.0,4.1,4.275092936802974,15.0,Other,337
Men's wear,452.0,588.0,4.0,23.12925170068027,52.0,Other,314
Men's wear,496.0,899.0,3.9,44.827586206896555,96.0,Other,219
Men's wear,363.0,519.0,3.9,30.057803468208093,63.0,Other,253
Men's wear,441.0,599.0,4.1,26.37729549248748,41.0,Other,260
Men's wear,472.0,945.0,4.1,50.05291005291005,72.0,Other,403
Men's wear,271.0,410.0,4.2,33.90243902439025,71.0,Other,365
Men's wear,305.0,339.0,4.2,10.029498525073747,5.0,Other,153
Men's wear,342.0,570.0,4.1,40.0,42.0,Other,62
Men's wear,406.0,478.0,4.4,15.062761506276152,6.0,Other,462
Men's wear,349.0,438.0,3.8,20.319634703196346,49.0,Other,157
Men's wear,555.0,,4.1,,55.0,Other,202
Men's wear,379.0,399.0,3.9,5.012531328320802,79.0,Other,308
Men's wear,450.0,2250.0,3.9,80.0,50.0,Other,88
Men's wear,239.0,1499.0,4.1,84.05603735823883,39.0,Other,363
Men's wear,249.0,1999.0,4.0,87.54377188594297,49.0,Other,225
Men's wear,283.0,1999.0,3.8,85.84292146073037,83.0,Other,316
Men's wear,438.0,582.0,4.1,24.742268041237114,38.0,Other,251
Men's wear,216.0,228.0,4.1,5.263157894736842,16.0,Other,101
Men's wear,230.0,329.0,4.2,30.091185410334347,30.0,Other,264
Men's wear,268.0,537.0,4.3,50.09310986964618,68.0,Other,180
Men's wear,264.0,1439.0,3.9,81.65392633773453,64.0,Other,233
Men's wear,289.0,1439.0,3.9,79.9166087560806,89.0,Other,398
Men's wear,495.0,619.0,4.2,20.032310177705977,95.0,Other,345
Men's wear,384.0,1999.0,3.8,80.7903951975988,84.0,Other,256
Men's wear,400.0,567.0,3.8,29.453262786596117,0.0,Round,400
Men's wear,207.0,345.0,4.1,40.0,7.0,Other,459
Men's wear,321.0,459.0,4.0,30.065359477124183,21.0,Other,254
Men's wear,299.0,337.0,4.0,11.275964391691394,99.0,Charm,231
Men's wear,289.0,1439.0,3.9,79.9166087560806,89.0,Other,94
Men's wear,399.0,998.0,4.2,60.02004008016032,99.0,Charm,132
Men's wear,442.0,579.0,3.3,23.661485319516405,42.0,Other,463
Men's wear,294.0,999.0,3.6,70.57057057057057,94.0,Other,57
Men's wear,249.0,1999.0,4.0,87.54377188594297,49.0,Other,117
Men's wear,224.0,299.0,4.3,25.08361204013378,24.0,Other,333
Men's wear,442.0,579.0,3.2,23.661485319516405,42.0,Other,278
Men's wear,635.0,2129.0,4.0,70.17379051197746,35.0,Other,211
Men's wear,264.0,1439.0,3.9,81.65392633773453,64.0,Other,277
Men's wear,311.0,567.0,4.1,45.14991181657848,11.0,Other,412
Men's wear,396.0,519.0,3.2,23.699421965317917,96.0,Other,223
Men's wear,369.0,1899.0,3.9,80.56872037914692,69.0,Other,84
Men's wear,405.0,450.0,3.9,10.0,5.0,Other,337
Men's wear,369.0,1999.0,4.0,81.5407703851926,69.0,Other,71
Men's wear,424.0,499.0,3.2,15.030060120240481,24.0,Other,68
Men's wear,299.0,,4.3,,99.0,Charm,316
Men's wear,359.0,449.0,4.2,20.044543429844097,59.0,Other,298
Men's wear,197.0,899.0,4.1,78.08676307007786,97.0,Other,61
Men's wear,328.0,429.0,3.2,23.543123543123542,28.0,Other,200
Men's wear,255.0,300.0,4.3,15.0,55.0,Other,123
Men's wear,449.0,499.0,4.2,10.02004008016032,49.0,Other,55
Men's wear,311.0,567.0,4.1,45.14991181657848,11.0,Other,350
Men's wear,462.0,555.0,3.6,16.756756756756758,62.0,Other,248
Men's wear,399.0,649.0,4.3,38.52080123266564,99.0,Charm,365
Men's wear,448.0,889.0,5.0,49.60629921259843,48.0,Other,288
Men's wear,469.0,2499.0,4.1,81.23249299719888,69.0,Other,433
Men's wear,239.0,999.0,3.9,76.07607607607608,39.0,Other,316
Men's wear,469.0,2499.0,3.9,81.23249299719888,69.0,Other,410
Men's wear,599.0,1800.0,4.0,66.72222222222223,99.0,Charm,236
Men's wear,399.0,999.0,3.6,60.06006006006006,99.0,Charm,313
Men's wear,444.0,999.0,3.5,55.55555555555556,44.0,Other,386
Men's wear,284.0,699.0,3.6,59.370529327610875,84.0,Other,140
Men's wear,599.0,1800.0,4.0,66.72222222222223,99.0,Charm,145
Men's wear,279.0,999.0,3.8,72.07207207207207,79.0,Other,309
Men's wear,449.0,999.0,3.7,55.05505505505506,49.0,Other,121
Men's wear,237.0,264.0,4.3,10.227272727272728,37.0,Other,195
Men's wear,499.0,1999.0,3.9,75.03751875937968,99.0,Charm,228
Men's wear,282.0,999.0,3.9,71.77177177177178,82.0,Other,398
Men's wear,419.0,999.0,3.7,58.05805805805806,19.0,Other,491
Men's wear,399.0,1499.0,3.7,73.3822548365577,99.0,Charm,257
Men's wear,479.0,2499.0,4.0,80.83233293317326,79.0,Other,298
Men's wear,499.0,1999.0,3.9,75.03751875937968,99.0,Charm,56
Men's wear,499.0,999.0,3.8,50.050050050050054,99.0,Charm,319
Men's wear,356.0,469.0,4.0,24.093816631130064,56.0,Other,64
Men's wear,355.0,749.0,4.3,52.603471295060075,55.0,Other,83
Men's wear,449.0,490.0,4.2,8.36734693877551,49.0,Other,180
Men's wear,829.0,1275.0,4.3,34.98039215686274,29.0,Other,108
Men's wear,269.0,800.0,4.4,66.375,69.0,Other,221
Men's wear,561.0,590.0,4.1,4.915254237288136,61.0,Other,100
Men's wear,399.0,1499.0,3.6,73.3822548365577,99.0,Charm,205
Men's wear,487.0,749.0,4.3,34.979973297730304,87.0,Other,105
Men's wear,262.0,999.0,3.9,73.77377377377378,62.0,Other,489
Men's wear,698.0,1499.0,3.8,53.435623749166105,98.0,Other,162
Men's wear,399.0,1499.0,3.7,73.3822548365577,99.0,Charm,361
Men's wear,444.0,999.0,3.6,55.55555555555556,44.0,Other,240
Men's wear,479.0,2499.0,4.0,80.83233293317326,79.0,Other,455
Men's wear,479.0,2499.0,4.0,80.83233293317326,79.0,Other,156
Men's wear,391.0,1499.0,4.0,73.91594396264176,91.0,Other,261
Men's wear,412.0,899.0,4.6,54.17130144605117,12.0,Other,147
Men's wear,479.0,1199.0,4.1,60.05004170141785,79.0,Other,78
Men's wear,251.0,999.0,3.9,74.87487487487488,51.0,Other,152
Men's wear,419.0,,4.0,,19.0,Other,251
Men's wear,599.0,749.0,4.3,20.026702269692922,99.0,Charm,440
Men's wear,389.0,1700.0,3.3,77.11764705882352,89.0,Other,137
Men's wear,474.0,999.0,3.8,52.552552552552555,74.0,Other,320
Men's wear,494.0,1199.0,4.0,58.798999165971644,94.0,Other,278
Men's wear,519.0,1299.0,4.1,60.046189376443415,19.0,Other,261
Men's wear,1049.0,1299.0,4.1,19.24557351809084,49.0,Other,239
Men's wear,674.0,1499.0,3.8,55.03669112741828,74.0,Other,339
Men's wear,689.0,849.0,4.0,18.84570082449941,89.0,Other,74
Men's wear,389.0,1700.0,3.8,77.11764705882352,89.0,Other,235
Men's wear,399.0,799.0,4.1,50.06257822277848,99.0,Charm,262
Men's wear,299.0,999.0,3.6,70.07007007007007,99.0,Charm,335
Men's wear,674.0,1499.0,3.8,55.03669112741828,74.0,Other,369
Men's wear,474.0,999.0,3.8,52.552552552552555,74.0,Other,148
Men's wear,299.0,999.0,4.2,70.07007007007007,99.0,Charm,319
Men's wear,299.0,999.0,3.6,70.07007007007007,99.0,Charm,225
Men's wear,689.0,849.0,4.0,18.84570082449941,89.0,Other,156
Men's wear,479.0,1700.0,3.3,71.82352941176471,79.0,Other,375
Men's wear,944.0,949.0,4.2,0.5268703898840885,44.0,Other,372
Men's wear,399.0,799.0,4.0,50.06257822277848,99.0,Charm,125
Men's wear,539.0,1799.0,4.1,70.03891050583657,39.0,Other,94
Men's wear,499.0,1399.0,3.8,64.33166547533953,99.0,Charm,100
Men's wear,349.0,1399.0,3.8,75.05360972122945,49.0,Other,92
Men's wear,779.0,1199.0,4.4,35.029190992493746,79.0,Other,266
Men's wear,1249.0,1598.0,4.0,21.83979974968711,49.0,Other,57
Men's wear,474.0,999.0,3.8,52.552552552552555,74.0,Other,50
Men's wear,999.0,1290.0,4.1,22.55813953488372,99.0,Charm,111
Men's wear,519.0,1299.0,4.0,60.046189376443415,19.0,Other,280
Men's wear,539.0,1799.0,3.8,70.03891050583657,39.0,Other,316
Men's wear,370.0,999.0,3.5,62.96296296296296,70.0,Other,329
Men's wear,779.0,1199.0,4.4,35.029190992493746,79.0,Other,400
Men's wear,539.0,1199.0,3.9,55.04587155963303,39.0,Other,267
Men's wear,449.0,999.0,3.9,55.05505505505506,49.0,Other,392
Men's wear,759.0,1499.0,3.8,49.36624416277519,59.0,Other,345
Men's wear,399.0,799.0,4.1,50.06257822277848,99.0,Charm,498
Men's wear,584.0,1299.0,3.9,55.042340261739795,84.0,Other,59
Men's wear,999.0,1290.0,4.2,22.55813953488372,99.0,Charm,444
Men's wear,1249.0,1598.0,4.0,21.83979974968711,49.0,Other,91
Men's wear,674.0,1499.0,4.0,55.03669112741828,74.0,Other,364
Men's wear,381.0,1599.0,3.9,76.17260787992495,81.0,Other,64
Men's wear,261.0,1199.0,3.7,78.23185988323603,61.0,Other,419
Men's wear,499.0,1399.0,3.6,64.33166547533953,99.0,Charm,203
Men's wear,607.0,809.0,4.3,24.969097651421507,7.0,Other,203
Men's wear,485.0,746.0,4.3,34.98659517426274,85.0,Other,246
Men's wear,749.0,936.0,4.2,19.97863247863248,49.0,Other,416
Men's wear,395.0,489.0,4.2,19.222903885480573,95.0,Other,80
Men's wear,140.0,281.0,4.0,50.177935943060504,40.0,Other,364
Men's wear,765.0,779.0,4.3,1.797175866495507,65.0,Other,100
Men's wear,381.0,499.0,4.3,23.647294589178355,81.0,Other,81
Men's wear,443.0,681.0,4.3,34.948604992657856,43.0,Other,170
Men's wear,665.0,739.0,4.3,10.013531799729364,65.0,Other,107
Men's wear,381.0,473.0,4.1,19.45031712473573,81.0,Other,353
Men's wear,151.0,302.0,4.7,50.0,51.0,Other,162
Men's wear,326.0,501.0,4.3,34.930139720558884,26.0,Other,175
Men's wear,878.0,1034.0,4.2,15.087040618955513,78.0,Other,82
Men's wear,212.0,424.0,4.2,50.0,12.0,Other,253
Men's wear,599.0,749.0,4.2,20.026702269692922,99.0,Charm,402
Men's wear,485.0,746.0,4.3,34.98659517426274,85.0,Other,496
Men's wear,749.0,1262.0,4.2,40.64976228209191,49.0,Other,205
Men's wear,559.0,799.0,4.3,30.037546933667088,59.0,Other,490
Men's wear,485.0,809.0,4.2,40.04944375772559,85.0,Other,492
Men's wear,504.0,775.0,4.3,34.96774193548387,4.0,Other,320
Men's wear,302.0,604.0,4.3,50.0,2.0,Other,367
Men's wear,399.0,999.0,4.0,60.06006006006006,99.0,Charm,199
Men's wear,435.0,483.0,4.1,9.937888198757763,35.0,Other,190
Men's wear,413.0,635.0,4.2,34.960629921259844,13.0,Other,106
Men's wear,402.0,473.0,4.2,15.010570824524313,2.0,Other,224
Men's wear,499.0,561.0,4.2,11.051693404634582,99.0,Charm,80
Men's wear,563.0,799.0,4.3,29.536921151439298,63.0,Other,429
Men's wear,504.0,775.0,4.3,34.96774193548387,4.0,Other,104
Men's wear,749.0,936.0,4.3,19.97863247863248,49.0,Other,438
Men's wear,419.0,493.0,4.2,15.010141987829615,19.0,Other,172
Men's wear,476.0,590.0,4.1,19.322033898305087,76.0,Other,484
Men's wear,326.0,501.0,4.3,34.930139720558884,26.0,Other,384
Men's wear,436.0,513.0,4.2,15.009746588693956,36.0,Other,375
Men's wear,427.0,503.0,4.1,15.109343936381709,27.0,Other,494
Men's wear,404.0,1199.0,4.2,66.30525437864887,4.0,Other,51
Men's wear,600.0,,3.2,,0.0,Round,129
Men's wear,759.0,,4.3,,59.0,Other,264
Men's wear,707.0,832.0,4.3,15.024038461538462,7.0,Other,354
Men's wear,921.0,1099.0,4.3,16.19654231119199,21.0,Other,80
Men's wear,599.0,2499.0,4.1,76.03041216486595,99.0,Charm,142
Men's wear,999.0,2499.0,4.4,60.024009603841534,99.0,Charm,367
Men's wear,999.0,2499.0,4.4,60.024009603841534,99.0,Charm,313
Men's wear,584.0,1299.0,4.3,55.042340261739795,84.0,Other,281
Men's wear,599.0,1500.0,3.9,60.06666666666667,99.0,Charm,389
Men's wear,674.0,1499.0,4.2,55.03669112741828,74.0,Other,267
Men's wear,499.0,1000.0,3.9,50.1,99.0,Charm,336
Men's wear,599.0,1500.0,3.9,60.06666666666667,99.0,Charm,466
Men's wear,999.0,2499.0,4.4,60.024009603841534,99.0,Charm,84
Men's wear,584.0,1299.0,4.4,55.042340261739795,84.0,Other,151
Men's wear,674.0,1499.0,4.3,55.03669112741828,74.0,Other,254
Men's wear,674.0,1499.0,4.7,55.03669112741828,74.0,Other,361
Men's wear,599.0,1499.0,2.8,60.04002668445631,99.0,Charm,390
Men's wear,449.0,1000.0,4.0,55.1,49.0,Other,240
Men's wear,1049.0,2499.0,4.6,58.023209283713484,49.0,Other,259
Men's wear,499.0,1000.0,3.9,50.1,99.0,Charm,135
Men's wear,999.0,2499.0,4.4,60.024009603841534,99.0,Charm,53
Men's wear,1049.0,2499.0,4.2,58.023209283713484,49.0,Other,229
Men's wear,1574.0,3499.0,4.3,55.01571877679336,74.0,Other,228
Men's wear,1049.0,2499.0,4.5,58.023209283713484,49.0,Other,134
Men's wear,999.0,2499.0,4.4,60.024009603841534,99.0,Charm,56
Men's wear,1049.0,2499.0,4.0,58.023209283713484,49.0,Other,320
Men's wear,1049.0,2499.0,4.3,58.023209283713484,49.0,Other,286
Men's wear,499.0,1000.0,3.9,50.1,99.0,Charm,125
Men's wear,999.0,2499.0,4.4,60.024009603841534,99.0,Charm,83
Men's wear,499.0,2599.0,3.7,80.80030781069642,99.0,Charm,460
Men's wear,584.0,1299.0,4.3,55.042340261739795,84.0,Other,381
Men's wear,719.0,1599.0,4.4,55.03439649781113,19.0,Other,223
Men's wear,999.0,2499.0,4.4,60.024009603841534,99.0,Charm,392
Men's wear,584.0,1299.0,4.2,55.042340261739795,84.0,Other,443
Men's wear,584.0,1299.0,4.1,55.042340261739795,84.0,Other,340
Men's wear,799.0,1999.0,4.4,60.030015007503756,99.0,Charm,327
Men's wear,999.0,2499.0,4.4,60.024009603841534,99.0,Charm,407
Men's wear,584.0,1299.0,4.4,55.042340261739795,84.0,Other,424
Men's wear,584.0,1299.0,4.4,55.042340261739795,84.0,Other,156
Men's wear,499.0,2599.0,3.0,80.80030781069642,99.0,Charm,444
Men's wear,,,,,,Other,413
Men's wear,649.0,1199.0,4.0,45.87155963302752,49.0,Other,487
Men's wear,1049.0,2499.0,4.2,58.023209283713484,49.0,Other,487
Men's wear,599.0,1500.0,3.9,60.06666666666667,99.0,Charm,166
Men's wear,999.0,2499.0,4.4,60.024009603841534,99.0,Charm,149
Men's wear,999.0,2999.0,4.0,66.68889629876625,99.0,Charm,217
Men's wear,999.0,2999.0,4.0,66.68889629876625,99.0,Charm,356
Men's wear,380.0,999.0,3.5,61.96196196196196,80.0,Other,386
Men's wear,449.0,1499.0,3.5,70.04669779853235,49.0,Other,397
Men's wear,919.0,3999.0,3.9,77.01925481370343,19.0,Other,418
Men's wear,535.0,2229.0,3.8,75.99820547330641,35.0,Other,318
Men's wear,804.0,3499.0,3.7,77.02200628751072,4.0,Other,69
Men's wear,999.0,2999.0,4.0,66.68889629876625,99.0,Charm,270
Men's wear,1099.0,2999.0,4.0,63.354451483827944,99.0,Charm,284
Men's wear,550.0,999.0,3.8,44.94494494494494,50.0,Other,250
Men's wear,899.0,1999.0,4.1,55.02751375687844,99.0,Charm,106
Men's wear,999.0,2999.0,4.0,66.68889629876625,99.0,Charm,339
Men's wear,987.0,2599.0,3.6,62.02385532897268,87.0,Other,184
Men's wear,659.0,1999.0,3.6,67.03351675837919,59.0,Other,172
Men's wear,494.0,1599.0,3.6,69.10569105691057,94.0,Other,120
Men's wear,999.0,2999.0,4.0,66.68889629876625,99.0,Charm,289
Men's wear,427.0,999.0,3.5,57.25725725725725,27.0,Other,398
Men's wear,899.0,2999.0,3.9,70.02334111370457,99.0,Charm,120
Men's wear,425.0,1499.0,3.5,71.64776517678453,25.0,Other,111
Men's wear,999.0,2999.0,4.0,66.68889629876625,99.0,Charm,104
Men's wear,977.0,1149.0,4.2,14.969538729329852,77.0,Other,180
Men's wear,1679.0,,4.4,,79.0,Other,224
Men's wear,494.0,1599.0,3.6,69.10569105691057,94.0,Other,386
Men's wear,899.0,2999.0,4.0,70.02334111370457,99.0,Charm,406
Men's wear,899.0,1999.0,4.0,55.02751375687844,99.0,Charm,293
Men's wear,535.0,2229.0,3.8,75.99820547330641,35.0,Other,175
Men's wear,499.0,1049.0,4.1,52.430886558627265,99.0,Charm,309
Men's wear,949.0,1699.0,3.5,44.14361389052384,49.0,Other,335
Men's wear,494.0,1899.0,3.5,73.98630858346498,94.0,Other,477
Men's wear,659.0,2199.0,4.2,70.0318326512051,59.0,Other,289
Men's wear,494.0,1599.0,3.7,69.10569105691057,94.0,Other,304
Men's wear,899.0,2999.0,4.0,70.02334111370457,99.0,Charm,309
Men's wear,999.0,2499.0,3.7,60.024009603841534,99.0,Charm,246
Men's wear,494.0,1899.0,3.6,73.98630858346498,94.0,Other,109
Men's wear,809.0,2699.0,3.8,70.0259355316784,9.0,Other,427
Men's wear,1679.0,,4.4,,79.0,Other,404
Men's wear,499.0,1999.0,3.3,75.03751875937968,99.0,Charm,369
Men's wear,809.0,2699.0,4.0,70.0259355316784,9.0,Other,284
Men's wear,334.0,999.0,3.6,66.56656656656656,34.0,Other,77
Men's wear,1569.0,,4.3,,69.0,Other,299
Men's wear,765.0,850.0,4.3,10.0,65.0,Other,159
Men's wear,765.0,850.0,4.3,10.0,65.0,Other,184
Men's wear,1599.0,2650.0,4.2,39.660377358490564,99.0,Charm,192
Men's wear,729.0,850.0,4.4,14.23529411764706,29.0,Other,430
Men's wear,1459.0,2195.0,4.3,33.53075170842825,59.0,Other,133
Men's wear,1499.0,2095.0,4.3,28.44868735083532,99.0,Charm,373
Men's wear,1229.0,1695.0,4.4,27.492625368731566,29.0,Other,286
Men's wear,1289.0,1695.0,4.3,23.952802359882007,89.0,Other,295
Men's wear,1229.0,2095.0,4.3,41.33651551312649,29.0,Other,461
Men's wear,1679.0,2050.0,4.5,18.097560975609756,79.0,Other,435
Men's wear,1849.0,3250.0,4.3,43.10769230769231,49.0,Other,422
Men's wear,715.0,795.0,4.3,10.062893081761008,15.0,Other,229
Men's wear,989.0,1795.0,4.4,44.902506963788305,89.0,Other,338
Men's wear,1509.0,2195.0,4.3,31.25284738041002,9.0,Other,405
Men's wear,765.0,850.0,4.3,10.0,65.0,Other,192
Men's wear,1599.0,2195.0,4.3,27.152619589977224,99.0,Charm,219
Men's wear,1395.0,1550.0,4.4,10.0,95.0,Other,52
Men's wear,715.0,795.0,4.3,10.062893081761008,15.0,Other,481
Men's wear,1615.0,1795.0,4.4,10.027855153203342,15.0,Other,495
Men's wear,795.0,,4.3,,95.0,Other,107
Men's wear,715.0,795.0,4.3,10.062893081761008,15.0,Other,317
Men's wear,1259.0,2250.0,4.1,44.044444444444444,59.0,Other,240
Men's wear,1485.0,1650.0,4.2,10.0,85.0,Other,259
Men's wear,1009.0,1695.0,4.3,40.471976401179944,9.0,Other,254
Men's wear,855.0,950.0,4.3,10.0,55.0,Other,151
Men's wear,1599.0,2195.0,4.3,27.152619589977224,99.0,Charm,51
Men's wear,1219.0,1895.0,4.3,35.672823218997365,19.0,Other,448
Men's wear,909.0,1795.0,4.4,49.35933147632312,9.0,Other,222
Men's wear,1249.0,1895.0,4.3,34.08970976253298,49.0,Other,332
Men's wear,1975.0,2195.0,4.2,10.022779043280181,75.0,Other,339
Men's wear,715.0,795.0,4.3,10.062893081761008,15.0,Other,471
Men's wear,1339.0,2195.0,4.3,38.99772209567198,39.0,Other,51
Men's wear,1319.0,2150.0,4.4,38.651162790697676,19.0,Other,132
Men's wear,1615.0,1795.0,4.3,10.027855153203342,15.0,Other,355
Men's wear,1035.0,1195.0,4.2,13.389121338912133,35.0,Other,485
Men's wear,1795.0,,4.4,,95.0,Other,69
Men's wear,2065.0,2195.0,4.4,5.922551252847381,65.0,Other,84
Men's wear,1885.0,2095.0,4.3,10.023866348448687,85.0,Other,381
Men's wear,850.0,,4.3,,50.0,Other,298
Men's wear,709.0,950.0,4.2,25.36842105263158,9.0,Other,132
Men's wear,1695.0,,4.3,,95.0,Other,247
Men's wear,4459.0,5995.0,4.5,25.62135112593828,59.0,Other,465
Men's wear,1159.0,2195.0,4.4,47.19817767653758,59.0,Other,366
Men's wear,1209.0,2195.0,4.4,44.920273348519366,9.0,Other,436
Men's wear,2219.0,2995.0,4.4,25.909849749582637,19.0,Other,98
Men's wear,3939.0,5295.0,4.3,25.609065155807365,39.0,Other,260
Men's wear,2229.0,3395.0,4.4,34.34462444771723,29.0,Other,290
Men's wear,3055.0,3995.0,4.3,23.52941176470588,55.0,Other,173
Men's wear,1329.0,1795.0,4.2,25.96100278551532,29.0,Other,376
Men's wear,1249.0,2195.0,4.4,43.097949886104786,49.0,Other,200
Men's wear,2239.0,2995.0,4.4,25.242070116861438,39.0,Other,474
Men's wear,3339.0,4495.0,4.0,25.7174638487208,39.0,Other,444
Men's wear,1695.0,,4.3,,95.0,Other,232
Men's wear,5095.0,5995.0,4.4,15.012510425354462,95.0,Other,177
Men's wear,1259.0,2195.0,4.6,42.642369020501135,59.0,Other,354
Men's wear,2979.0,3995.0,4.3,25.431789737171464,79.0,Other,180
Men's wear,3225.0,3795.0,4.1,15.019762845849801,25.0,Other,99
Men's wear,1109.0,2395.0,4.1,53.695198329853866,9.0,Other,219
Men's wear,6319.0,8495.0,4.5,25.61506768687463,19.0,Other,166
Men's wear,1019.0,2195.0,4.3,53.57630979498861,19.0,Other,461
Men's wear,1100.0,1295.0,4.3,15.057915057915059,0.0,Round,83
Men's wear,1089.0,2195.0,4.1,50.3872437357631,89.0,Other,126
Men's wear,1709.0,3795.0,4.4,54.96706192358366,9.0,Other,187
Men's wear,1999.0,2695.0,4.3,25.82560296846011,99.0,Charm,61
Men's wear,1259.0,2795.0,3.9,54.955277280858674,59.0,Other,322
Men's wear,11385.0,13995.0,4.1,18.64951768488746,85.0,Other,260
Men's wear,1099.0,1995.0,4.3,44.91228070175438,99.0,Charm,466
Men's wear,3189.0,4295.0,4.2,25.750873108265427,89.0,Other,249
Men's wear,4495.0,,4.6,,95.0,Other,267
Men's wear,1259.0,2195.0,4.6,42.642369020501135,59.0,Other,268
Men's wear,11939.0,15995.0,4.4,25.357924351359802,39.0,Other,117
Men's wear,3119.0,4195.0,4.3,25.649582836710373,19.0,Other,219
Men's wear,1219.0,2395.0,4.2,49.102296450939455,19.0,Other,368
Men's wear,12995.0,,4.8,,95.0,Other,318
Men's wear,2885.0,3395.0,4.4,15.022091310751104,85.0,Other,401
Men's wear,5799.0,7795.0,4.4,25.606157793457346,99.0,Charm,442
Men's wear,1109.0,2395.0,4.1,53.695198329853866,9.0,Other,154
Men's wear,8179.0,10995.0,4.2,25.611641655297863,79.0,Other,273
Men's wear,5069.0,6795.0,4.4,25.40103016924209,69.0,Other,63
Men's wear,2595.0,,4.4,,95.0,Other,402
Men's wear,1269.0,2095.0,4.4,39.427207637231504,69.0,Other,276
Men's wear,1995.0,,4.4,,95.0,Other,185
Men's wear,1559.0,2920.0,4.3,46.60958904109589,59.0,Other,234
Men's wear,1489.0,2295.0,4.4,35.119825708061,89.0,Other,107
Men's wear,1989.0,3395.0,4.4,41.413843888070694,89.0,Other,61
Men's wear,1249.0,2120.0,4.4,41.08490566037736,49.0,Other,412
Men's wear,1499.0,2595.0,4.4,42.23506743737958,99.0,Charm,385
Men's wear,2245.0,2995.0,4.3,25.041736227045075,45.0,Other,190
Men's wear,2021.0,2995.0,4.4,32.52086811352254,21.0,Other,131
Men's wear,1449.0,2320.0,4.3,37.54310344827586,49.0,Other,319
Men's wear,2021.0,2995.0,4.3,32.52086811352254,21.0,Other,162
Men's wear,1279.0,2120.0,4.4,39.66981132075472,79.0,Other,278
Men's wear,2983.0,3315.0,4.3,10.015082956259427,83.0,Other,142
Men's wear,1795.0,1995.0,4.2,10.025062656641603,95.0,Other,88
Men's wear,4823.0,7145.0,4.5,32.49825052484255,23.0,Other,124
Men's wear,2831.0,4195.0,4.5,32.51489868891538,31.0,Other,259
Men's wear,1709.0,3220.0,4.0,46.92546583850932,9.0,Other,94
Men's wear,1399.0,2120.0,4.3,34.009433962264154,99.0,Charm,195
Men's wear,1569.0,2095.0,4.4,25.10739856801909,69.0,Other,237
Men's wear,1795.0,1995.0,4.3,10.025062656641603,95.0,Other,258
Men's wear,1939.0,2595.0,4.4,25.279383429672446,39.0,Other,426
Men's wear,4945.0,6195.0,4.4,20.177562550443906,45.0,Other,155
Men's wear,1279.0,1995.0,4.3,35.88972431077694,79.0,Other,460
Men's wear,,,,,,Other,427
Men's wear,1849.0,2595.0,4.3,28.747591522157993,49.0,Other,478
Men's wear,1969.0,2845.0,4.4,30.7908611599297,69.0,Other,478
Men's wear,2271.0,3365.0,4.2,32.5111441307578,71.0,Other,460
Men's wear,1278.0,1895.0,4.3,32.559366754617415,78.0,Other,91
Men's wear,5259.0,8395.0,4.4,37.35556879094699,59.0,Other,489
Men's wear,1989.0,3045.0,4.4,34.679802955665025,89.0,Other,212
Men's wear,1959.0,3045.0,4.4,35.66502463054187,59.0,Other,478
Men's wear,2049.0,2720.0,4.4,24.669117647058826,49.0,Other,166
Men's wear,1683.0,1870.0,4.3,10.0,83.0,Other,245
Men's wear,1489.0,2120.0,4.3,29.764150943396228,89.0,Other,408
Men's wear,2353.0,2615.0,4.2,10.019120458891013,53.0,Other,134
Men's wear,1570.0,1745.0,4.3,10.028653295128938,70.0,Other,158
Men's wear,2419.0,3220.0,4.3,24.87577639751553,19.0,Other,358
Men's wear,1079.0,2020.0,4.3,46.584158415841586,79.0,Other,276
Men's wear,1795.0,1995.0,4.3,10.025062656641603,95.0,Other,113
Men's wear,3145.0,3495.0,4.4,10.014306151645208,45.0,Other,237
Men's wear,5497.0,10995.0,4.5,50.00454752160073,97.0,Other,355
Men's wear,3997.0,7995.0,4.5,50.00625390869293,97.0,Other,484
Men's wear,4497.0,8995.0,4.3,50.00555864369094,97.0,Other,167
Men's wear,5997.0,11995.0,4.3,50.00416840350146,97.0,Other,439
Men's wear,5997.0,9995.0,4.5,40.0,97.0,Other,315
Men's wear,6247.0,12495.0,4.4,50.00400160064026,47.0,Other,342
Men's wear,6247.0,12495.0,4.4,50.00400160064026,47.0,Other,217
Men's wear,4997.0,9995.0,4.3,50.00500250125063,97.0,Other,382
Men's wear,4497.0,8995.0,4.5,50.00555864369094,97.0,Other,357
Men's wear,4497.0,8995.0,4.4,50.00555864369094,97.0,Other,299
Men's wear,4747.0,9495.0,4.2,50.00526592943655,47.0,Other,499
Men's wear,5697.0,9495.0,4.4,40.0,97.0,Other,174
Men's wear,4997.0,9995.0,4.5,50.00500250125063,97.0,Other,260
Men's wear,6747.0,13495.0,4.2,50.00370507595405,47.0,Other,491
Men's wear,4747.0,9495.0,4.3,50.00526592943655,47.0,Other,259
Men's wear,4747.0,9495.0,4.4,50.00526592943655,47.0,Other,66
Men's wear,9447.0,13495.0,4.3,29.99629492404594,47.0,Other,174
Men's wear,4497.0,8995.0,4.5,50.00555864369094,97.0,Other,65
Men's wear,13495.0,,4.2,,95.0,Other,190
Men's wear,6597.0,10995.0,4.3,40.0,97.0,Other,240
Men's wear,5497.0,10995.0,4.4,50.00454752160073,97.0,Other,446
Men's wear,5997.0,11995.0,4.3,50.00416840350146,97.0,Other,246
Men's wear,3997.0,7995.0,4.5,50.00625390869293,97.0,Other,136
Men's wear,8097.0,13495.0,4.8,40.0,97.0,Other,175
Men's wear,10497.0,14995.0,3.9,29.99666555518506,97.0,Other,475
Men's wear,9495.0,,4.3,,95.0,Other,406
Men's wear,8796.0,10995.0,4.4,20.0,96.0,Other,90
Men's wear,4997.0,9995.0,4.3,50.00500250125063,97.0,Other,137
Men's wear,7849.0,14995.0,3.8,47.655885295098365,49.0,Other,118
Men's wear,16495.0,17995.0,4.1,8.335648791330925,95.0,Other,342
Men's wear,5697.0,9495.0,4.4,40.0,97.0,Other,418
Men's wear,8747.0,12495.0,4.0,29.995998399359742,47.0,Other,281
Men's wear,9447.0,13495.0,4.3,29.99629492404594,47.0,Other,139
Men's wear,5397.0,8995.0,4.4,40.0,97.0,Other,111
Men's wear,12495.0,,4.1,,95.0,Other,88
Men's wear,13495.0,,4.3,,95.0,Other,204
Men's wear,13495.0,,4.1,,95.0,Other,180
Men's wear,10995.0,13495.0,4.2,18.52537977028529,95.0,Other,232
Men's wear,4747.0,9495.0,4.3,50.00526592943655,47.0,Other,116
Men's wear,4997.0,9995.0,4.5,50.00500250125063,97.0,Other,432
Men's wear,559.0,699.0,4.4,20.028612303290416,59.0,Other,108
Men's wear,584.0,649.0,4.2,10.015408320493066,84.0,Other,227
Men's wear,599.0,875.0,4.2,31.542857142857144,99.0,Charm,419
Men's wear,899.0,999.0,4.1,10.01001001001001,99.0,Charm,280
Men's wear,649.0,699.0,4.4,7.1530758226037205,49.0,Other,105
Men's wear,449.0,499.0,4.2,10.02004008016032,49.0,Other,271
Men's wear,562.0,625.0,4.0,10.08,62.0,Other,168
Men's wear,649.0,,4.4,,49.0,Other,433
Men's wear,539.0,874.0,4.4,38.329519450800916,39.0,Other,179
Men's wear,539.0,874.0,4.4,38.329519450800916,39.0,Other,213
Men's wear,809.0,899.0,4.2,10.011123470522804,9.0,Other,157
Men's wear,472.0,625.0,4.1,24.48,72.0,Other,55
Men's wear,625.0,,4.1,,25.0,Other,248
Men's wear,607.0,675.0,4.2,10.074074074074074,7.0,Other,195
Men's wear,599.0,875.0,4.1,31.542857142857144,99.0,Charm,484
Men's wear,539.0,599.0,4.2,10.01669449081803,39.0,Other,151
Men's wear,719.0,799.0,4.2,10.012515644555695,19.0,Other,491
Men's wear,944.0,1399.0,4.4,32.523230879199424,44.0,Other,261
Men's wear,877.0,975.0,4.2,10.051282051282051,77.0,Other,368
Men's wear,944.0,1049.0,4.3,10.009532888465204,44.0,Other,465
Men's wear,649.0,699.0,4.4,7.1530758226037205,49.0,Other,221
Men's wear,625.0,,4.1,,25.0,Other,428
Men's wear,589.0,874.0,4.3,32.608695652173914,89.0,Other,211
Men's wear,1484.0,1649.0,4.2,10.006064281382656,84.0,Other,346
Men's wear,1124.0,1399.0,4.3,19.656897784131523,24.0,Other,362
Men's wear,1149.0,,4.4,,49.0,Other,129
Men's wear,899.0,999.0,4.4,10.01001001001001,99.0,Charm,494
Men's wear,579.0,875.0,4.2,33.82857142857143,79.0,Other,124
Men's wear,1225.0,1325.0,4.3,7.547169811320755,25.0,Other,273
Men's wear,629.0,649.0,4.1,3.0816640986132513,29.0,Other,279
Men's wear,825.0,,4.3,,25.0,Other,265
Men's wear,659.0,875.0,4.1,24.685714285714287,59.0,Other,319
Men's wear,719.0,799.0,4.0,10.012515644555695,19.0,Other,82
Men's wear,989.0,1099.0,4.3,10.009099181073704,89.0,Other,243
Men's wear,449.0,475.0,4.2,5.473684210526316,49.0,Other,266
Men's wear,999.0,1049.0,4.3,4.7664442326024785,99.0,Charm,110
Men's wear,562.0,625.0,4.0,10.08,62.0,Other,382
Men's wear,539.0,599.0,4.2,10.01669449081803,39.0,Other,409
Men's wear,1147.0,1275.0,4.3,10.03921568627451,47.0,Other,74
Men's wear,1529.0,1699.0,4.2,10.005885815185403,29.0,Other,486
Men's wear,1649.0,3359.0,4.1,50.90800833581422,49.0,Other,434
Men's wear,1649.0,3359.0,4.1,50.90800833581422,49.0,Other,127
Men's wear,491.0,2499.0,3.9,80.35214085634253,91.0,Other,101
Men's wear,659.0,2100.0,4.2,68.61904761904762,59.0,Other,481
Men's wear,979.0,2300.0,4.2,57.434782608695656,79.0,Other,77
Men's wear,786.0,4499.0,4.2,82.52945098910868,86.0,Other,429
Men's wear,739.0,1800.0,4.1,58.94444444444444,39.0,Other,234
Men's wear,1649.0,3359.0,4.1,50.90800833581422,49.0,Other,484
Men's wear,786.0,4499.0,4.3,82.52945098910868,86.0,Other,467
Men's wear,857.0,4999.0,4.4,82.85657131426285,57.0,Other,364
Men's wear,679.0,1999.0,4.0,66.03301650825412,79.0,Other,83
Men's wear,627.0,2999.0,4.8,79.09303101033677,27.0,Other,257
Men's wear,299.0,499.0,4.1,40.08016032064128,99.0,Charm,455
Men's wear,749.0,1675.0,4.2,55.28358208955224,49.0,Other,201
Men's wear,299.0,899.0,3.6,66.74082313681868,99.0,Charm,367
Men's wear,,,,,,Other,174
Men's wear,859.0,2198.0,4.4,60.919017288444046,59.0,Other,283
Men's wear,899.0,1299.0,4.3,30.792917628945343,99.0,Charm,378
Men's wear,786.0,4499.0,4.2,82.52945098910868,86.0,Other,232
Men's wear,329.0,799.0,3.7,58.82352941176471,29.0,Other,332
Men's wear,249.0,499.0,4.1,50.1002004008016,49.0,Other,139
Men's wear,629.0,1299.0,4.2,51.578137028483454,29.0,Other,403
Men's wear,299.0,899.0,3.6,66.74082313681868,99.0,Charm,58
Men's wear,329.0,799.0,3.8,58.82352941176471,29.0,Other,423
Men's wear,1079.0,2600.0,4.1,58.5,79.0,Other,223
Men's wear,779.0,3999.0,4.0,80.52013003250813,79.0,Other,94
Men's wear,299.0,1399.0,3.9,78.62759113652609,99.0,Charm,115
Men's wear,359.0,899.0,4.3,60.06674082313682,59.0,Other,181
Men's wear,824.0,4999.0,4.3,83.51670334066813,24.0,Other,64
Men's wear,2049.0,6100.0,4.5,66.40983606557377,49.0,Other,236
Men's wear,786.0,4499.0,4.2,82.52945098910868,86.0,Other,90
Men's wear,1100.0,1500.0,4.4,26.666666666666668,0.0,Round,108
Men's wear,349.0,499.0,4.1,30.060120240480963,49.0,Other,291
Men's wear,997.0,5449.0,4.2,81.7030647825289,97.0,Other,107
Men's wear,491.0,2499.0,3.9,80.35214085634253,91.0,Other,471
Men's wear,629.0,2999.0,4.8,79.02634211403802,29.0,Other,340
Men's wear,299.0,899.0,3.6,66.74082313681868,99.0,Charm,453
Men's wear,799.0,1199.0,4.0,33.361134278565466,99.0,Charm,190
Men's wear,491.0,2499.0,3.9,80.35214085634253,91.0,Other,78
Men's wear,1349.0,1915.0,3.7,29.556135770234988,49.0,Other,306
Men's wear,189.0,999.0,4.2,81.08108108108108,89.0,Other,250
Men's wear,359.0,1499.0,3.9,76.05070046697799,59.0,Other,194
Men's wear,299.0,1499.0,4.1,80.0533689126084,99.0,Charm,180
Men's wear,249.0,999.0,4.2,75.07507507507508,49.0,Other,175
Men's wear,299.0,1999.0,4.1,85.04252126063031,99.0,Charm,149
Men's wear,249.0,999.0,4.2,75.07507507507508,49.0,Other,268
Men's wear,479.0,2000.0,4.4,76.05,79.0,Other,58
Men's wear,651.0,1599.0,4.3,59.28705440900563,51.0,Other,398
Men's wear,479.0,2000.0,4.4,76.05,79.0,Other,258
Men's wear,479.0,2000.0,4.3,76.05,79.0,Other,222
Men's wear,249.0,999.0,4.2,75.07507507507508,49.0,Other,151
Men's wear,479.0,2000.0,4.9,76.05,79.0,Other,126
Men's wear,249.0,999.0,4.3,75.07507507507508,49.0,Other,246
Men's wear,479.0,2000.0,4.3,76.05,79.0,Other,338
Men's wear,249.0,999.0,4.2,75.07507507507508,49.0,Other,122
Men's wear,359.0,1499.0,4.0,76.05070046697799,59.0,Other,121
Men's wear,234.0,1099.0,4.1,78.70791628753412,34.0,Other,99
Men's wear,249.0,999.0,4.3,75.07507507507508,49.0,Other,283
Men's wear,499.0,2000.0,4.3,75.05,99.0,Charm,378
Men's wear,651.0,1599.0,4.3,59.28705440900563,51.0,Other,406
Men's wear,249.0,999.0,4.6,75.07507507507508,49.0,Other,324
Men's wear,249.0,999.0,4.6,75.07507507507508,49.0,Other,254
Men's wear,199.0,999.0,4.2,80.08008008008008,99.0,Charm,157
Men's wear,385.0,999.0,4.3,61.46146146146146,85.0,Other,402
Men's wear,249.0,999.0,4.3,75.07507507507508,49.0,Other,455
Men's wear,479.0,2000.0,4.2,76.05,79.0,Other,445
Men's wear,249.0,999.0,4.3,75.07507507507508,49.0,Other,121
Men's wear,479.0,2000.0,4.5,76.05,79.0,Other,257
Men's wear,249.0,999.0,4.3,75.07507507507508,49.0,Other,434
Men's wear,249.0,999.0,4.2,75.07507507507508,49.0,Other,266
Men's wear,249.0,999.0,4.3,75.07507507507508,49.0,Other,407
Men's wear,651.0,1599.0,4.1,59.28705440900563,51.0,Other,206
Men's wear,249.0,999.0,4.3,75.07507507507508,49.0,Other,260
Men's wear,280.0,1199.0,4.1,76.64720600500416,80.0,Other,417
Men's wear,233.0,1199.0,4.2,80.56713928273561,33.0,Other,308
Men's wear,479.0,2499.0,4.1,80.83233293317326,79.0,Other,144
Men's wear,249.0,999.0,4.2,75.07507507507508,49.0,Other,371
Men's wear,189.0,999.0,4.1,81.08108108108108,89.0,Other,479
Men's wear,172.0,299.0,3.7,42.474916387959865,72.0,Other,203
Men's wear,440.0,999.0,4.0,55.95595595595596,40.0,Other,186
Men's wear,379.0,1599.0,4.0,76.29768605378362,79.0,Other,471
Men's wear,359.0,1699.0,3.9,78.86992348440259,59.0,Other,451
Men's wear,259.0,1499.0,4.1,82.72181454302869,59.0,Other,352
Men's wear,299.0,1999.0,4.1,85.04252126063031,99.0,Charm,78
Men's wear,297.0,1499.0,4.0,80.18679119412941,97.0,Other,250
Men's wear,259.0,1499.0,4.0,82.72181454302869,59.0,Other,374
Men's wear,259.0,1499.0,4.1,82.72181454302869,59.0,Other,71
Men's wear,2399.0,,4.0,,99.0,Charm,428
Men's wear,299.0,1999.0,4.2,85.04252126063031,99.0,Charm,155
Men's wear,298.0,1499.0,4.0,80.12008005336891,98.0,Other,112
Men's wear,499.0,2000.0,4.1,75.05,99.0,Charm,118
Men's wear,1599.0,,4.0,,99.0,Charm,406
Men's wear,259.0,1499.0,4.1,82.72181454302869,59.0,Other,382
Men's wear,129.0,499.0,3.9,74.14829659318637,29.0,Other,207
Men's wear,259.0,1599.0,3.9,83.80237648530331,59.0,Other,261
Men's wear,1999.0,,4.0,,99.0,Charm,414
Men's wear,245.0,1499.0,4.0,83.65577051367579,45.0,Other,247
Men's wear,259.0,1499.0,4.1,82.72181454302869,59.0,Other,390
Men's wear,259.0,1499.0,3.9,82.72181454302869,59.0,Other,433
Men's wear,438.0,1599.0,3.8,72.6078799249531,38.0,Other,309
Men's wear,259.0,1599.0,3.9,83.80237648530331,59.0,Other,488
Men's wear,262.0,999.0,4.0,73.77377377377378,62.0,Other,338
Men's wear,259.0,1499.0,4.1,82.72181454302869,59.0,Other,474
Men's wear,2099.0,,3.9,,99.0,Charm,222
Men's wear,499.0,2000.0,4.1,75.05,99.0,Charm,343
Men's wear,259.0,1499.0,3.9,82.72181454302869,59.0,Other,176
Men's wear,,,,,,Other,154
Men's wear,2099.0,,3.9,,99.0,Charm,207
Men's wear,337.0,999.0,4.0,66.26626626626627,37.0,Other,363
Men's wear,299.0,1999.0,4.1,85.04252126063031,99.0,Charm,452
Men's wear,259.0,1499.0,4.1,82.72181454302869,59.0,Other,474
Men's wear,376.0,2299.0,4.0,83.64506307090039,76.0,Other,165
Men's wear,349.0,1299.0,4.0,73.13317936874519,49.0,Other,272
Men's wear,233.0,1799.0,4.0,87.04836020011118,33.0,Other,176
Men's wear,300.0,999.0,3.8,69.96996996996997,0.0,Round,62
Men's wear,394.0,1299.0,4.1,69.66897613548883,94.0,Other,69
Men's wear,379.0,1499.0,3.8,74.71647765176785,79.0,Other,345
Men's wear,299.0,1999.0,4.1,85.04252126063031,99.0,Charm,337
Men's wear,219.0,1299.0,4.0,83.14087759815243,19.0,Other,319
Men's wear,679.0,1599.0,,57.535959974984365,79.0,Other,212
Men's wear,1099.0,1999.0,4.2,45.02251125562781,99.0,Charm,52
Men's wear,175.0,999.0,4.3,82.48248248248248,75.0,Other,465
Men's wear,149.0,599.0,4.1,75.12520868113522,49.0,Other,262
Men's wear,469.0,799.0,4.1,41.301627033792236,69.0,Other,471
Men's wear,669.0,999.0,4.2,33.033033033033036,69.0,Other,77
Men's wear,149.0,1299.0,3.8,88.52963818321786,49.0,Other,485
Men's wear,174.0,999.0,4.0,82.58258258258259,74.0,Other,312
Men's wear,299.0,1999.0,3.9,85.04252126063031,99.0,Charm,349
Men's wear,129.0,999.0,4.2,87.08708708708708,29.0,Other,109
Men's wear,229.0,2495.0,4.0,90.82164328657315,29.0,Other,199
Men's wear,129.0,999.0,4.1,87.08708708708708,29.0,Other,239
Men's wear,849.0,1999.0,4.1,57.5287643821911,49.0,Other,361
Men's wear,185.0,1699.0,4.0,89.11124190700413,85.0,Other,213
Men's wear,179.0,999.0,3.8,82.08208208208208,79.0,Other,482
Men's wear,149.0,998.0,3.7,85.07014028056112,49.0,Other,134
Men's wear,1499.0,2700.0,4.6,44.48148148148148,99.0,Charm,188
Men's wear,259.0,2599.0,4.2,90.03462870334744,59.0,Other,427
Men's wear,489.0,799.0,4.1,38.79849812265332,89.0,Other,220
Men's wear,549.0,899.0,4.2,38.9321468298109,49.0,Other,292
Men's wear,1244.0,2700.0,4.0,53.925925925925924,44.0,Other,140
Men's wear,299.0,1599.0,4.3,81.30081300813008,99.0,Charm,297
Men's wear,244.0,1599.0,3.8,84.74046278924328,44.0,Other,379
Men's wear,196.0,999.0,4.2,80.38038038038037,96.0,Other,449
Men's wear,1244.0,2700.0,4.0,53.925925925925924,44.0,Other,172
Men's wear,549.0,899.0,4.1,38.9321468298109,49.0,Other,64
Men's wear,599.0,899.0,4.2,33.37041156840934,99.0,Charm,84
Men's wear,489.0,799.0,4.1,38.79849812265332,89.0,Other,410
Men's wear,499.0,2555.0,4.0,80.46966731898239,99.0,Charm,292
Men's wear,649.0,2555.0,3.9,74.59882583170254,49.0,Other,207
Men's wear,549.0,899.0,4.1,38.9321468298109,49.0,Other,465
Men's wear,283.0,1299.0,4.0,78.21401077752117,83.0,Other,111
Men's wear,208.0,999.0,3.8,79.17917917917919,8.0,Other,161
Men's wear,619.0,999.0,4.2,38.03803803803804,19.0,Other,311
Men's wear,185.0,999.0,4.2,81.48148148148148,85.0,Other,497
Men's wear,245.0,1599.0,3.8,84.67792370231395,45.0,Other,228
Men's wear,949.0,1999.0,3.8,52.526263131565784,49.0,Other,79
Men's wear,549.0,899.0,4.2,38.9321468298109,49.0,Other,173
Men's wear,149.0,1299.0,3.5,88.52963818321786,49.0,Other,103
Men's wear,299.0,1999.0,3.8,85.04252126063031,99.0,Charm,337
Men's wear,218.0,1199.0,3.8,81.81818181818183,18.0,Other,275
Men's wear,5000.0,7300.0,4.2,31.506849315068493,0.0,Round,279
Men's wear,11500.0,17300.0,4.0,33.52601156069364,0.0,Round,203
Men's wear,2199.0,9890.0,4.3,77.76541961577351,99.0,Charm,226
Men's wear,2449.0,8250.0,4.4,70.31515151515151,49.0,Other,421
Men's wear,2299.0,9890.0,4.3,76.75429726996967,99.0,Charm,162
Men's wear,2699.0,12670.0,4.3,78.69771112865035,99.0,Charm,494
Men's wear,2399.0,7350.0,4.4,67.36054421768708,99.0,Charm,346
Men's wear,1066.0,3700.0,4.2,71.18918918918918,66.0,Other,237
Men's wear,1799.0,7775.0,4.3,76.86173633440514,99.0,Charm,445
Men's wear,4749.0,26999.0,4.2,82.41045964665358,49.0,Other,232
Men's wear,1799.0,7775.0,4.3,76.86173633440514,99.0,Charm,330
Men's wear,4000.0,6300.0,4.2,36.507936507936506,0.0,Round,496
Men's wear,1599.0,5150.0,4.3,68.95145631067962,99.0,Charm,85
Men's wear,2199.0,9775.0,4.3,77.50383631713555,99.0,Charm,462
Men's wear,4649.0,14999.0,4.3,69.00460030668711,49.0,Other,441
Men's wear,7000.0,9300.0,4.0,24.731182795698924,0.0,Round,165
Men's wear,2699.0,12485.0,4.3,78.3820584701642,99.0,Charm,210
Men's wear,2199.0,7000.0,4.3,68.58571428571429,99.0,Charm,97
Men's wear,2199.0,7000.0,4.3,68.58571428571429,99.0,Charm,323
Men's wear,1777.0,6500.0,4.2,72.66153846153847,77.0,Other,271
Men's wear,6399.0,31055.0,4.4,79.39462244405088,99.0,Charm,473
Men's wear,2299.0,9775.0,4.3,76.48081841432224,99.0,Charm,128
Men's wear,2699.0,11050.0,4.3,75.57466063348416,99.0,Charm,365
Men's wear,977.0,3299.0,4.2,70.3849651409518,77.0,Other,469
Men's wear,1649.0,7999.0,4.1,79.38492311538943,49.0,Other,451
Men's wear,2699.0,11050.0,4.3,75.57466063348416,99.0,Charm,402
Men's wear,2199.0,7000.0,4.3,68.58571428571429,99.0,Charm,447
Men's wear,355.0,1499.0,4.0,76.31754503002001,55.0,Other,434
Men's wear,2549.0,8250.0,4.4,69.1030303030303,49.0,Other,50
Men's wear,3099.0,9890.0,4.4,68.66531850353893,99.0,Charm,249
Men's wear,449.0,2799.0,4.0,83.95855662736692,49.0,Other,180
Men's wear,7291.0,35895.0,4.1,79.6879788271347,91.0,Other,408
Men's wear,6549.0,24730.0,4.4,73.51799433885968,49.0,Other,124
Men's wear,1949.0,6590.0,4.4,70.4248861911988,49.0,Other,408
Men's wear,2849.0,12485.0,4.3,77.1806167400881,49.0,Other,216
Men's wear,1066.0,3700.0,4.2,71.18918918918918,66.0,Other,122
Men's wear,3049.0,10390.0,4.3,70.65447545717035,49.0,Other,87
Men's wear,1799.0,8499.0,4.2,78.83280385927756,99.0,Charm,63
Men's wear,6399.0,29650.0,4.2,78.41821247892075,99.0,Charm,442
Men's wear,3249.0,9995.0,4.3,67.49374687343672,49.0,Other,326
Men's wear,594.0,999.0,3.4,40.54054054054054,94.0,Other,79
Men's wear,653.0,1099.0,3.4,40.58234758871701,53.0,Other,52
Men's wear,299.0,999.0,3.9,70.07007007007007,99.0,Charm,225
Men's wear,499.0,2997.0,4.1,83.35001668335002,99.0,Charm,201
Men's wear,764.0,899.0,4.0,15.016685205784205,64.0,Other,466
Men's wear,299.0,999.0,4.1,70.07007007007007,99.0,Charm,365
Men's wear,499.0,2999.0,4.1,83.36112037345782,99.0,Charm,437
Men's wear,1486.0,2499.0,3.4,40.53621448579432,86.0,Other,376
Men's wear,599.0,2999.0,3.8,80.02667555851951,99.0,Charm,96
Men's wear,636.0,3500.0,4.0,81.82857142857142,36.0,Other,145
Men's wear,499.0,2999.0,4.1,83.36112037345782,99.0,Charm,480
Men's wear,660.0,2999.0,3.8,77.99266422140714,60.0,Other,162
Men's wear,599.0,2499.0,4.1,76.03041216486595,99.0,Charm,222
Men's wear,1499.0,3500.0,3.9,57.17142857142857,99.0,Charm,241
Men's wear,1499.0,3500.0,5.0,57.17142857142857,99.0,Charm,487
Men's wear,1486.0,2499.0,3.4,40.53621448579432,86.0,Other,152
Men's wear,449.0,2999.0,4.0,85.02834278092698,49.0,Other,155
Men's wear,636.0,3500.0,4.2,81.82857142857142,36.0,Other,60
Men's wear,299.0,999.0,3.8,70.07007007007007,99.0,Charm,409
Men's wear,1486.0,2499.0,3.4,40.53621448579432,86.0,Other,333
Men's wear,207.0,999.0,3.6,79.27927927927928,7.0,Other,349
Men's wear,636.0,3500.0,4.0,81.82857142857142,36.0,Other,228
Men's wear,449.0,1499.0,4.0,70.04669779853235,49.0,Other,305
Men's wear,1189.0,1999.0,3.4,40.52026013006503,89.0,Other,248
Men's wear,449.0,1599.0,4.0,71.91994996873046,49.0,Other,195
Men's wear,299.0,999.0,3.9,70.07007007007007,99.0,Charm,315
Men's wear,530.0,1890.0,3.5,71.95767195767195,30.0,Other,416
Men's wear,1486.0,2499.0,3.4,40.53621448579432,86.0,Other,331
Men's wear,429.0,1890.0,3.7,77.3015873015873,29.0,Other,260
Men's wear,261.0,1299.0,4.1,79.90762124711316,61.0,Other,189
Men's wear,4295.0,,4.2,,95.0,Other,284
Men's wear,594.0,999.0,3.4,40.54054054054054,94.0,Other,430
Men's wear,449.0,1999.0,4.1,77.53876938469234,49.0,Other,188
Men's wear,636.0,3500.0,3.8,81.82857142857142,36.0,Other,60
Men's wear,424.0,999.0,3.6,57.55755755755756,24.0,Other,87
Men's wear,1486.0,2499.0,3.4,40.53621448579432,86.0,Other,102
Men's wear,299.0,999.0,3.6,70.07007007007007,99.0,Charm,457
Men's wear,679.0,3500.0,3.9,80.60000000000001,79.0,Other,202
Men's wear,399.0,999.0,4.1,60.06006006006006,99.0,Charm,51
Men's wear,1486.0,2499.0,3.4,40.53621448579432,86.0,Other,349
Men's wear,198.0,999.0,4.1,80.18018018018019,98.0,Other,458
Men's wear,2279.0,4198.0,4.4,45.7122439256789,79.0,Other,178
Men's wear,144.0,1449.0,3.9,90.06211180124224,44.0,Other,330
Men's wear,203.0,1000.0,4.2,79.7,3.0,Other,79
Men's wear,168.0,1164.0,3.9,85.56701030927834,68.0,Other,363
Men's wear,229.0,1499.0,4.1,84.72314876584389,29.0,Other,271
Men's wear,181.0,899.0,4.3,79.86651835372636,81.0,Other,402
Men's wear,1999.0,3398.0,4.4,41.17127722189523,99.0,Charm,174
Men's wear,167.0,540.0,4.1,69.07407407407408,67.0,Other,218
Men's wear,175.0,799.0,4.1,78.09762202753441,75.0,Other,365
Men's wear,205.0,1200.0,4.2,82.91666666666667,5.0,Other,270
Men's wear,3609.0,5998.0,4.4,39.82994331443815,9.0,Other,488
Men's wear,177.0,1499.0,4.2,88.19212808539027,77.0,Other,237
Men's wear,129.0,999.0,3.9,87.08708708708708,29.0,Other,251
Men's wear,243.0,999.0,4.0,75.67567567567568,43.0,Other,77
Men's wear,2469.0,4598.0,4.4,46.30274032187908,69.0,Other,207
Men's wear,187.0,899.0,4.1,79.19911012235818,87.0,Other,233
Men's wear,199.0,1499.0,4.1,86.7244829886591,99.0,Charm,103
Men's wear,192.0,999.0,4.0,80.78078078078079,92.0,Other,492
Men's wear,399.0,1249.0,3.9,68.05444355484389,99.0,Charm,455
Men's wear,301.0,1799.0,4.3,83.26848249027238,1.0,Other,492
Men's wear,240.0,1500.0,4.0,84.0,40.0,Other,357
Men's wear,129.0,499.0,4.0,74.14829659318637,29.0,Other,56
Men's wear,240.0,899.0,4.2,73.30367074527253,40.0,Other,488
Men's wear,206.0,1499.0,4.4,86.25750500333555,6.0,Other,466
Men's wear,160.0,1499.0,3.8,89.32621747831888,60.0,Other,267
Men's wear,199.0,1299.0,4.0,84.68052347959969,99.0,Charm,202
Men's wear,203.0,999.0,4.2,79.67967967967968,3.0,Other,413
Men's wear,203.0,1199.0,4.3,83.06922435362803,3.0,Other,304
Men's wear,168.0,1499.0,3.8,88.79252835223483,68.0,Other,168
Men's wear,196.0,849.0,4.0,76.91401648998823,96.0,Other,466
Men's wear,183.0,999.0,3.8,81.68168168168168,83.0,Other,443
Men's wear,311.0,1699.0,4.1,81.69511477339611,11.0,Other,205
Men's wear,187.0,899.0,4.9,79.19911012235818,87.0,Other,455
Men's wear,194.0,1499.0,4.2,87.05803869246164,94.0,Other,192
Men's wear,169.0,1299.0,4.0,86.98999230177058,69.0,Other,382
Men's wear,373.0,1999.0,4.3,81.34067033516759,73.0,Other,478
Men's wear,156.0,1297.0,4.0,87.97224363916732,56.0,Other,220
Men's wear,162.0,999.0,3.9,83.78378378378379,62.0,Other,480
Men's wear,231.0,999.0,4.0,76.87687687687688,31.0,Other,454
Men's wear,679.0,999.0,4.2,32.032032032032035,79.0,Other,52
Men's wear,549.0,999.0,3.8,45.04504504504504,49.0,Other,148
Men's wear,895.0,995.0,4.2,10.050251256281408,95.0,Other,55
Men's wear,1199.0,1495.0,4.2,19.79933110367893,99.0,Charm,469
Men's wear,449.0,799.0,4.1,43.80475594493116,49.0,Other,412
Men's wear,999.0,1799.0,4.3,44.469149527515285,99.0,Charm,409
Men's wear,749.0,2195.0,4.1,65.87699316628701,49.0,Other,286
Men's wear,379.0,1499.0,4.0,74.71647765176785,79.0,Other,317
Men's wear,899.0,1599.0,4.3,43.77736085053158,99.0,Charm,438
Men's wear,1436.0,1995.0,4.4,28.020050125313283,36.0,Other,473
Men's wear,449.0,799.0,4.0,43.80475594493116,49.0,Other,439
Men's wear,999.0,2499.0,4.2,60.024009603841534,99.0,Charm,71
Men's wear,649.0,829.0,4.2,21.71290711700844,49.0,Other,413
Men's wear,799.0,1995.0,4.1,59.94987468671679,99.0,Charm,102
Men's wear,1499.0,3499.0,3.9,57.15918833952558,99.0,Charm,307
Men's wear,1349.0,3299.0,4.2,59.10882085480449,49.0,Other,299
Men's wear,424.0,949.0,3.9,55.32139093782929,24.0,Other,292
Men's wear,466.0,899.0,3.9,48.16462736373748,66.0,Other,393
Men's wear,1266.0,1495.0,4.2,15.317725752508359,66.0,Other,358
Men's wear,509.0,899.0,4.0,43.38153503893214,9.0,Other,476
Men's wear,,,,,,Other,109
Men's wear,474.0,499.0,4.0,5.01002004008016,74.0,Other,217
Men's wear,485.0,1199.0,4.0,59.549624687239366,85.0,Other,194
Men's wear,940.0,2100.0,4.2,55.23809523809524,40.0,Other,95
Men's wear,749.0,1995.0,4.1,62.4561403508772,49.0,Other,105
Men's wear,649.0,1499.0,4.2,56.70446964643096,49.0,Other,209
Men's wear,1099.0,1199.0,4.3,8.340283569641366,99.0,Charm,64
Men's wear,921.0,1795.0,4.0,48.6908077994429,21.0,Other,61
Men's wear,1199.0,1495.0,4.2,19.79933110367893,99.0,Charm,114
Men's wear,1281.0,2395.0,4.2,46.51356993736952,81.0,Other,380
Men's wear,449.0,849.0,4.0,47.11425206124853,49.0,Other,330
Men's wear,949.0,2295.0,4.1,58.64923747276688,49.0,Other,347
Men's wear,1099.0,1799.0,4.2,38.91050583657588,99.0,Charm,87
Men's wear,1299.0,2599.0,4.2,50.01923816852636,99.0,Charm,481
Men's wear,1275.0,1495.0,4.2,14.715719063545151,75.0,Other,429
Men's wear,799.0,1499.0,3.7,46.6977985323549,99.0,Charm,316
Men's wear,699.0,1199.0,4.2,41.70141784820684,99.0,Charm,241
Men's wear,715.0,1899.0,4.2,62.34860452869931,15.0,Other,172
Men's wear,1049.0,2499.0,4.0,58.023209283713484,49.0,Other,69
Men's wear,479.0,999.0,3.9,52.052052052052055,79.0,Other,169
Men's wear,799.0,1699.0,3.7,52.97233666862861,99.0,Charm,370
Men's wear,1329.0,2199.0,3.9,39.56343792633015,29.0,Other,305
Men's wear,439.0,2000.0,3.6,78.05,39.0,Other,133
Men's wear,2289.0,2869.0,3.7,20.216103171836878,89.0,Other,281
Men's wear,1445.0,3999.0,3.9,63.865966491622906,45.0,Other,282
Men's wear,3090.0,4295.0,4.2,28.055878928987195,90.0,Other,125
Men's wear,535.0,1599.0,4.5,66.541588492808,35.0,Other,286
Men's wear,459.0,1099.0,3.9,58.234758871701544,59.0,Other,331
Men's wear,378.0,999.0,4.0,62.16216216216216,78.0,Other,208
Men's wear,1899.0,2295.0,4.0,17.254901960784313,99.0,Charm,252
Men's wear,799.0,1999.0,4.2,60.030015007503756,99.0,Charm,453
Men's wear,1329.0,2499.0,3.9,46.818727490996395,29.0,Other,255
Men's wear,370.0,999.0,3.7,62.96296296296296,70.0,Other,119
Men's wear,449.0,999.0,3.6,55.05505505505506,49.0,Other,307
Men's wear,335.0,999.0,3.8,66.46646646646647,35.0,Other,88
Men's wear,1329.0,2499.0,4.0,46.818727490996395,29.0,Other,57
Men's wear,349.0,799.0,4.7,56.32040050062578,49.0,Other,222
Men's wear,1525.0,3499.0,4.8,56.41611889111174,25.0,Other,144
Men's wear,379.0,999.0,4.0,62.06206206206206,79.0,Other,88
Men's wear,487.0,1299.0,3.9,62.509622786759046,87.0,Other,484
Men's wear,441.0,999.0,3.8,55.85585585585585,41.0,Other,351
Men's wear,356.0,999.0,3.8,64.36436436436436,56.0,Other,471
Men's wear,755.0,1599.0,3.8,52.782989368355224,55.0,Other,433
Men's wear,643.0,1999.0,4.1,67.83391695847924,43.0,Other,308
Men's wear,934.0,1899.0,4.0,50.81621906266456,34.0,Other,123
Men's wear,549.0,1999.0,4.2,72.53626813406704,49.0,Other,210
Men's wear,375.0,899.0,3.4,58.28698553948832,75.0,Other,271
Men's wear,299.0,999.0,3.8,70.07007007007007,99.0,Charm,181
Men's wear,655.0,1295.0,3.6,49.42084942084942,55.0,Other,461
Men's wear,449.0,999.0,4.6,55.05505505505506,49.0,Other,285
Men's wear,1845.0,2395.0,4.0,22.964509394572026,45.0,Other,401
Men's wear,425.0,1999.0,3.8,78.73936968484242,25.0,Other,437
Men's wear,299.0,499.0,3.9,40.08016032064128,99.0,Charm,350
Men's wear,449.0,699.0,4.7,35.7653791130186,49.0,Other,163
Men's wear,395.0,799.0,3.6,50.563204005006256,95.0,Other,279
Men's wear,369.0,599.0,3.4,38.397328881469114,69.0,Other,437
Men's wear,879.0,1599.0,3.5,45.0281425891182,79.0,Other,396
Men's wear,399.0,1499.0,3.5,73.3822548365577,99.0,Charm,208
Men's wear,1799.0,1895.0,3.7,5.065963060686015,99.0,Charm,134
Men's wear,445.0,1599.0,4.1,72.17010631644779,45.0,Other,359
Men's wear,549.0,1699.0,4.3,67.68687463213655,49.0,Other,94
Men's wear,1399.0,2499.0,3.9,44.017607042817126,99.0,Charm,497
Men's wear,896.0,2899.0,4.2,69.0927906174543,96.0,Other,415
Men's wear,999.0,3999.0,3.9,75.01875468867217,99.0,Charm,391
Men's wear,875.0,1695.0,4.1,48.37758112094395,75.0,Other,142
Men's wear,399.0,999.0,3.9,60.06006006006006,99.0,Charm,150
Men's wear,742.0,1956.0,3.7,62.06543967280164,42.0,Other,52
Men's wear,1329.0,2599.0,4.1,48.86494805694498,29.0,Other,297
Men's wear,647.0,1999.0,3.7,67.63381690845422,47.0,Other,494
Men's wear,899.0,2150.0,3.8,58.18604651162791,99.0,Charm,481
Men's wear,1000.0,1499.0,4.3,33.28885923949299,0.0,Round,465
Men's wear,1297.0,2549.0,3.9,49.11730090231463,97.0,Other,367
Men's wear,1049.0,2499.0,4.1,58.023209283713484,49.0,Other,250
Men's wear,1560.0,1795.0,4.2,13.09192200557103,60.0,Other,388
Men's wear,539.0,1499.0,4.0,64.04269513008673,39.0,Other,127
Men's wear,912.0,1899.0,3.7,51.97472353870458,12.0,Other,301
Men's wear,641.0,1599.0,4.1,59.91244527829893,41.0,Other,205
Men's wear,591.0,1299.0,4.1,54.50346420323326,91.0,Other,329
Men's wear,449.0,999.0,4.2,55.05505505505506,49.0,Other,71
Men's wear,1297.0,2279.0,3.9,43.08907415533129,97.0,Other,241
Men's wear,1631.0,1895.0,4.2,13.931398416886543,31.0,Other,64
Men's wear,1649.0,4999.0,4.6,67.0134026805361,49.0,Other,213
Men's wear,799.0,2999.0,3.8,73.35778592864288,99.0,Charm,464
Men's wear,1297.0,2469.0,3.9,47.468610773592545,97.0,Other,277
Men's wear,649.0,1499.0,3.9,56.70446964643096,49.0,Other,245
Men's wear,3139.0,4895.0,4.6,35.87334014300306,39.0,Other,86
Men's wear,3999.0,5999.0,4.1,33.338889814969164,99.0,Charm,299
Men's wear,1297.0,2489.0,3.9,47.89071916432302,97.0,Other,278
Men's wear,399.0,599.0,3.8,33.3889816360601,99.0,Charm,410
Men's wear,389.0,1599.0,4.7,75.6722951844903,89.0,Other,442
Men's wear,1439.0,2995.0,3.8,51.95325542570952,39.0,Other,146
Men's wear,499.0,999.0,4.2,50.050050050050054,99.0,Charm,50
Men's wear,10999.0,13250.0,4.2,16.98867924528302,99.0,Charm,264
Men's wear,558.0,1999.0,4.2,72.08604302151076,58.0,Other,215
Men's wear,899.0,2299.0,3.5,60.89604175728578,99.0,Charm,441
Men's wear,1095.0,1499.0,3.9,26.951300867244832,95.0,Other,304
Men's wear,1230.0,2395.0,3.7,48.643006263048015,30.0,Other,365
Men's wear,1694.0,1895.0,4.3,10.606860158311346,94.0,Other,164
Men's wear,2969.0,9199.0,3.7,67.72475269050983,69.0,Other,68
Men's wear,449.0,999.0,3.4,55.05505505505506,49.0,Other,223
Women's wear,987.0,1899.0,4.1,48.02527646129542,87.0,Other,331
Women's wear,1046.0,2499.0,4.4,58.14325730292117,46.0,Other,393
Women's wear,299.0,1299.0,4.0,76.98229407236336,99.0,Charm,203
Women's wear,299.0,1299.0,4.0,76.98229407236336,99.0,Charm,132
Women's wear,288.0,999.0,4.0,71.17117117117117,88.0,Other,187
Women's wear,357.0,1399.0,4.1,74.481772694782,57.0,Other,369
Women's wear,299.0,999.0,4.0,70.07007007007007,99.0,Charm,83
Women's wear,346.0,999.0,4.2,65.36536536536536,46.0,Other,253
Women's wear,299.0,1199.0,4.3,75.0625521267723,99.0,Charm,275
Women's wear,279.0,1999.0,4.2,86.04302151075538,79.0,Other,286
Women's wear,299.0,1199.0,4.0,75.0625521267723,99.0,Charm,57
Women's wear,727.0,1399.0,4.4,48.03431022158684,27.0,Other,271
Women's wear,349.0,1199.0,4.1,70.89241034195163,49.0,Other,496
Women's wear,329.0,1499.0,4.2,78.05203468979319,29.0,Other,310
Women's wear,313.0,1199.0,4.1,73.89491242702252,13.0,Other,498
Women's wear,415.0,1099.0,4.3,62.23839854413102,15.0,Other,187
Women's wear,299.0,999.0,4.0,70.07007007007007,99.0,Charm,327
Women's wear,377.0,1099.0,4.0,65.6960873521383,77.0,Other,194
Women's wear,349.0,1997.0,4.1,82.52378567851778,49.0,Other,331
Women's wear,861.0,2199.0,4.2,60.84583901773534,61.0,Other,407
Women's wear,274.0,999.0,4.1,72.57257257257257,74.0,Other,177
Women's wear,286.0,999.0,3.9,71.37137137137137,86.0,Other,268
Women's wear,299.0,1497.0,3.8,80.02672010688042,99.0,Charm,112
Women's wear,1049.0,2799.0,4.1,62.52232940335835,49.0,Other,476
Women's wear,299.0,1299.0,4.1,76.98229407236336,99.0,Charm,398
Women's wear,396.0,2069.0,4.1,80.86031899468342,96.0,Other,296
Women's wear,299.0,1199.0,4.0,75.0625521267723,99.0,Charm,431
Women's wear,449.0,999.0,4.2,55.05505505505506,49.0,Other,208
Women's wear,229.0,1199.0,3.9,80.90075062552127,29.0,Other,457
Women's wear,279.0,1999.0,4.0,86.04302151075538,79.0,Other,468
Women's wear,229.0,999.0,4.0,77.07707707707708,29.0,Other,347
Women's wear,303.0,899.0,4.2,66.29588431590656,3.0,Other,488
Women's wear,350.0,999.0,3.8,64.96496496496496,50.0,Other,338
Women's wear,359.0,1797.0,4.2,80.0222593210907,59.0,Other,284
Women's wear,329.0,1499.0,4.2,78.05203468979319,29.0,Other,98
Women's wear,909.0,1499.0,4.0,39.35957304869913,9.0,Other,136
Women's wear,353.0,1699.0,4.0,79.22307239552678,53.0,Other,276
Women's wear,299.0,999.0,4.0,70.07007007007007,99.0,Charm,173
Women's wear,329.0,1499.0,4.2,78.05203468979319,29.0,Other,459
Women's wear,536.0,1199.0,4.3,55.29608006672226,36.0,Other,328
Women's wear,610.0,1999.0,4.1,69.48474237118559,10.0,Other,307
Women's wear,449.0,899.0,4.8,50.055617352614014,49.0,Other,476
Women's wear,379.0,1999.0,4.2,81.04052026013007,79.0,Other,433
Women's wear,424.0,1899.0,4.2,77.67245918904688,24.0,Other,401
Women's wear,379.0,1999.0,4.3,81.04052026013007,79.0,Other,417
Women's wear,349.0,2330.0,4.1,85.02145922746782,49.0,Other,202
Women's wear,349.0,2330.0,4.1,85.02145922746782,49.0,Other,166
Women's wear,674.0,1978.0,4.3,65.92517694641052,74.0,Other,228
Women's wear,599.0,3097.0,4.0,80.65870196964805,99.0,Charm,351
Women's wear,424.0,2099.0,4.2,79.79990471653167,24.0,Other,282
Women's wear,379.0,1999.0,4.3,81.04052026013007,79.0,Other,467
Women's wear,435.0,799.0,4.5,45.55694618272841,35.0,Other,423
Women's wear,479.0,1499.0,4.2,68.04536357571715,79.0,Other,259
Women's wear,379.0,1999.0,4.0,81.04052026013007,79.0,Other,221
Women's wear,599.0,3097.0,4.0,80.65870196964805,99.0,Charm,105
Women's wear,424.0,1699.0,4.2,75.04414361389053,24.0,Other,106
Women's wear,379.0,1999.0,4.2,81.04052026013007,79.0,Other,281
Women's wear,424.0,1899.0,4.2,77.67245918904688,24.0,Other,445
Women's wear,379.0,1999.0,4.3,81.04052026013007,79.0,Other,336
Women's wear,619.0,1999.0,5.0,69.03451725862931,19.0,Other,175
Women's wear,479.0,1499.0,4.2,68.04536357571715,79.0,Other,497
Women's wear,424.0,1899.0,4.2,77.67245918904688,24.0,Other,404
Women's wear,499.0,2599.0,4.1,80.80030781069642,99.0,Charm,108
Women's wear,479.0,1299.0,4.3,63.12548113933796,79.0,Other,241
Women's wear,379.0,1999.0,4.0,81.04052026013007,79.0,Other,238
Women's wear,379.0,1999.0,4.1,81.04052026013007,79.0,Other,319
Women's wear,439.0,1099.0,4.0,60.05459508644222,39.0,Other,415
Women's wear,1078.0,3499.0,4.2,69.19119748499571,78.0,Other,443
Women's wear,379.0,1999.0,4.1,81.04052026013007,79.0,Other,317
Women's wear,379.0,1999.0,4.1,81.04052026013007,79.0,Other,223
Women's wear,424.0,2099.0,4.2,79.79990471653167,24.0,Other,490
Women's wear,899.0,3549.0,4.4,74.66892082276698,99.0,Charm,420
Women's wear,799.0,2899.0,4.2,72.4387719903415,99.0,Charm,345
Women's wear,489.0,2497.0,4.2,80.4164997997597,89.0,Other,266
Women's wear,399.0,1799.0,4.2,77.82101167315176,99.0,Charm,200
Women's wear,327.0,799.0,3.4,59.073842302878596,27.0,Other,141
Women's wear,359.0,2199.0,4.2,83.67439745338791,59.0,Other,301
Women's wear,379.0,1999.0,3.9,81.04052026013007,79.0,Other,75
Women's wear,379.0,999.0,4.0,62.06206206206206,79.0,Other,238
Women's wear,699.0,2299.0,4.2,69.59547629404089,99.0,Charm,478
Women's wear,891.0,2199.0,3.9,59.481582537517056,91.0,Other,476
Women's wear,1079.0,2699.0,4.0,60.02223045572435,79.0,Other,175
Women's wear,494.0,1499.0,3.9,67.04469646430954,94.0,Other,68
Women's wear,699.0,1999.0,4.0,65.03251625812906,99.0,Charm,143
Women's wear,494.0,1499.0,3.9,67.04469646430954,94.0,Other,203
Women's wear,493.0,1299.0,4.0,62.04772902232486,93.0,Other,271
Women's wear,494.0,1499.0,3.9,67.04469646430954,94.0,Other,128
Women's wear,419.0,1299.0,4.8,67.74441878367975,19.0,Other,421
Women's wear,494.0,1499.0,3.9,67.04469646430954,94.0,Other,483
Women's wear,699.0,3999.0,4.2,82.52063015753939,99.0,Charm,371
Women's wear,699.0,1999.0,4.0,65.03251625812906,99.0,Charm,76
Women's wear,1304.0,2599.0,4.1,49.826856483262794,4.0,Other,105
Women's wear,499.0,1899.0,3.7,73.72301211163771,99.0,Charm,499
Women's wear,699.0,1999.0,3.9,65.03251625812906,99.0,Charm,118
Women's wear,449.0,1499.0,4.0,70.04669779853235,49.0,Other,401
Women's wear,1079.0,2699.0,4.1,60.02223045572435,79.0,Other,89
Women's wear,499.0,1199.0,4.1,58.381984987489574,99.0,Charm,302
Women's wear,493.0,1299.0,4.0,62.04772902232486,93.0,Other,60
Women's wear,499.0,1000.0,4.2,50.1,99.0,Charm,271
Women's wear,1159.0,2899.0,4.0,60.02069679199724,59.0,Other,295
Women's wear,499.0,1999.0,4.0,75.03751875937968,99.0,Charm,139
Women's wear,699.0,2999.0,3.8,76.69223074358119,99.0,Charm,163
Women's wear,499.0,1999.0,4.0,75.03751875937968,99.0,Charm,355
Women's wear,1003.0,1999.0,3.9,49.82491245622811,3.0,Other,320
Women's wear,699.0,1999.0,3.6,65.03251625812906,99.0,Charm,258
Women's wear,499.0,1999.0,4.2,75.03751875937968,99.0,Charm,249
Women's wear,453.0,1699.0,3.8,73.33725721012361,53.0,Other,457
Women's wear,1159.0,2899.0,3.8,60.02069679199724,59.0,Other,294
Women's wear,699.0,2999.0,3.9,76.69223074358119,99.0,Charm,476
Women's wear,493.0,1299.0,4.0,62.04772902232486,93.0,Other,338
Women's wear,601.0,1899.0,3.2,68.35176408636124,1.0,Other,288
Women's wear,1389.0,1499.0,4.2,7.338225483655771,89.0,Other,212
Women's wear,493.0,1299.0,4.0,62.04772902232486,93.0,Other,68
Women's wear,699.0,2999.0,3.9,76.69223074358119,99.0,Charm,248
Women's wear,699.0,2999.0,4.1,76.69223074358119,99.0,Charm,351
Women's wear,1049.0,2599.0,4.0,59.6383224317045,49.0,Other,323
Women's wear,,,4.0,,,Other,180
Women's wear,399.0,899.0,3.9,55.61735261401557,99.0,Charm,265
Women's wear,699.0,1999.0,4.0,65.03251625812906,99.0,Charm,440
Women's wear,959.0,2399.0,4.1,60.02501042100875,59.0,Other,486
Women's wear,497.0,1777.0,4.3,72.03151378728194,97.0,Other,420
Women's wear,497.0,799.0,4.1,37.79724655819774,97.0,Other,102
Women's wear,179.0,899.0,3.9,80.08898776418243,79.0,Other,499
Women's wear,249.0,499.0,4.1,50.1002004008016,49.0,Other,73
Women's wear,499.0,1999.0,4.3,75.03751875937968,99.0,Charm,230
Women's wear,357.0,499.0,4.1,28.45691382765531,57.0,Other,340
Women's wear,295.0,499.0,4.3,40.88176352705411,95.0,Other,85
Women's wear,497.0,1777.0,4.4,72.03151378728194,97.0,Other,485
Women's wear,385.0,899.0,4.1,57.17463848720801,85.0,Other,325
Women's wear,499.0,1999.0,4.3,75.03751875937968,99.0,Charm,64
Women's wear,399.0,1499.0,3.6,73.3822548365577,99.0,Charm,72
Women's wear,399.0,1499.0,3.6,73.3822548365577,99.0,Charm,313
Women's wear,397.0,799.0,4.1,50.31289111389236,97.0,Other,362
Women's wear,399.0,999.0,4.2,60.06006006006006,99.0,Charm,110
Women's wear,399.0,1499.0,4.0,73.3822548365577,99.0,Charm,140
Women's wear,445.0,1499.0,4.0,70.31354236157439,45.0,Other,483
Women's wear,359.0,1199.0,4.2,70.05838198498749,59.0,Other,395
Women's wear,299.0,1999.0,4.2,85.04252126063031,99.0,Charm,182
Women's wear,569.0,999.0,4.1,43.04304304304304,69.0,Other,361
Women's wear,497.0,1777.0,4.2,72.03151378728194,97.0,Other,227
Women's wear,161.0,499.0,4.0,67.73547094188376,61.0,Other,345
Women's wear,499.0,1999.0,4.3,75.03751875937968,99.0,Charm,387
Women's wear,466.0,1499.0,4.2,68.91260840560373,66.0,Other,392
Women's wear,657.0,1598.0,4.3,58.88610763454318,57.0,Other,244
Women's wear,452.0,999.0,4.0,54.75475475475476,52.0,Other,63
Women's wear,621.0,1999.0,4.1,68.9344672336168,21.0,Other,320
Women's wear,249.0,499.0,4.3,50.1002004008016,49.0,Other,226
Women's wear,445.0,1499.0,3.7,70.31354236157439,45.0,Other,70
Women's wear,349.0,1999.0,4.4,82.54127063531766,49.0,Other,342
Women's wear,357.0,499.0,4.1,28.45691382765531,57.0,Other,399
Women's wear,357.0,989.0,3.7,63.902932254802835,57.0,Other,460
Women's wear,350.0,850.0,4.5,58.82352941176471,50.0,Other,161
Women's wear,559.0,1399.0,4.2,60.042887776983555,59.0,Other,139
Women's wear,640.0,1999.0,4.2,67.983991995998,40.0,Other,286
Women's wear,381.0,1198.0,4.2,68.19699499165276,81.0,Other,419
Women's wear,650.0,699.0,3.2,7.0100143061516444,50.0,Other,237
Women's wear,166.0,599.0,3.7,72.28714524207011,66.0,Other,423
Women's wear,399.0,1499.0,3.9,73.3822548365577,99.0,Charm,471
Women's wear,179.0,899.0,3.8,80.08898776418243,79.0,Other,162
Women's wear,474.0,799.0,4.1,40.67584480600751,74.0,Other,194
Women's wear,299.0,999.0,3.6,70.07007007007007,99.0,Charm,204
Women's wear,577.0,1499.0,4.1,61.507671781187454,77.0,Other,321
Women's wear,279.0,999.0,4.0,72.07207207207207,79.0,Other,101
Women's wear,279.0,999.0,4.0,72.07207207207207,79.0,Other,303
Women's wear,279.0,1699.0,4.0,83.57857563272513,79.0,Other,324
Women's wear,279.0,1999.0,4.1,86.04302151075538,79.0,Other,261
Women's wear,349.0,1499.0,4.1,76.71781187458305,49.0,Other,250
Women's wear,374.0,1499.0,4.1,75.05003335557038,74.0,Other,324
Women's wear,299.0,1999.0,3.9,85.04252126063031,99.0,Charm,89
Women's wear,299.0,999.0,4.0,70.07007007007007,99.0,Charm,54
Women's wear,349.0,999.0,4.0,65.06506506506507,49.0,Other,473
Women's wear,360.0,1299.0,3.8,72.2863741339492,60.0,Other,440
Women's wear,279.0,1699.0,4.0,83.57857563272513,79.0,Other,271
Women's wear,329.0,1599.0,4.0,79.42464040025015,29.0,Other,261
Women's wear,279.0,1699.0,4.1,83.57857563272513,79.0,Other,443
Women's wear,376.0,1899.0,3.9,80.20010531858873,76.0,Other,344
Women's wear,279.0,1699.0,4.0,83.57857563272513,79.0,Other,276
Women's wear,380.0,999.0,4.5,61.96196196196196,80.0,Other,128
Women's wear,293.0,999.0,4.0,70.67067067067066,93.0,Other,338
Women's wear,343.0,1299.0,3.8,73.59507313317937,43.0,Other,247
Women's wear,349.0,1999.0,4.0,82.54127063531766,49.0,Other,362
Women's wear,599.0,1499.0,4.3,60.04002668445631,99.0,Charm,408
Women's wear,359.0,1299.0,4.2,72.36335642802155,59.0,Other,80
Women's wear,399.0,1299.0,3.7,69.28406466512702,99.0,Charm,461
Women's wear,279.0,1699.0,4.0,83.57857563272513,79.0,Other,201
Women's wear,499.0,1699.0,4.0,70.62978222483814,99.0,Charm,174
Women's wear,382.0,499.0,4.3,23.446893787575153,82.0,Other,123
Women's wear,330.0,1299.0,3.7,74.5958429561201,30.0,Other,351
Women's wear,349.0,1499.0,4.1,76.71781187458305,49.0,Other,450
Women's wear,639.0,1599.0,4.1,60.0375234521576,39.0,Other,235
Women's wear,379.0,1999.0,3.7,81.04052026013007,79.0,Other,156
Women's wear,339.0,999.0,4.3,66.06606606606607,39.0,Other,136
Women's wear,469.0,1699.0,4.2,72.3955267804591,69.0,Other,113
Women's wear,639.0,1599.0,4.0,60.0375234521576,39.0,Other,204
Women's wear,399.0,1999.0,3.8,80.040020010005,99.0,Charm,365
Women's wear,479.0,1699.0,4.3,71.80694526191877,79.0,Other,197
Women's wear,539.0,1999.0,4.7,73.03651825912956,39.0,Other,72
Women's wear,299.0,999.0,4.1,70.07007007007007,99.0,Charm,236
Women's wear,422.0,1499.0,4.2,71.84789859906604,22.0,Other,259
Women's wear,376.0,1899.0,3.9,80.20010531858873,76.0,Other,293
Women's wear,599.0,1599.0,3.9,62.539086929330836,99.0,Charm,370
Women's wear,499.0,1299.0,3.0,61.585835257890686,99.0,Charm,293
Women's wear,448.0,1649.0,3.7,72.83201940570042,48.0,Other,60
Women's wear,453.0,1699.0,4.1,73.33725721012361,53.0,Other,245
Women's wear,516.0,1549.0,4.2,66.68818592640413,16.0,Other,203
Women's wear,308.0,1499.0,4.0,79.45296864576385,8.0,Other,441
Women's wear,369.0,999.0,4.1,63.06306306306306,69.0,Other,448
Women's wear,399.0,1699.0,4.5,76.51559741024133,99.0,Charm,109
Women's wear,493.0,1999.0,4.1,75.3376688344172,93.0,Other,433
Women's wear,453.0,1699.0,4.1,73.33725721012361,53.0,Other,223
Women's wear,453.0,1499.0,4.1,69.77985323549034,53.0,Other,459
Women's wear,367.0,1299.0,4.1,71.74749807544265,67.0,Other,206
Women's wear,445.0,1699.0,4.1,73.80812242495585,45.0,Other,313
Women's wear,445.0,1699.0,4.1,73.80812242495585,45.0,Other,101
Women's wear,453.0,1699.0,4.1,73.33725721012361,53.0,Other,155
Women's wear,599.0,1599.0,3.9,62.539086929330836,99.0,Charm,290
Women's wear,325.0,1499.0,4.0,78.31887925283523,25.0,Other,399
Women's wear,493.0,1999.0,4.1,75.3376688344172,93.0,Other,498
Women's wear,195.0,999.0,3.9,80.48048048048048,95.0,Other,313
Women's wear,599.0,1599.0,3.9,62.539086929330836,99.0,Charm,89
Women's wear,453.0,1499.0,4.1,69.77985323549034,53.0,Other,213
Women's wear,1048.0,2395.0,4.4,56.24217118997912,48.0,Other,172
Women's wear,453.0,1699.0,4.1,73.33725721012361,53.0,Other,136
Women's wear,499.0,1699.0,4.2,70.62978222483814,99.0,Charm,491
Women's wear,954.0,1800.0,3.2,47.0,54.0,Other,348
Women's wear,453.0,1699.0,4.1,73.33725721012361,53.0,Other,253
Women's wear,499.0,1499.0,4.1,66.711140760507,99.0,Charm,347
Women's wear,599.0,1599.0,3.9,62.539086929330836,99.0,Charm,189
Women's wear,639.0,1599.0,4.0,60.0375234521576,39.0,Other,241
Women's wear,494.0,1499.0,4.2,67.04469646430954,94.0,Other,359
Women's wear,734.0,1499.0,3.8,51.03402268178786,34.0,Other,353
Women's wear,367.0,1299.0,4.1,71.74749807544265,67.0,Other,318
Women's wear,453.0,1499.0,4.1,69.77985323549034,53.0,Other,275
Women's wear,440.0,999.0,3.9,55.95595595595596,40.0,Other,351
Women's wear,440.0,999.0,3.9,55.95595595595596,40.0,Other,163
Women's wear,367.0,1299.0,4.1,71.74749807544265,67.0,Other,51
Women's wear,421.0,1499.0,4.1,71.91460973982655,21.0,Other,467
Women's wear,804.0,2299.0,4.3,65.02827316224446,4.0,Other,195
Women's wear,458.0,1499.0,4.1,69.44629753168779,58.0,Other,436
Women's wear,499.0,1499.0,4.5,66.711140760507,99.0,Charm,57
Women's wear,359.0,1299.0,4.1,72.36335642802155,59.0,Other,209
Women's wear,399.0,1999.0,4.0,80.040020010005,99.0,Charm,275
Women's wear,399.0,1999.0,4.0,80.040020010005,99.0,Charm,452
Women's wear,399.0,1999.0,4.0,80.040020010005,99.0,Charm,225
Women's wear,399.0,1999.0,4.0,80.040020010005,99.0,Charm,222
Women's wear,399.0,1999.0,4.0,80.040020010005,99.0,Charm,111
Women's wear,399.0,1999.0,4.0,80.040020010005,99.0,Charm,378
Women's wear,359.0,1299.0,4.1,72.36335642802155,59.0,Other,465
Women's wear,399.0,1999.0,4.0,80.040020010005,99.0,Charm,146
Women's wear,299.0,1299.0,4.0,76.98229407236336,99.0,Charm,318
Women's wear,674.0,1499.0,4.2,55.03669112741828,74.0,Other,101
Women's wear,349.0,1399.0,4.1,75.05360972122945,49.0,Other,368
Women's wear,299.0,1299.0,4.0,76.98229407236336,99.0,Charm,55
Women's wear,499.0,1499.0,4.1,66.711140760507,99.0,Charm,215
Women's wear,399.0,1999.0,4.0,80.040020010005,99.0,Charm,386
Women's wear,399.0,1999.0,3.4,80.040020010005,99.0,Charm,159
Women's wear,399.0,1999.0,4.0,80.040020010005,99.0,Charm,230
Women's wear,399.0,1499.0,4.1,73.3822548365577,99.0,Charm,142
Women's wear,499.0,1499.0,3.9,66.711140760507,99.0,Charm,472
Women's wear,474.0,1399.0,4.0,66.11865618298785,74.0,Other,300
Women's wear,399.0,1999.0,4.0,80.040020010005,99.0,Charm,408
Women's wear,399.0,1999.0,4.0,80.040020010005,99.0,Charm,275
Women's wear,399.0,1999.0,3.7,80.040020010005,99.0,Charm,497
Women's wear,359.0,1299.0,4.1,72.36335642802155,59.0,Other,458
Women's wear,679.0,1699.0,4.0,60.03531489111242,79.0,Other,473
Women's wear,453.0,1349.0,3.7,66.41957005189029,53.0,Other,255
Women's wear,399.0,549.0,4.0,27.322404371584703,99.0,Charm,204
Women's wear,359.0,1299.0,4.1,72.36335642802155,59.0,Other,214
Women's wear,499.0,1699.0,4.2,70.62978222483814,99.0,Charm,291
Women's wear,799.0,1999.0,4.1,60.030015007503756,99.0,Charm,181
Women's wear,674.0,1499.0,4.2,55.03669112741828,74.0,Other,442
Women's wear,399.0,1999.0,3.4,80.040020010005,99.0,Charm,321
Women's wear,494.0,1299.0,4.0,61.9707467282525,94.0,Other,460
Women's wear,349.0,1999.0,3.8,82.54127063531766,49.0,Other,373
Women's wear,471.0,1499.0,3.7,68.5790527018012,71.0,Other,286
Women's wear,399.0,1999.0,4.0,80.040020010005,99.0,Charm,223
Women's wear,399.0,1499.0,4.0,73.3822548365577,99.0,Charm,387
Women's wear,299.0,1299.0,4.0,76.98229407236336,99.0,Charm,142
Women's wear,487.0,1449.0,3.4,66.39061421670117,87.0,Other,189
Women's wear,399.0,1999.0,4.0,80.040020010005,99.0,Charm,283
Women's wear,449.0,,4.2,,49.0,Other,200
Women's wear,312.0,599.0,4.0,47.91318864774624,12.0,Other,411
Women's wear,365.0,1197.0,4.0,69.50710108604845,65.0,Other,265
Women's wear,289.0,999.0,3.9,71.07107107107107,89.0,Other,58
Women's wear,260.0,1899.0,4.0,86.30858346498157,60.0,Other,269
Women's wear,284.0,677.0,3.9,58.050221565731164,84.0,Other,490
Women's wear,289.0,599.0,4.1,51.75292153589316,89.0,Other,199
Women's wear,289.0,599.0,4.1,51.75292153589316,89.0,Other,224
Women's wear,376.0,1199.0,4.0,68.64053377814847,76.0,Other,300
Women's wear,206.0,1599.0,3.9,87.11694809255785,6.0,Other,497
Women's wear,240.0,430.0,3.9,44.18604651162791,40.0,Other,367
Women's wear,379.0,,4.8,,79.0,Other,58
Women's wear,290.0,998.0,4.1,70.94188376753507,90.0,Other,100
Women's wear,377.0,1049.0,4.0,64.06101048617731,77.0,Other,297
Women's wear,540.0,1020.0,4.2,47.05882352941176,40.0,Other,112
Women's wear,399.0,,4.2,,99.0,Charm,346
Women's wear,499.0,1499.0,4.3,66.711140760507,99.0,Charm,495
Women's wear,377.0,1299.0,4.1,70.97767513471901,77.0,Other,128
Women's wear,237.0,1132.0,3.8,79.06360424028269,37.0,Other,67
Women's wear,377.0,599.0,4.0,37.061769616026716,77.0,Other,407
Women's wear,318.0,999.0,4.0,68.16816816816817,18.0,Other,391
Women's wear,349.0,499.0,3.8,30.060120240480963,49.0,Other,113
Women's wear,499.0,1799.0,4.1,72.26236798221234,99.0,Charm,254
Women's wear,390.0,975.0,3.9,60.0,90.0,Other,461
Women's wear,249.0,627.0,3.7,60.28708133971292,49.0,Other,89
Women's wear,280.0,599.0,4.1,53.255425709515855,80.0,Other,198
Women's wear,210.0,400.0,3.9,47.5,10.0,Other,76
Women's wear,399.0,999.0,4.3,60.06006006006006,99.0,Charm,156
Women's wear,237.0,1132.0,3.8,79.06360424028269,37.0,Other,94
Women's wear,376.0,1299.0,4.1,71.05465742879137,76.0,Other,308
Women's wear,279.0,900.0,3.9,69.0,79.0,Other,313
Women's wear,354.0,,3.8,,54.0,Other,469
Women's wear,282.0,899.0,3.9,68.63181312569522,82.0,Other,248
Women's wear,274.0,1299.0,3.9,78.90685142417244,74.0,Other,53
Women's wear,289.0,599.0,4.1,51.75292153589316,89.0,Other,488
Women's wear,379.0,,4.8,,79.0,Other,173
Women's wear,315.0,599.0,4.0,47.412353923205345,15.0,Other,431
Women's wear,290.0,1199.0,4.0,75.81317764804002,90.0,Other,114
Women's wear,255.0,1500.0,4.0,83.0,55.0,Other,132
Women's wear,176.0,450.0,3.5,60.88888888888889,76.0,Other,289
Women's wear,204.0,799.0,4.1,74.46808510638297,4.0,Other,414
Women's wear,689.0,,3.3,,89.0,Other,391
Women's wear,194.0,899.0,3.7,78.42046718576195,94.0,Other,180
Women's wear,270.0,349.0,4.0,22.636103151862464,70.0,Other,50
Women's wear,299.0,534.0,3.9,44.00749063670412,99.0,Charm,273
Women's wear,299.0,599.0,4.1,50.08347245409015,99.0,Charm,382
Women's wear,261.0,499.0,4.1,47.69539078156313,61.0,Other,436
Women's wear,811.0,1351.0,4.5,39.97039230199852,11.0,Other,146
Women's wear,194.0,550.0,4.0,64.72727272727272,94.0,Other,400
Women's wear,238.0,799.0,3.8,70.2127659574468,38.0,Other,331
Women's wear,233.0,999.0,3.9,76.67667667667668,33.0,Other,220
Women's wear,259.0,459.0,4.3,43.57298474945534,59.0,Other,420
Women's wear,259.0,405.0,4.2,36.04938271604938,59.0,Other,294
Women's wear,489.0,999.0,4.3,51.051051051051054,89.0,Other,481
Women's wear,336.0,520.0,4.1,35.38461538461539,36.0,Other,202
Women's wear,389.0,712.0,3.9,45.36516853932584,89.0,Other,284
Women's wear,199.0,330.0,3.8,39.696969696969695,99.0,Charm,374
Women's wear,299.0,540.0,4.1,44.62962962962963,99.0,Charm,285
Women's wear,201.0,750.0,3.2,73.2,1.0,Other,85
Women's wear,269.0,438.0,4.3,38.58447488584475,69.0,Other,408
Women's wear,499.0,1299.0,4.1,61.585835257890686,99.0,Charm,417
Women's wear,168.0,699.0,4.0,75.9656652360515,68.0,Other,266
Women's wear,195.0,799.0,3.9,75.59449311639548,95.0,Other,447
Women's wear,639.0,,3.5,,39.0,Other,316
Women's wear,290.0,399.0,4.1,27.31829573934837,90.0,Other,284
Women's wear,225.0,250.0,4.0,10.0,25.0,Other,399
Women's wear,234.0,999.0,4.1,76.57657657657657,34.0,Other,162
Women's wear,299.0,599.0,4.1,50.08347245409015,99.0,Charm,411
Women's wear,211.0,799.0,3.9,73.59198998748435,11.0,Other,301
Women's wear,242.0,402.0,4.1,39.800995024875625,42.0,Other,223
Women's wear,389.0,439.0,4.2,11.389521640091116,89.0,Other,117
Women's wear,495.0,799.0,4.2,38.04755944931164,95.0,Other,309
Women's wear,251.0,999.0,3.9,74.87487487487488,51.0,Other,359
Women's wear,349.0,495.0,3.5,29.494949494949495,49.0,Other,417
Women's wear,235.0,499.0,4.1,52.90581162324649,35.0,Other,106
Women's wear,424.0,700.0,4.5,39.42857142857143,24.0,Other,194
Women's wear,298.0,465.0,3.8,35.913978494623656,98.0,Other,106
Women's wear,205.0,799.0,3.9,74.34292866082603,5.0,Other,406
Women's wear,364.0,520.0,4.1,30.0,64.0,Other,386
Women's wear,269.0,465.0,4.3,42.1505376344086,69.0,Other,374
Women's wear,204.0,599.0,4.1,65.9432387312187,4.0,Other,312
Women's wear,599.0,999.0,,40.04004004004004,99.0,Charm,264
Women's wear,299.0,1699.0,3.8,82.4014125956445,99.0,Charm,274
Women's wear,399.0,1299.0,3.8,69.28406466512702,99.0,Charm,127
Women's wear,480.0,999.0,3.9,51.95195195195195,80.0,Other,146
Women's wear,284.0,1144.0,3.8,75.17482517482517,84.0,Other,325
Women's wear,224.0,1199.0,3.9,81.31776480400333,24.0,Other,218
Women's wear,499.0,999.0,4.0,50.050050050050054,99.0,Charm,224
Women's wear,249.0,1049.0,3.9,76.26310772163966,49.0,Other,366
Women's wear,399.0,1299.0,3.8,69.28406466512702,99.0,Charm,82
Women's wear,299.0,1699.0,3.8,82.4014125956445,99.0,Charm,164
Women's wear,224.0,999.0,3.6,77.57757757757757,24.0,Other,212
Women's wear,359.0,1299.0,3.9,72.36335642802155,59.0,Other,379
Women's wear,210.0,999.0,3.7,78.97897897897897,10.0,Other,493
Women's wear,299.0,999.0,3.9,70.07007007007007,99.0,Charm,134
Women's wear,237.0,777.0,3.9,69.4980694980695,37.0,Other,164
Women's wear,399.0,1199.0,3.9,66.72226855713093,99.0,Charm,306
Women's wear,299.0,1399.0,3.7,78.62759113652609,99.0,Charm,54
Women's wear,377.0,1299.0,4.1,70.97767513471901,77.0,Other,349
Women's wear,995.0,1498.0,,33.5781041388518,95.0,Other,261
Women's wear,285.0,2499.0,3.9,88.5954381752701,85.0,Other,149
Women's wear,257.0,777.0,3.9,66.92406692406692,57.0,Other,458
Women's wear,280.0,1199.0,4.1,76.64720600500416,80.0,Other,303
Women's wear,995.0,1498.0,,33.5781041388518,95.0,Other,229
Women's wear,399.0,996.0,3.9,59.93975903614458,99.0,Charm,263
Women's wear,255.0,999.0,3.9,74.47447447447448,55.0,Other,496
Women's wear,179.0,499.0,4.0,64.12825651302605,79.0,Other,382
Women's wear,489.0,1497.0,4.5,67.33466933867736,89.0,Other,191
Women's wear,468.0,1197.0,4.0,60.902255639097746,68.0,Other,281
Women's wear,349.0,699.0,4.2,50.07153075822603,49.0,Other,71
Women's wear,319.0,999.0,3.9,68.06806806806807,19.0,Other,471
Women's wear,629.0,1499.0,,58.0386924616411,29.0,Other,358
Women's wear,299.0,599.0,4.4,50.08347245409015,99.0,Charm,327
Women's wear,259.0,777.0,3.9,66.66666666666666,59.0,Other,114
Women's wear,294.0,799.0,4.0,63.20400500625782,94.0,Other,394
Women's wear,414.0,900.0,4.1,54.0,14.0,Other,384
Women's wear,399.0,2399.0,3.9,83.36807002917882,99.0,Charm,334
Women's wear,429.0,1599.0,3.9,73.17073170731707,29.0,Other,393
Women's wear,399.0,1299.0,3.8,69.28406466512702,99.0,Charm,282
Women's wear,471.0,1299.0,4.1,63.74133949191686,71.0,Other,149
Women's wear,249.0,699.0,3.8,64.37768240343348,49.0,Other,123
Women's wear,379.0,999.0,4.0,62.06206206206206,79.0,Other,337
Women's wear,499.0,999.0,4.1,50.050050050050054,99.0,Charm,427
Women's wear,299.0,1199.0,4.0,75.0625521267723,99.0,Charm,322
Women's wear,398.0,999.0,4.0,60.16016016016016,98.0,Other,246
Women's wear,299.0,999.0,4.0,70.07007007007007,99.0,Charm,130
Women's wear,398.0,999.0,4.0,60.16016016016016,98.0,Other,455
Women's wear,422.0,999.0,3.9,57.75775775775776,22.0,Other,428
Women's wear,398.0,999.0,4.0,60.16016016016016,98.0,Other,337
Women's wear,359.0,699.0,4.0,48.640915593705294,59.0,Other,233
Women's wear,398.0,999.0,4.0,60.16016016016016,98.0,Other,159
Women's wear,379.0,999.0,4.0,62.06206206206206,79.0,Other,234
Women's wear,299.0,999.0,4.0,70.07007007007007,99.0,Charm,180
Women's wear,359.0,699.0,4.1,48.640915593705294,59.0,Other,404
Women's wear,399.0,1999.0,3.8,80.040020010005,99.0,Charm,260
Women's wear,379.0,999.0,4.0,62.06206206206206,79.0,Other,164
Women's wear,299.0,999.0,4.0,70.07007007007007,99.0,Charm,341
Women's wear,870.0,1849.0,4.2,52.94753921038399,70.0,Other,444
Women's wear,479.0,1899.0,4.0,74.77619799894681,79.0,Other,397
Women's wear,299.0,999.0,3.8,70.07007007007007,99.0,Charm,169
Women's wear,299.0,1499.0,3.9,80.0533689126084,99.0,Charm,263
Women's wear,429.0,2330.0,3.8,81.58798283261802,29.0,Other,280
Women's wear,398.0,999.0,4.0,60.16016016016016,98.0,Other,310
Women's wear,719.0,1899.0,4.0,62.13796735123749,19.0,Other,335
Women's wear,194.0,399.0,3.7,51.37844611528822,94.0,Other,153
Women's wear,398.0,999.0,3.9,60.16016016016016,98.0,Other,447
Women's wear,359.0,699.0,4.0,48.640915593705294,59.0,Other,343
Women's wear,719.0,1899.0,4.1,62.13796735123749,19.0,Other,233
Women's wear,398.0,999.0,4.0,60.16016016016016,98.0,Other,425
Women's wear,349.0,1250.0,3.9,72.08,49.0,Other,227
Women's wear,474.0,1699.0,4.1,72.10123602118892,74.0,Other,278
Women's wear,395.0,999.0,4.1,60.46046046046046,95.0,Other,109
Women's wear,398.0,999.0,4.0,60.16016016016016,98.0,Other,477
Women's wear,398.0,999.0,4.1,60.16016016016016,98.0,Other,353
Women's wear,399.0,999.0,3.9,60.06006006006006,99.0,Charm,316
Women's wear,299.0,999.0,4.2,70.07007007007007,99.0,Charm,404
Women's wear,299.0,599.0,3.8,50.08347245409015,99.0,Charm,181
Women's wear,479.0,1899.0,4.0,74.77619799894681,79.0,Other,482
Women's wear,449.0,999.0,3.8,55.05505505505506,49.0,Other,428
Women's wear,358.0,999.0,4.0,64.16416416416416,58.0,Other,165
Women's wear,419.0,799.0,4.1,47.559449311639554,19.0,Other,458
Women's wear,1499.0,,3.8,,99.0,Charm,166
Women's wear,269.0,699.0,3.8,61.51645207439199,69.0,Other,74
Women's wear,387.0,799.0,3.9,51.56445556946183,87.0,Other,112
Women's wear,199.0,599.0,3.7,66.7779632721202,99.0,Charm,250
Women's wear,311.0,999.0,4.2,68.86886886886887,11.0,Other,354
Women's wear,177.0,679.0,3.4,73.93225331369662,77.0,Other,179
Women's wear,195.0,1399.0,3.9,86.0614724803431,95.0,Other,385
Women's wear,189.0,349.0,3.2,45.845272206303726,89.0,Other,163
Women's wear,230.0,679.0,3.7,66.12665684830633,30.0,Other,238
Women's wear,189.0,699.0,3.6,72.96137339055794,89.0,Other,245
Women's wear,660.0,,3.7,,60.0,Other,83
Women's wear,259.0,699.0,3.7,62.94706723891274,59.0,Other,118
Women's wear,249.0,859.0,3.7,71.0128055878929,49.0,Other,449
Women's wear,179.0,499.0,3.5,64.12825651302605,79.0,Other,424
Women's wear,1500.0,,3.8,,0.0,Round,258
Women's wear,359.0,1230.0,3.8,70.8130081300813,59.0,Other,262
Women's wear,326.0,999.0,4.3,67.36736736736736,26.0,Other,95
Women's wear,245.0,699.0,3.5,64.94992846924177,45.0,Other,162
Women's wear,248.0,499.0,3.3,50.300601202404806,48.0,Other,458
Women's wear,216.0,1199.0,3.6,81.98498748957465,16.0,Other,453
Women's wear,219.0,599.0,3.5,63.43906510851419,19.0,Other,121
Women's wear,188.0,499.0,3.5,62.32464929859719,88.0,Other,321
Women's wear,1349.0,,3.5,,49.0,Other,50
Women's wear,299.0,1499.0,3.2,80.0533689126084,99.0,Charm,353
Women's wear,299.0,679.0,3.7,55.96465390279823,99.0,Charm,424
Women's wear,214.0,499.0,3.4,57.11422845691383,14.0,Other,478
Women's wear,249.0,1200.0,4.8,79.25,49.0,Other,356
Women's wear,481.0,1199.0,3.8,59.883236030025024,81.0,Other,128
Women's wear,179.0,1749.0,3.4,89.76558033161807,79.0,Other,417
Women's wear,359.0,1230.0,3.8,70.8130081300813,59.0,Other,287
Women's wear,410.0,599.0,3.3,31.552587646076795,10.0,Other,156
Women's wear,335.0,999.0,4.2,66.46646646646647,35.0,Other,208
Women's wear,335.0,999.0,4.2,66.46646646646647,35.0,Other,411
Women's wear,199.0,599.0,3.7,66.7779632721202,99.0,Charm,261
Women's wear,219.0,599.0,3.4,63.43906510851419,19.0,Other,411
Women's wear,229.0,999.0,3.7,77.07707707707708,29.0,Other,97
Women's wear,332.0,1230.0,3.8,73.00813008130082,32.0,Other,435
Women's wear,332.0,1230.0,3.8,73.00813008130082,32.0,Other,172
Women's wear,249.0,1200.0,4.8,79.25,49.0,Other,141
Women's wear,272.0,300.0,3.6,9.333333333333334,72.0,Other,112
Women's wear,272.0,300.0,3.6,9.333333333333334,72.0,Other,289
Women's wear,149.0,399.0,3.9,62.65664160401002,49.0,Other,449
Women's wear,296.0,999.0,4.0,70.37037037037037,96.0,Other,385
Women's wear,248.0,310.0,4.1,20.0,48.0,Other,308
Women's wear,237.0,499.0,4.1,52.505010020040075,37.0,Other,429
Women's wear,149.0,359.0,3.8,58.495821727019504,49.0,Other,451
Women's wear,272.0,300.0,3.6,9.333333333333334,72.0,Other,416
Women's wear,299.0,,4.3,,99.0,Charm,283
Women's wear,149.0,309.0,3.8,51.7799352750809,49.0,Other,349
Women's wear,229.0,618.0,3.6,62.944983818770226,29.0,Other,123
Women's wear,272.0,300.0,3.6,9.333333333333334,72.0,Other,152
Women's wear,399.0,899.0,4.0,55.61735261401557,99.0,Charm,368
Women's wear,197.0,599.0,4.1,67.1118530884808,97.0,Other,281
Women's wear,270.0,999.0,3.8,72.97297297297297,70.0,Other,83
Women's wear,299.0,499.0,4.0,40.08016032064128,99.0,Charm,414
Women's wear,279.0,998.0,4.2,72.0440881763527,79.0,Other,378
Women's wear,417.0,555.0,4.2,24.864864864864867,17.0,Other,160
Women's wear,589.0,1050.0,4.2,43.904761904761905,89.0,Other,401
Women's wear,340.0,599.0,3.9,43.23873121869783,40.0,Other,381
Women's wear,328.0,465.0,4.2,29.462365591397848,28.0,Other,292
Women's wear,149.0,359.0,3.8,58.495821727019504,49.0,Other,452
Women's wear,372.0,998.0,4.1,62.725450901803605,72.0,Other,324
Women's wear,349.0,795.0,4.1,56.10062893081761,49.0,Other,452
Women's wear,143.0,999.0,4.0,85.68568568568568,43.0,Other,402
Women's wear,589.0,1299.0,4.3,54.65742879137798,89.0,Other,58
Women's wear,199.0,499.0,4.1,60.120240480961925,99.0,Charm,254
Women's wear,606.0,898.0,4.2,32.516703786191535,6.0,Other,161
Women's wear,305.0,999.0,4.0,69.46946946946947,5.0,Other,281
Women's wear,489.0,499.0,4.0,2.004008016032064,89.0,Other,387
Women's wear,255.0,320.0,4.1,20.3125,55.0,Other,169
Women's wear,289.0,999.0,4.5,71.07107107107107,89.0,Other,334
Women's wear,500.0,550.0,4.1,9.090909090909092,0.0,Round,223
Women's wear,218.0,599.0,3.7,63.60601001669449,18.0,Other,219
Women's wear,229.0,998.0,3.8,77.05410821643287,29.0,Other,83
Women's wear,289.0,999.0,4.5,71.07107107107107,89.0,Other,438
Women's wear,299.0,399.0,3.6,25.062656641604008,99.0,Charm,338
Women's wear,589.0,1299.0,4.3,54.65742879137798,89.0,Other,284
Women's wear,417.0,555.0,4.1,24.864864864864867,17.0,Other,249
Women's wear,289.0,999.0,4.5,71.07107107107107,89.0,Other,123
Women's wear,178.0,599.0,3.9,70.2838063439065,78.0,Other,260
Women's wear,955.0,1999.0,4.4,52.22611305652827,55.0,Other,201
Women's wear,775.0,950.0,3.7,18.421052631578945,75.0,Other,238
Women's wear,615.0,1699.0,4.3,63.80223660977046,15.0,Other,321
Women's wear,199.0,999.0,3.7,80.08008008008008,99.0,Charm,116
Women's wear,739.0,799.0,4.0,7.509386733416772,39.0,Other,123
Women's wear,159.0,999.0,3.4,84.08408408408408,59.0,Other,452
Women's wear,502.0,1290.0,4.8,61.08527131782946,2.0,Other,468
Women's wear,350.0,1079.0,3.8,67.56255792400371,50.0,Other,490
Women's wear,539.0,999.0,4.0,46.046046046046044,39.0,Other,406
Women's wear,494.0,1999.0,3.3,75.28764382191096,94.0,Other,259
Women's wear,233.0,999.0,3.7,76.67667667667668,33.0,Other,293
Women's wear,199.0,999.0,3.7,80.08008008008008,99.0,Charm,275
Women's wear,112.0,499.0,4.1,77.55511022044088,12.0,Other,335
Women's wear,177.0,999.0,3.8,82.28228228228228,77.0,Other,77
Women's wear,189.0,999.0,4.4,81.08108108108108,89.0,Other,187
Women's wear,959.0,1999.0,4.2,52.02601300650325,59.0,Other,142
Women's wear,249.0,999.0,4.4,75.07507507507508,49.0,Other,61
Women's wear,187.0,599.0,3.9,68.78130217028381,87.0,Other,367
Women's wear,274.0,995.0,4.0,72.46231155778895,74.0,Other,302
Women's wear,449.0,1669.0,3.8,73.09766327142,49.0,Other,277
Women's wear,206.0,899.0,4.0,77.0856507230256,6.0,Other,367
Women's wear,539.0,1799.0,4.4,70.03891050583657,39.0,Other,437
Women's wear,249.0,999.0,3.6,75.07507507507508,49.0,Other,333
Women's wear,269.0,999.0,4.5,73.07307307307308,69.0,Other,121
Women's wear,838.0,1390.0,3.9,39.71223021582734,38.0,Other,222
Women's wear,161.0,499.0,3.3,67.73547094188376,61.0,Other,379
Women's wear,259.0,999.0,3.7,74.07407407407408,59.0,Other,448
Women's wear,499.0,899.0,3.7,44.493882091212456,99.0,Charm,103
Women's wear,949.0,1499.0,4.3,36.69112741827885,49.0,Other,245
Women's wear,359.0,1299.0,4.3,72.36335642802155,59.0,Other,434
Women's wear,881.0,1999.0,4.1,55.92796398199099,81.0,Other,78
Women's wear,229.0,799.0,3.9,71.33917396745932,29.0,Other,132
Women's wear,251.0,999.0,3.9,74.87487487487488,51.0,Other,409
Women's wear,647.0,1399.0,3.9,53.75268048606148,47.0,Other,148
Women's wear,224.0,699.0,3.7,67.95422031473534,24.0,Other,144
Women's wear,527.0,1299.0,3.9,59.43033102386451,27.0,Other,182
Women's wear,193.0,995.0,2.2,80.60301507537689,93.0,Other,292
Women's wear,664.0,1899.0,4.4,65.03422854133754,64.0,Other,325
Women's wear,299.0,999.0,3.6,70.07007007007007,99.0,Charm,401
Women's wear,399.0,1999.0,4.9,80.040020010005,99.0,Charm,309
Women's wear,494.0,2499.0,4.9,80.23209283713484,94.0,Other,479
Women's wear,349.0,2330.0,4.1,85.02145922746782,49.0,Other,318
Women's wear,424.0,2099.0,4.2,79.79990471653167,24.0,Other,223
Women's wear,349.0,2330.0,4.1,85.02145922746782,49.0,Other,250
Women's wear,379.0,1999.0,4.3,81.04052026013007,79.0,Other,467
Women's wear,499.0,2599.0,4.1,80.80030781069642,99.0,Charm,362
Women's wear,399.0,1999.0,4.9,80.040020010005,99.0,Charm,438
Women's wear,424.0,2099.0,4.2,79.79990471653167,24.0,Other,421
Women's wear,259.0,1599.0,4.1,83.80237648530331,59.0,Other,277
Women's wear,359.0,2199.0,4.2,83.67439745338791,59.0,Other,461
Women's wear,494.0,1999.0,4.9,75.28764382191096,94.0,Other,79
Women's wear,944.0,2699.0,4.3,65.02408299370137,44.0,Other,89
Women's wear,781.0,2499.0,4.2,68.74749899959984,81.0,Other,77
Women's wear,429.0,2330.0,4.3,81.58798283261802,29.0,Other,243
Women's wear,649.0,2499.0,4.9,74.0296118447379,49.0,Other,221
Women's wear,687.0,2499.0,4.3,72.50900360144058,87.0,Other,409
Women's wear,429.0,1997.0,4.2,78.5177766649975,29.0,Other,253
Women's wear,429.0,1997.0,4.2,78.5177766649975,29.0,Other,213
Women's wear,649.0,1999.0,4.9,67.53376688344173,49.0,Other,109
Women's wear,349.0,2330.0,4.1,85.02145922746782,49.0,Other,267
Women's wear,259.0,1599.0,4.1,83.80237648530331,59.0,Other,123
Women's wear,349.0,2330.0,4.1,85.02145922746782,49.0,Other,424
Women's wear,399.0,1999.0,4.9,80.040020010005,99.0,Charm,433
Women's wear,499.0,2599.0,4.1,80.80030781069642,99.0,Charm,312
Women's wear,379.0,1999.0,4.0,81.04052026013007,79.0,Other,61
Women's wear,599.0,2830.0,4.1,78.8339222614841,99.0,Charm,492
Women's wear,649.0,1999.0,4.9,67.53376688344173,49.0,Other,62
Women's wear,359.0,2199.0,4.2,83.67439745338791,59.0,Other,347
Women's wear,499.0,2099.0,4.3,76.22677465459743,99.0,Charm,453
Women's wear,259.0,1599.0,4.1,83.80237648530331,59.0,Other,106
Women's wear,649.0,1999.0,4.9,67.53376688344173,49.0,Other,167
Women's wear,349.0,2330.0,4.1,85.02145922746782,49.0,Other,450
Women's wear,349.0,2330.0,4.1,85.02145922746782,49.0,Other,464
Women's wear,499.0,1699.0,4.1,70.62978222483814,99.0,Charm,265
Women's wear,649.0,2499.0,4.9,74.0296118447379,49.0,Other,444
Women's wear,499.0,2599.0,4.1,80.80030781069642,99.0,Charm,235
Women's wear,499.0,1899.0,4.0,73.72301211163771,99.0,Charm,98
Women's wear,599.0,2663.0,4.1,77.50657153586181,99.0,Charm,211
Women's wear,494.0,1999.0,4.9,75.28764382191096,94.0,Other,269
Women's wear,699.0,1999.0,3.7,65.03251625812906,99.0,Charm,302
Women's wear,699.0,1999.0,3.7,65.03251625812906,99.0,Charm,425
Women's wear,896.0,2499.0,4.4,64.14565826330532,96.0,Other,363
Women's wear,599.0,1400.0,4.0,57.214285714285715,99.0,Charm,318
Women's wear,443.0,1199.0,4.1,63.05254378648875,43.0,Other,402
Women's wear,499.0,998.0,4.0,50.0,99.0,Charm,205
Women's wear,379.0,799.0,3.8,52.56570713391739,79.0,Other,325
Women's wear,699.0,1999.0,3.7,65.03251625812906,99.0,Charm,411
Women's wear,896.0,2499.0,4.4,64.14565826330532,96.0,Other,356
Women's wear,476.0,1149.0,4.2,58.572671888598784,76.0,Other,273
Women's wear,430.0,1149.0,4.0,62.576153176675376,30.0,Other,286
Women's wear,499.0,1999.0,4.2,75.03751875937968,99.0,Charm,134
Women's wear,899.0,2100.0,3.9,57.19047619047619,99.0,Charm,206
Women's wear,1399.0,3999.0,4.2,65.01625406351587,99.0,Charm,274
Women's wear,615.0,2199.0,4.1,72.03274215552524,15.0,Other,357
Women's wear,499.0,1999.0,4.2,75.03751875937968,99.0,Charm,418
Women's wear,899.0,2100.0,3.9,57.19047619047619,99.0,Charm,349
Women's wear,496.0,999.0,4.0,50.35035035035035,96.0,Other,288
Women's wear,542.0,1849.0,4.2,70.68685776095187,42.0,Other,363
Women's wear,629.0,1049.0,4.1,40.038131553860815,29.0,Other,181
Women's wear,499.0,999.0,3.7,50.050050050050054,99.0,Charm,487
Women's wear,339.0,799.0,3.9,57.571964956195245,39.0,Other,160
Women's wear,499.0,999.0,3.7,50.050050050050054,99.0,Charm,378
Women's wear,699.0,1999.0,3.7,65.03251625812906,99.0,Charm,390
Women's wear,627.0,2099.0,4.4,70.12863268222964,27.0,Other,286
Women's wear,599.0,1400.0,4.0,57.214285714285715,99.0,Charm,345
Women's wear,431.0,1299.0,4.1,66.82063125481139,31.0,Other,237
Women's wear,299.0,1299.0,3.9,76.98229407236336,99.0,Charm,444
Women's wear,1184.0,3299.0,4.4,64.11033646559562,84.0,Other,171
Women's wear,499.0,999.0,3.7,50.050050050050054,99.0,Charm,289
Women's wear,722.0,1499.0,3.7,51.834556370913944,22.0,Other,69
Women's wear,471.0,999.0,4.3,52.85285285285285,71.0,Other,307
Women's wear,817.0,1899.0,4.1,56.97735650342285,17.0,Other,233
Women's wear,434.0,1049.0,4.1,58.627264061010486,34.0,Other,123
Women's wear,379.0,1499.0,4.4,74.71647765176785,79.0,Other,110
Women's wear,699.0,1999.0,3.7,65.03251625812906,99.0,Charm,394
Women's wear,431.0,1299.0,4.1,66.82063125481139,31.0,Other,143
Women's wear,449.0,1499.0,3.9,70.04669779853235,49.0,Other,364
Women's wear,490.0,999.0,3.8,50.95095095095095,90.0,Other,306
Women's wear,369.0,1499.0,3.9,75.38358905937291,69.0,Other,251
Women's wear,3999.0,7999.0,3.9,50.006250781347674,99.0,Charm,236
Women's wear,1679.0,4299.0,3.9,60.944405675738544,79.0,Other,164
Women's wear,369.0,1499.0,4.0,75.38358905937291,69.0,Other,139
Women's wear,294.0,1549.0,4.1,81.02001291155584,94.0,Other,354
Women's wear,400.0,445.0,4.1,10.112359550561797,0.0,Round,395
Women's wear,599.0,1999.0,4.2,70.03501750875438,99.0,Charm,119
Women's wear,449.0,1999.0,4.0,77.53876938469234,49.0,Other,136
Women's wear,1283.0,2999.0,4.5,57.21907302434145,83.0,Other,242
Women's wear,919.0,2299.0,4.2,60.02609830361026,19.0,Other,350
Women's wear,919.0,2299.0,4.2,60.02609830361026,19.0,Other,325
Women's wear,381.0,473.0,4.2,19.45031712473573,81.0,Other,213
Women's wear,2249.0,4999.0,4.2,55.01100220044008,49.0,Other,119
Women's wear,804.0,2299.0,4.1,65.02827316224446,4.0,Other,361
Women's wear,999.0,2499.0,4.2,60.024009603841534,99.0,Charm,124
Women's wear,919.0,2299.0,4.3,60.02609830361026,19.0,Other,55
Women's wear,999.0,1999.0,4.2,50.025012506253134,99.0,Charm,345
Women's wear,999.0,2599.0,4.1,61.562139284340134,99.0,Charm,373
Women's wear,919.0,2299.0,4.2,60.02609830361026,19.0,Other,99
Women's wear,919.0,2299.0,4.2,60.02609830361026,19.0,Other,287
Women's wear,372.0,572.0,4.4,34.96503496503497,72.0,Other,55
Women's wear,919.0,2299.0,4.2,60.02609830361026,19.0,Other,273
Women's wear,369.0,1499.0,4.0,75.38358905937291,69.0,Other,107
Women's wear,919.0,2299.0,4.3,60.02609830361026,19.0,Other,354
Women's wear,919.0,2299.0,4.3,60.02609830361026,19.0,Other,68
Women's wear,649.0,1799.0,4.4,63.92440244580322,49.0,Other,351
Women's wear,599.0,2999.0,3.9,80.02667555851951,99.0,Charm,395
Women's wear,449.0,1499.0,4.2,70.04669779853235,49.0,Other,479
Women's wear,899.0,2999.0,3.7,70.02334111370457,99.0,Charm,110
Women's wear,599.0,1999.0,4.2,70.03501750875438,99.0,Charm,423
Women's wear,999.0,2599.0,4.1,61.562139284340134,99.0,Charm,494
Women's wear,949.0,2499.0,4.3,62.02480992396959,49.0,Other,367
Women's wear,919.0,2299.0,4.6,60.02609830361026,19.0,Other,386
Women's wear,349.0,1499.0,4.0,76.71781187458305,49.0,Other,161
Women's wear,599.0,1999.0,4.2,70.03501750875438,99.0,Charm,464
Women's wear,349.0,1999.0,4.1,82.54127063531766,49.0,Other,57
Women's wear,899.0,2999.0,3.7,70.02334111370457,99.0,Charm,461
Women's wear,919.0,2299.0,4.3,60.02609830361026,19.0,Other,227
Women's wear,1049.0,2999.0,3.6,65.0216738912971,49.0,Other,74
Women's wear,649.0,1999.0,3.9,67.53376688344173,49.0,Other,360
Women's wear,439.0,1199.0,3.9,63.38615512927439,39.0,Other,479
Women's wear,399.0,1999.0,3.9,80.040020010005,99.0,Charm,68
Women's wear,999.0,4999.0,4.2,80.01600320064013,99.0,Charm,485
Women's wear,269.0,1299.0,3.6,79.29176289453426,69.0,Other,482
Women's wear,694.0,3999.0,4.2,82.64566141535384,94.0,Other,388
Women's wear,899.0,3500.0,4.4,74.31428571428572,99.0,Charm,130
Women's wear,428.0,2999.0,4.0,85.72857619206403,28.0,Other,466
Women's wear,649.0,3830.0,3.7,83.05483028720627,49.0,Other,498
Women's wear,747.0,6499.0,4.0,88.5059239883059,47.0,Other,358
Women's wear,517.0,3999.0,4.1,87.0717679419855,17.0,Other,187
Women's wear,297.0,999.0,3.1,70.27027027027027,97.0,Other,402
Women's wear,694.0,3999.0,4.2,82.64566141535384,94.0,Other,124
Women's wear,794.0,6499.0,4.0,87.78273580550854,94.0,Other,356
Women's wear,399.0,2999.0,4.0,86.69556518839613,99.0,Charm,262
Women's wear,485.0,1599.0,4.0,69.66854283927455,85.0,Other,148
Women's wear,494.0,999.0,4.2,50.550550550550554,94.0,Other,489
Women's wear,799.0,3999.0,3.5,80.02000500125031,99.0,Charm,342
Women's wear,419.0,2999.0,4.1,86.02867622540847,19.0,Other,119
Women's wear,679.0,3663.0,3.8,81.46328146328146,79.0,Other,245
Women's wear,186.0,999.0,3.8,81.38138138138137,86.0,Other,447
Women's wear,699.0,3709.0,4.1,81.15394985171204,99.0,Charm,326
Women's wear,319.0,1599.0,4.0,80.05003126954347,19.0,Other,357
Women's wear,1099.0,5997.0,3.8,81.6741704185426,99.0,Charm,135
Women's wear,599.0,4499.0,4.0,86.6859302067126,99.0,Charm,91
Women's wear,499.0,1849.0,4.1,73.0124391563007,99.0,Charm,276
Women's wear,685.0,3999.0,4.2,82.87071767941985,85.0,Other,485
Women's wear,679.0,3663.0,3.8,81.46328146328146,79.0,Other,73
Women's wear,289.0,1563.0,3.6,81.50991682661548,89.0,Other,311
Women's wear,699.0,3709.0,4.1,81.15394985171204,99.0,Charm,61
Women's wear,589.0,1999.0,3.5,70.53526763381691,89.0,Other,186
Women's wear,569.0,4499.0,4.2,87.35274505445655,69.0,Other,311
Women's wear,573.0,2849.0,4.0,79.88767988767988,73.0,Other,427
Women's wear,309.0,1663.0,3.6,81.4191220685508,9.0,Other,238
Women's wear,499.0,1699.0,3.7,70.62978222483814,99.0,Charm,121
Women's wear,685.0,3999.0,4.2,82.87071767941985,85.0,Other,239
Women's wear,269.0,1299.0,3.6,79.29176289453426,69.0,Other,163
Women's wear,799.0,3999.0,3.5,80.02000500125031,99.0,Charm,375
Women's wear,679.0,3663.0,3.8,81.46328146328146,79.0,Other,451
Women's wear,499.0,3999.0,3.9,87.52188047011754,99.0,Charm,244
Women's wear,579.0,4499.0,4.2,87.1304734385419,79.0,Other,415
Women's wear,439.0,3000.0,4.0,85.36666666666667,39.0,Other,228
Women's wear,649.0,1499.0,4.1,56.70446964643096,49.0,Other,125
Women's wear,664.0,1499.0,3.8,55.70380253502335,64.0,Other,347
Women's wear,323.0,1699.0,4.2,80.98881695114774,23.0,Other,311
Women's wear,499.0,2396.0,4.3,79.17362270450752,99.0,Charm,398
Women's wear,429.0,2999.0,4.2,85.69523174391463,29.0,Other,439
Women's wear,299.0,999.0,3.8,70.07007007007007,99.0,Charm,361
Women's wear,279.0,1499.0,4.0,81.38759172781855,79.0,Other,176
Women's wear,539.0,1299.0,3.7,58.50654349499615,39.0,Other,181
Women's wear,399.0,2999.0,4.1,86.69556518839613,99.0,Charm,472
Women's wear,498.0,2499.0,4.4,80.0720288115246,98.0,Other,338
Women's wear,319.0,2499.0,4.1,87.23489395758304,19.0,Other,346
Women's wear,415.0,1699.0,4.0,75.57386698057681,15.0,Other,159
Women's wear,649.0,5999.0,3.7,89.1815302550425,49.0,Other,379
Women's wear,319.0,1999.0,4.1,84.04202101050525,19.0,Other,215
Women's wear,499.0,899.0,3.9,44.493882091212456,99.0,Charm,372
Women's wear,470.0,999.0,4.0,52.95295295295295,70.0,Other,338
Women's wear,425.0,2999.0,4.0,85.82860953651218,25.0,Other,192
Women's wear,449.0,1999.0,4.0,77.53876938469234,49.0,Other,465
Women's wear,189.0,1299.0,3.8,85.45034642032333,89.0,Other,347
Women's wear,481.0,999.0,4.0,51.85185185185185,81.0,Other,435
Women's wear,299.0,699.0,4.1,57.224606580829764,99.0,Charm,455
Women's wear,488.0,1299.0,4.0,62.43264049268669,88.0,Other,285
Women's wear,429.0,1879.0,4.1,77.16870675891431,29.0,Other,116
Women's wear,499.0,1999.0,4.2,75.03751875937968,99.0,Charm,253
Women's wear,429.0,1879.0,4.1,77.16870675891431,29.0,Other,251
Women's wear,669.0,2199.0,4.3,69.57708049113234,69.0,Other,282
Women's wear,369.0,1499.0,4.1,75.38358905937291,69.0,Other,326
Women's wear,623.0,2549.0,4.2,75.5590427618674,23.0,Other,126
Women's wear,389.0,999.0,3.9,61.06106106106106,89.0,Other,225
Women's wear,197.0,999.0,3.7,80.28028028028028,97.0,Other,176
Women's wear,349.0,1999.0,4.1,82.54127063531766,49.0,Other,321
Women's wear,305.0,799.0,4.0,61.82728410513142,5.0,Other,75
Women's wear,339.0,999.0,4.0,66.06606606606607,39.0,Other,382
Women's wear,461.0,2999.0,4.0,84.62820940313438,61.0,Other,351
Women's wear,429.0,999.0,3.9,57.05705705705706,29.0,Other,349
Women's wear,369.0,1599.0,4.1,76.92307692307693,69.0,Other,161
Women's wear,399.0,1299.0,3.9,69.28406466512702,99.0,Charm,177
Women's wear,359.0,1899.0,3.9,81.09531332280147,59.0,Other,184
Women's wear,469.0,1899.0,4.1,75.30279094260138,69.0,Other,159
Women's wear,367.0,1599.0,4.1,77.04815509693559,67.0,Other,331
Women's wear,299.0,1249.0,3.9,76.06084867894315,99.0,Charm,144
Women's wear,299.0,1199.0,3.8,75.0625521267723,99.0,Charm,292
Women's wear,312.0,1499.0,3.7,79.1861240827218,12.0,Other,222
Women's wear,299.0,999.0,3.8,70.07007007007007,99.0,Charm,364
Women's wear,319.0,1497.0,3.8,78.69071476285905,19.0,Other,240
Women's wear,399.0,2396.0,3.8,83.34724540901503,99.0,Charm,443
Women's wear,299.0,1563.0,3.7,80.87012156110045,99.0,Charm,236
Women's wear,519.0,5407.0,3.8,90.40133160717588,19.0,Other,480
Women's wear,559.0,2997.0,3.9,81.34801468134802,59.0,Other,90
Women's wear,305.0,1999.0,3.8,84.7423711855928,5.0,Other,334
Women's wear,379.0,2999.0,4.1,87.3624541513838,79.0,Other,64
Women's wear,337.0,2399.0,3.8,85.95248020008337,37.0,Other,476
Women's wear,326.0,1299.0,3.7,74.90377213240954,26.0,Other,82
Women's wear,319.0,1663.0,3.8,80.81779915814793,19.0,Other,462
Women's wear,265.0,1999.0,3.9,86.74337168584292,65.0,Other,400
Women's wear,333.0,1199.0,3.7,72.22685571309424,33.0,Other,183
Women's wear,254.0,979.0,3.6,74.05515832482125,54.0,Other,384
Women's wear,319.0,1663.0,3.9,80.81779915814793,19.0,Other,422
Women's wear,322.0,1499.0,3.9,78.51901267511674,22.0,Other,272
Women's wear,381.0,2000.0,3.7,80.95,81.0,Other,162
Women's wear,269.0,799.0,4.1,66.33291614518147,69.0,Other,353
Women's wear,299.0,999.0,3.7,70.07007007007007,99.0,Charm,86
Women's wear,367.0,2999.0,4.1,87.7625875291764,67.0,Other,186
Women's wear,299.0,1199.0,3.8,75.0625521267723,99.0,Charm,269
Women's wear,359.0,1455.0,3.7,75.32646048109966,59.0,Other,394
Women's wear,269.0,1499.0,3.8,82.05470313542361,69.0,Other,444
Women's wear,596.0,2199.0,4.1,72.89677125966348,96.0,Other,208
Women's wear,463.0,2796.0,3.9,83.44062947067239,63.0,Other,66
Women's wear,337.0,1455.0,4.2,76.8384879725086,37.0,Other,57
Women's wear,289.0,999.0,3.7,71.07107107107107,89.0,Other,473
Women's wear,319.0,1763.0,3.7,81.9058423142371,19.0,Other,461
Women's wear,329.0,999.0,4.0,67.06706706706707,29.0,Other,241
Women's wear,506.0,2997.0,3.8,83.11644978311645,6.0,Other,400
Women's wear,299.0,1199.0,3.8,75.0625521267723,99.0,Charm,228
Women's wear,269.0,1499.0,3.7,82.05470313542361,69.0,Other,118
Women's wear,389.0,1663.0,3.8,76.60853878532772,89.0,Other,360
Women's wear,559.0,3100.0,3.6,81.96774193548387,59.0,Other,163
Women's wear,337.0,1455.0,3.9,76.8384879725086,37.0,Other,454
Women's wear,299.0,1497.0,3.7,80.02672010688042,99.0,Charm,425
Women's wear,322.0,1499.0,3.7,78.51901267511674,22.0,Other,202
Women's wear,949.0,2999.0,3.8,68.3561187062354,49.0,Other,195
Women's wear,999.0,2999.0,3.8,66.68889629876625,99.0,Charm,288
Women's wear,617.0,2999.0,4.2,79.4264754918306,17.0,Other,171
Women's wear,499.0,2099.0,3.9,76.22677465459743,99.0,Charm,391
Women's wear,279.0,1599.0,3.8,82.55159474671669,79.0,Other,466
Women's wear,559.0,899.0,3.9,37.81979977753059,59.0,Other,354
Women's wear,299.0,2499.0,3.5,88.03521408563425,99.0,Charm,332
Women's wear,848.0,2999.0,3.8,71.72390796932311,48.0,Other,450
Women's wear,617.0,3699.0,4.2,83.3198161665315,17.0,Other,291
Women's wear,779.0,5859.0,4.3,86.7042157364738,79.0,Other,219
Women's wear,519.0,899.0,3.8,42.269187986651836,19.0,Other,321
Women's wear,999.0,2999.0,3.8,66.68889629876625,99.0,Charm,383
Women's wear,519.0,3099.0,3.9,83.25266214908035,19.0,Other,78
Women's wear,299.0,2499.0,3.8,88.03521408563425,99.0,Charm,459
Women's wear,687.0,5999.0,4.1,88.54809134855809,87.0,Other,94
Women's wear,999.0,2999.0,3.8,66.68889629876625,99.0,Charm,63
Women's wear,844.0,3999.0,4.1,78.89472368092024,44.0,Other,499
Women's wear,729.0,4999.0,3.9,85.41708341668334,29.0,Other,218
Women's wear,409.0,1999.0,3.9,79.53976988494247,9.0,Other,133
Women's wear,999.0,2999.0,3.8,66.68889629876625,99.0,Charm,302
Women's wear,799.0,2999.0,3.8,73.35778592864288,99.0,Charm,133
Women's wear,999.0,4748.0,3.9,78.95956192080877,99.0,Charm,275
Women's wear,329.0,2999.0,4.1,89.02967655885296,29.0,Other,283
Women's wear,999.0,2999.0,3.8,66.68889629876625,99.0,Charm,402
Women's wear,499.0,1999.0,3.6,75.03751875937968,99.0,Charm,105
Women's wear,699.0,3099.0,4.0,77.44433688286544,99.0,Charm,451
Women's wear,579.0,3099.0,3.9,81.31655372700871,79.0,Other,185
Women's wear,949.0,2999.0,3.8,68.3561187062354,49.0,Other,330
Women's wear,834.0,5999.0,4.2,86.09768294715786,34.0,Other,453
Women's wear,779.0,5555.0,3.7,85.97659765976597,79.0,Other,307
Women's wear,639.0,3099.0,3.9,79.38044530493707,39.0,Other,226
Women's wear,999.0,2999.0,3.8,66.68889629876625,99.0,Charm,484
Women's wear,299.0,2499.0,3.8,88.03521408563425,99.0,Charm,472
Women's wear,844.0,3999.0,4.1,78.89472368092024,44.0,Other,357
Women's wear,569.0,3099.0,3.9,81.63923846402065,69.0,Other,381
Women's wear,695.0,3499.0,3.7,80.13718205201486,95.0,Other,86
Women's wear,299.0,2999.0,3.8,90.03001000333445,99.0,Charm,60
Women's wear,499.0,1999.0,4.2,75.03751875937968,99.0,Charm,100
Women's wear,372.0,1899.0,3.8,80.41074249605056,72.0,Other,280
Women's wear,999.0,2999.0,3.8,66.68889629876625,99.0,Charm,416
Women's wear,355.0,999.0,4.3,64.46446446446447,55.0,Other,194
Women's wear,262.0,799.0,4.0,67.2090112640801,62.0,Other,351
Women's wear,243.0,999.0,4.1,75.67567567567568,43.0,Other,140
Women's wear,452.0,999.0,4.1,54.75475475475476,52.0,Other,92
Women's wear,234.0,999.0,4.1,76.57657657657657,34.0,Other,489
Women's wear,219.0,799.0,4.1,72.5907384230288,19.0,Other,64
Women's wear,314.0,499.0,4.2,37.07414829659319,14.0,Other,184
Women's wear,501.0,1595.0,4.0,68.58934169278997,1.0,Other,403
Women's wear,365.0,1455.0,4.1,74.91408934707904,65.0,Other,476
Women's wear,329.0,999.0,4.2,67.06706706706707,29.0,Other,338
Women's wear,219.0,799.0,4.1,72.5907384230288,19.0,Other,349
Women's wear,316.0,799.0,4.0,60.450563204005,16.0,Other,184
Women's wear,419.0,999.0,4.0,58.05805805805806,19.0,Other,340
Women's wear,289.0,1745.0,4.2,83.43839541547278,89.0,Other,318
Women's wear,243.0,999.0,4.1,75.67567567567568,43.0,Other,126
Women's wear,799.0,1999.0,,60.030015007503756,99.0,Charm,335
Women's wear,549.0,2595.0,4.5,78.84393063583815,49.0,Other,470
Women's wear,239.0,999.0,2.6,76.07607607607608,39.0,Other,483
Women's wear,429.0,1299.0,4.1,66.97459584295612,29.0,Other,454
Women's wear,549.0,1299.0,,57.736720554272516,49.0,Other,222
Women's wear,234.0,999.0,4.1,76.57657657657657,34.0,Other,257
Women's wear,367.0,2275.0,4.1,83.86813186813187,67.0,Other,162
Women's wear,199.0,1750.0,3.5,88.62857142857142,99.0,Charm,171
Women's wear,535.0,999.0,,46.44644644644645,35.0,Other,222
Women's wear,278.0,1399.0,4.0,80.12866333095067,78.0,Other,273
Women's wear,467.0,2000.0,3.9,76.64999999999999,67.0,Other,127
Women's wear,434.0,1995.0,4.1,78.24561403508771,34.0,Other,129
Women's wear,499.0,999.0,4.2,50.050050050050054,99.0,Charm,410
Women's wear,313.0,499.0,4.2,37.27454909819639,13.0,Other,280
Women's wear,467.0,2000.0,3.9,76.64999999999999,67.0,Other,181
Women's wear,299.0,699.0,3.9,57.224606580829764,99.0,Charm,334
Women's wear,416.0,1199.0,3.9,65.30442035029192,16.0,Other,347
Women's wear,255.0,699.0,3.9,63.519313304721024,55.0,Other,410
Women's wear,277.0,1399.0,3.7,80.20014295925661,77.0,Other,292
Women's wear,305.0,699.0,4.0,56.36623748211731,5.0,Other,332
Women's wear,375.0,799.0,4.0,53.066332916145186,75.0,Other,271
Women's wear,315.0,1399.0,3.7,77.48391708363116,15.0,Other,223
Women's wear,467.0,2000.0,4.1,76.64999999999999,67.0,Other,290
Women's wear,332.0,999.0,4.1,66.76676676676678,32.0,Other,126
Women's wear,469.0,1340.0,4.0,65.0,69.0,Other,180
Women's wear,695.0,2999.0,4.5,76.82560853617872,95.0,Other,117
Women's wear,450.0,2499.0,3.9,81.99279711884753,50.0,Other,284
Women's wear,636.0,3499.0,4.2,81.82337810803087,36.0,Other,397
Women's wear,636.0,3499.0,4.2,81.82337810803087,36.0,Other,269
Women's wear,469.0,1699.0,3.9,72.3955267804591,69.0,Other,167
Women's wear,679.0,3399.0,4.1,80.02353633421595,79.0,Other,232
Women's wear,999.0,2850.0,4.2,64.94736842105263,99.0,Charm,187
Women's wear,561.0,1499.0,4.1,62.57505003335557,61.0,Other,379
Women's wear,589.0,3999.0,4.2,85.27131782945736,89.0,Other,139
Women's wear,703.0,2399.0,4.2,70.69612338474364,3.0,Other,319
Women's wear,499.0,3999.0,3.7,87.52188047011754,99.0,Charm,229
Women's wear,999.0,4999.0,4.0,80.01600320064013,99.0,Charm,445
Women's wear,439.0,2500.0,4.2,82.44,39.0,Other,294
Women's wear,581.0,2999.0,4.3,80.6268756252084,81.0,Other,437
Women's wear,399.0,2999.0,4.1,86.69556518839613,99.0,Charm,267
Women's wear,999.0,3499.0,4.1,71.44898542440697,99.0,Charm,329
Women's wear,695.0,2999.0,4.7,76.82560853617872,95.0,Other,256
Women's wear,589.0,3999.0,4.2,85.27131782945736,89.0,Other,436
Women's wear,431.0,1999.0,4.2,78.4392196098049,31.0,Other,436
Women's wear,799.0,2599.0,4.2,69.25740669488265,99.0,Charm,355
Women's wear,999.0,2850.0,4.2,64.94736842105263,99.0,Charm,331
Women's wear,499.0,1999.0,4.0,75.03751875937968,99.0,Charm,469
Women's wear,749.0,4499.0,3.9,83.35185596799289,49.0,Other,85
Women's wear,1686.0,9919.0,4.7,83.0023187821353,86.0,Other,331
Women's wear,629.0,2295.0,4.0,72.5925925925926,29.0,Other,474
Women's wear,499.0,3330.0,4.3,85.01501501501501,99.0,Charm,473
Women's wear,436.0,1599.0,3.9,72.73295809881176,36.0,Other,270
Women's wear,1479.0,5579.0,4.3,73.48987273704965,79.0,Other,455
Women's wear,879.0,2999.0,4.1,70.69023007669223,79.0,Other,468
Women's wear,484.0,2499.0,4.1,80.63225290116046,84.0,Other,345
Women's wear,695.0,2999.0,4.5,76.82560853617872,95.0,Other,473
Women's wear,641.0,1999.0,4.7,67.93396698349174,41.0,Other,285
Women's wear,679.0,3399.0,4.2,80.02353633421595,79.0,Other,363
Women's wear,749.0,4499.0,3.9,83.35185596799289,49.0,Other,323
Women's wear,552.0,2299.0,4.0,75.98956067855589,52.0,Other,486
Women's wear,719.0,2999.0,4.1,76.02534178059354,19.0,Other,100
Women's wear,696.0,2999.0,4.2,76.79226408802934,96.0,Other,259
Women's wear,594.0,1999.0,3.7,70.28514257128565,94.0,Other,382
Women's wear,581.0,2999.0,4.3,80.6268756252084,81.0,Other,331
Women's wear,1162.0,5879.0,4.0,80.23473379826501,62.0,Other,403
Women's wear,999.0,2999.0,,66.68889629876625,99.0,Charm,305
Women's wear,999.0,2999.0,,66.68889629876625,99.0,Charm,393
Women's wear,439.0,3099.0,3.9,85.83414004517587,39.0,Other,188
Women's wear,439.0,3099.0,3.9,85.83414004517587,39.0,Other,342
Women's wear,499.0,2999.0,4.1,83.36112037345782,99.0,Charm,237
Women's wear,439.0,3099.0,3.9,85.83414004517587,39.0,Other,346
Women's wear,439.0,2099.0,4.1,79.08527870414484,39.0,Other,215
Women's wear,999.0,2999.0,,66.68889629876625,99.0,Charm,473
Women's wear,419.0,3099.0,3.9,86.47950951919974,19.0,Other,376
Women's wear,402.0,1199.0,4.0,66.4720600500417,2.0,Other,223
Women's wear,444.0,2599.0,4.1,82.9165063485956,44.0,Other,124
Women's wear,799.0,4999.0,3.7,84.01680336067213,99.0,Charm,89
Women's wear,439.0,3099.0,3.8,85.83414004517587,39.0,Other,429
Women's wear,484.0,1599.0,3.7,69.73108192620387,84.0,Other,154
Women's wear,484.0,1999.0,4.1,75.78789394697348,84.0,Other,497
Women's wear,849.0,1499.0,3.8,43.36224149432955,49.0,Other,292
Women's wear,405.0,1999.0,4.2,79.73986993496749,5.0,Other,391
Women's wear,482.0,1599.0,4.0,69.85616010006254,82.0,Other,433
Women's wear,462.0,1999.0,4.0,76.88844422211105,62.0,Other,73
Women's wear,857.0,1499.0,3.7,42.8285523682455,57.0,Other,341
Women's wear,461.0,2799.0,3.7,83.52983208288674,61.0,Other,469
Women's wear,338.0,1599.0,3.7,78.86178861788618,38.0,Other,111
Women's wear,429.0,3099.0,4.0,86.1568247821878,29.0,Other,51
Women's wear,539.0,1999.0,4.5,73.03651825912956,39.0,Other,349
Women's wear,439.0,2099.0,4.1,79.08527870414484,39.0,Other,162
Women's wear,338.0,1599.0,3.6,78.86178861788618,38.0,Other,324
Women's wear,899.0,1499.0,4.0,40.0266844563042,99.0,Charm,271
Women's wear,799.0,1499.0,4.2,46.6977985323549,99.0,Charm,391
Women's wear,461.0,2799.0,3.4,83.52983208288674,61.0,Other,268
Women's wear,338.0,1599.0,3.9,78.86178861788618,38.0,Other,152
Women's wear,439.0,3099.0,3.9,85.83414004517587,39.0,Other,142
Women's wear,799.0,1499.0,5.0,46.6977985323549,99.0,Charm,76
Women's wear,349.0,2999.0,3.7,88.36278759586529,49.0,Other,401
Women's wear,439.0,1699.0,4.3,74.16127133608005,39.0,Other,498
Women's wear,402.0,1599.0,4.0,74.85928705440901,2.0,Other,484
Women's wear,499.0,1299.0,,61.585835257890686,99.0,Charm,299
Women's wear,404.0,1999.0,4.1,79.78989494747374,4.0,Other,370
Women's wear,489.0,1999.0,3.7,75.53776888444223,89.0,Other,286
Women's wear,461.0,2799.0,3.6,83.52983208288674,61.0,Other,277
Women's wear,499.0,999.0,,50.050050050050054,99.0,Charm,272
Women's wear,299.0,500.0,3.6,40.2,99.0,Charm,459
Women's wear,783.0,1699.0,3.4,53.91406709829312,83.0,Other,145
Women's wear,190.0,1199.0,4.0,84.1534612176814,90.0,Other,377
Women's wear,164.0,499.0,3.9,67.13426853707415,64.0,Other,404
Women's wear,328.0,849.0,4.2,61.36631330977621,28.0,Other,217
Women's wear,239.0,999.0,3.5,76.07607607607608,39.0,Other,356
Women's wear,199.0,599.0,4.0,66.7779632721202,99.0,Charm,192
Women's wear,379.0,599.0,4.9,36.727879799666105,79.0,Other,326
Women's wear,179.0,999.0,4.2,82.08208208208208,79.0,Other,157
Women's wear,164.0,499.0,3.9,67.13426853707415,64.0,Other,155
Women's wear,179.0,999.0,4.2,82.08208208208208,79.0,Other,471
Women's wear,589.0,799.0,3.9,26.282853566958696,89.0,Other,94
Women's wear,217.0,999.0,4.0,78.27827827827828,17.0,Other,338
Women's wear,299.0,699.0,4.1,57.224606580829764,99.0,Charm,116
Women's wear,249.0,1999.0,4.3,87.54377188594297,49.0,Other,198
Women's wear,379.0,599.0,4.9,36.727879799666105,79.0,Other,385
Women's wear,158.0,499.0,3.9,68.33667334669339,58.0,Other,124
Women's wear,249.0,1999.0,4.3,87.54377188594297,49.0,Other,340
Women's wear,164.0,499.0,3.9,67.13426853707415,64.0,Other,289
Women's wear,699.0,999.0,3.9,30.03003003003003,99.0,Charm,103
Women's wear,229.0,1163.0,3.9,80.30954428202924,29.0,Other,149
Women's wear,249.0,1199.0,4.3,79.232693911593,49.0,Other,87
Women's wear,259.0,999.0,4.3,74.07407407407408,59.0,Other,136
Women's wear,385.0,1197.0,4.0,67.83625730994152,85.0,Other,355
Women's wear,252.0,599.0,3.9,57.92988313856428,52.0,Other,92
Women's wear,179.0,999.0,4.2,82.08208208208208,79.0,Other,75
Women's wear,219.0,1599.0,4.0,86.30393996247655,19.0,Other,371
Women's wear,385.0,1199.0,4.0,67.88990825688074,85.0,Other,314
Women's wear,216.0,999.0,4.0,78.37837837837837,16.0,Other,483
Women's wear,249.0,999.0,4.3,75.07507507507508,49.0,Other,446
Women's wear,196.0,999.0,4.0,80.38038038038037,96.0,Other,61
Women's wear,599.0,1800.0,5.0,66.72222222222223,99.0,Charm,58
Women's wear,249.0,1199.0,4.3,79.232693911593,49.0,Other,149
Women's wear,249.0,1199.0,4.3,79.232693911593,49.0,Other,412
Women's wear,299.0,999.0,4.0,70.07007007007007,99.0,Charm,95
Women's wear,599.0,1800.0,5.0,66.72222222222223,99.0,Charm,152
Women's wear,299.0,749.0,4.1,60.08010680907877,99.0,Charm,486
Women's wear,229.0,999.0,4.0,77.07707707707708,29.0,Other,319
Women's wear,269.0,999.0,4.1,73.07307307307308,69.0,Other,297
Women's wear,379.0,599.0,4.9,36.727879799666105,79.0,Other,302
Women's wear,699.0,1499.0,4.5,53.36891260840561,99.0,Charm,367
Women's wear,299.0,599.0,4.0,50.08347245409015,99.0,Charm,298
Women's wear,349.0,999.0,4.0,65.06506506506507,49.0,Other,311
Women's wear,265.0,492.0,4.1,46.138211382113816,65.0,Other,224
Women's wear,289.0,999.0,3.7,71.07107107107107,89.0,Other,55
Women's wear,369.0,499.0,4.2,26.052104208416832,69.0,Other,158
Women's wear,369.0,499.0,4.3,26.052104208416832,69.0,Other,362
Women's wear,269.0,699.0,3.6,61.51645207439199,69.0,Other,169
Women's wear,395.0,799.0,4.2,50.563204005006256,95.0,Other,224
Women's wear,226.0,699.0,3.9,67.66809728183118,26.0,Other,493
Women's wear,217.0,699.0,3.9,68.95565092989986,17.0,Other,365
Women's wear,365.0,995.0,3.6,63.31658291457286,65.0,Other,237
Women's wear,389.0,799.0,3.9,51.31414267834794,89.0,Other,451
Women's wear,369.0,499.0,4.2,26.052104208416832,69.0,Other,60
Women's wear,365.0,489.0,4.3,25.357873210633947,65.0,Other,188
Women's wear,249.0,699.0,3.6,64.37768240343348,49.0,Other,195
Women's wear,399.0,1599.0,3.7,75.046904315197,99.0,Charm,73
Women's wear,365.0,480.0,4.1,23.958333333333336,65.0,Other,257
Women's wear,421.0,999.0,3.5,57.85785785785785,21.0,Other,419
Women's wear,1950.0,2127.0,3.8,8.321579689703809,50.0,Other,494
Women's wear,345.0,999.0,3.5,65.46546546546547,45.0,Other,367
Women's wear,349.0,999.0,4.0,65.06506506506507,49.0,Other,340
Women's wear,349.0,999.0,4.0,65.06506506506507,49.0,Other,270
Women's wear,299.0,499.0,3.7,40.08016032064128,99.0,Charm,269
Women's wear,640.0,1999.0,3.8,67.983991995998,40.0,Other,258
Women's wear,284.0,724.0,3.6,60.773480662983424,84.0,Other,446
Women's wear,395.0,799.0,4.2,50.563204005006256,95.0,Other,64
Women's wear,299.0,599.0,4.0,50.08347245409015,99.0,Charm,475
Women's wear,185.0,239.0,3.9,22.594142259414227,85.0,Other,284
Women's wear,289.0,599.0,3.6,51.75292153589316,89.0,Other,142
Women's wear,421.0,999.0,3.5,57.85785785785785,21.0,Other,440
Women's wear,299.0,599.0,4.0,50.08347245409015,99.0,Charm,446
Women's wear,699.0,,4.3,,99.0,Charm,261
Women's wear,310.0,999.0,3.7,68.96896896896897,10.0,Other,387
Women's wear,369.0,499.0,4.3,26.052104208416832,69.0,Other,463
Women's wear,299.0,599.0,4.0,50.08347245409015,99.0,Charm,214
Women's wear,365.0,489.0,4.0,25.357873210633947,65.0,Other,150
Women's wear,395.0,799.0,4.2,50.563204005006256,95.0,Other,102
Women's wear,274.0,999.0,3.8,72.57257257257257,74.0,Other,75
Women's wear,299.0,599.0,4.0,50.08347245409015,99.0,Charm,358
Women's wear,499.0,1999.0,3.0,75.03751875937968,99.0,Charm,442
Women's wear,348.0,1000.0,3.9,65.2,48.0,Other,282
Women's wear,364.0,999.0,4.0,63.56356356356356,64.0,Other,310
Women's wear,404.0,999.0,4.0,59.55955955955956,4.0,Other,145
Women's wear,382.0,1999.0,4.0,80.8904452226113,82.0,Other,453
Women's wear,307.0,999.0,3.9,69.26926926926927,7.0,Other,161
Women's wear,414.0,999.0,4.0,58.55855855855856,14.0,Other,219
Women's wear,401.0,1199.0,3.7,66.55546288573811,1.0,Other,92
Women's wear,414.0,999.0,4.0,58.55855855855856,14.0,Other,344
Women's wear,382.0,1999.0,4.0,80.8904452226113,82.0,Other,63
Women's wear,369.0,1224.0,3.7,69.85294117647058,69.0,Other,265
Women's wear,263.0,999.0,3.7,73.67367367367368,63.0,Other,498
Women's wear,399.0,1999.0,4.1,80.040020010005,99.0,Charm,250
Women's wear,349.0,1299.0,3.8,73.13317936874519,49.0,Other,90
Women's wear,493.0,1099.0,3.8,55.1410373066424,93.0,Other,89
Women's wear,300.0,599.0,2.7,49.91652754590985,0.0,Round,189
Women's wear,395.0,1999.0,4.0,80.24012006003002,95.0,Other,438
Women's wear,395.0,1999.0,4.0,80.24012006003002,95.0,Other,417
Women's wear,349.0,1599.0,3.8,78.17385866166354,49.0,Other,252
Women's wear,300.0,599.0,2.7,49.91652754590985,0.0,Round,490
Women's wear,329.0,999.0,3.9,67.06706706706707,29.0,Other,461
Women's wear,382.0,999.0,4.1,61.76176176176176,82.0,Other,81
Women's wear,290.0,599.0,3.9,51.58597662771286,90.0,Other,481
Women's wear,361.0,999.0,3.9,63.86386386386387,61.0,Other,431
Women's wear,234.0,999.0,3.7,76.57657657657657,34.0,Other,140
Women's wear,493.0,999.0,4.0,50.650650650650654,93.0,Other,311
Women's wear,493.0,999.0,4.0,50.650650650650654,93.0,Other,437
Women's wear,314.0,899.0,4.6,65.07230255839822,14.0,Other,375
Women's wear,349.0,1299.0,4.0,73.13317936874519,49.0,Other,309
Women's wear,385.0,999.0,4.0,61.46146146146146,85.0,Other,219
Women's wear,349.0,1599.0,3.8,78.17385866166354,49.0,Other,89
Women's wear,361.0,999.0,3.9,63.86386386386387,61.0,Other,224
Women's wear,349.0,1599.0,3.8,78.17385866166354,49.0,Other,186
Women's wear,389.0,1299.0,3.5,70.05388760585065,89.0,Other,189
Women's wear,449.0,1499.0,3.1,70.04669779853235,49.0,Other,119
Women's wear,499.0,1599.0,4.6,68.79299562226392,99.0,Charm,95
Women's wear,395.0,1999.0,4.0,80.24012006003002,95.0,Other,342
Women's wear,322.0,1299.0,4.0,75.21170130869899,22.0,Other,368
Women's wear,349.0,1999.0,3.8,82.54127063531766,49.0,Other,219
Women's wear,249.0,599.0,3.5,58.43071786310517,49.0,Other,275
Women's wear,220.0,1462.0,3.9,84.95212038303693,20.0,Other,110
Women's wear,493.0,999.0,4.1,50.650650650650654,93.0,Other,277
Women's wear,335.0,999.0,3.7,66.46646646646647,35.0,Other,270
Women's wear,216.0,1485.0,3.8,85.45454545454545,16.0,Other,92
Women's wear,549.0,2199.0,4.6,75.03410641200546,49.0,Other,50
Women's wear,625.0,1499.0,4.2,58.30553702468312,25.0,Other,226
Women's wear,299.0,1499.0,4.3,80.0533689126084,99.0,Charm,279
Women's wear,379.0,1299.0,3.9,70.82371054657429,79.0,Other,170
Women's wear,399.0,1499.0,4.0,73.3822548365577,99.0,Charm,471
Women's wear,599.0,2399.0,4.0,75.03126302626094,99.0,Charm,280
Women's wear,652.0,1150.0,3.9,43.30434782608696,52.0,Other,454
Women's wear,494.0,999.0,5.0,50.550550550550554,94.0,Other,388
Women's wear,379.0,1299.0,3.9,70.82371054657429,79.0,Other,429
Women's wear,549.0,2199.0,4.6,75.03410641200546,49.0,Other,333
Women's wear,379.0,1299.0,3.9,70.82371054657429,79.0,Other,450
Women's wear,494.0,1299.0,4.1,61.9707467282525,94.0,Other,161
Women's wear,399.0,1499.0,4.0,73.3822548365577,99.0,Charm,182
Women's wear,492.0,899.0,4.1,45.272525027808676,92.0,Other,282
Women's wear,399.0,1499.0,4.0,73.3822548365577,99.0,Charm,426
Women's wear,335.0,999.0,3.7,66.46646646646647,35.0,Other,362
Women's wear,471.0,999.0,3.8,52.85285285285285,71.0,Other,318
Women's wear,494.0,999.0,4.1,50.550550550550554,94.0,Other,186
Women's wear,299.0,1499.0,4.1,80.0533689126084,99.0,Charm,57
Women's wear,228.0,1485.0,3.8,84.64646464646465,28.0,Other,55
Women's wear,474.0,1899.0,4.0,75.03949447077409,74.0,Other,347
Women's wear,449.0,1499.0,4.5,70.04669779853235,49.0,Other,55
Women's wear,499.0,999.0,3.8,50.050050050050054,99.0,Charm,140
Women's wear,396.0,1299.0,3.9,69.5150115473441,96.0,Other,282
Women's wear,349.0,1299.0,3.9,73.13317936874519,49.0,Other,379
Women's wear,499.0,999.0,3.9,50.050050050050054,99.0,Charm,346
Women's wear,379.0,1299.0,3.9,70.82371054657429,79.0,Other,487
Women's wear,275.0,1483.0,3.4,81.45650708024274,75.0,Other,126
Women's wear,949.0,2499.0,3.9,62.02480992396959,49.0,Other,384
Women's wear,359.0,2499.0,3.8,85.63425370148059,59.0,Other,295
Women's wear,624.0,2498.0,4.4,75.02001601281026,24.0,Other,153
Women's wear,499.0,999.0,3.8,50.050050050050054,99.0,Charm,183
Women's wear,671.0,1975.0,4.3,66.0253164556962,71.0,Other,366
Women's wear,399.0,1499.0,4.0,73.3822548365577,99.0,Charm,70
Women's wear,499.0,999.0,3.8,50.050050050050054,99.0,Charm,308
Women's wear,499.0,999.0,3.8,50.050050050050054,99.0,Charm,359
Women's wear,449.0,2999.0,3.8,85.02834278092698,49.0,Other,472
Women's wear,299.0,899.0,,66.74082313681868,99.0,Charm,122
Women's wear,180.0,599.0,4.0,69.94991652754591,80.0,Other,399
Women's wear,448.0,1299.0,4.1,65.51193225558121,48.0,Other,396
Women's wear,385.0,999.0,4.0,61.46146146146146,85.0,Other,125
Women's wear,251.0,438.0,3.8,42.69406392694064,51.0,Other,250
Women's wear,299.0,799.0,3.9,62.57822277847309,99.0,Charm,474
Women's wear,399.0,799.0,,50.06257822277848,99.0,Charm,246
Women's wear,180.0,799.0,4.0,77.47183979974969,80.0,Other,210
Women's wear,234.0,1699.0,3.8,86.22719246615657,34.0,Other,151
Women's wear,448.0,1299.0,4.0,65.51193225558121,48.0,Other,468
Women's wear,444.0,1299.0,4.1,65.81986143187068,44.0,Other,218
Women's wear,383.0,999.0,3.6,61.66166166166166,83.0,Other,487
Women's wear,299.0,999.0,3.9,70.07007007007007,99.0,Charm,451
Women's wear,217.0,399.0,4.0,45.614035087719294,17.0,Other,282
Women's wear,299.0,699.0,4.1,57.224606580829764,99.0,Charm,352
Women's wear,338.0,999.0,4.1,66.16616616616616,38.0,Other,172
Women's wear,217.0,399.0,4.0,45.614035087719294,17.0,Other,155
Women's wear,260.0,399.0,3.9,34.83709273182957,60.0,Other,182
Women's wear,499.0,1199.0,4.0,58.381984987489574,99.0,Charm,333
Women's wear,414.0,999.0,4.0,58.55855855855856,14.0,Other,121
Women's wear,219.0,599.0,3.7,63.43906510851419,19.0,Other,381
Women's wear,279.0,599.0,4.0,53.42237061769616,79.0,Other,275
Women's wear,499.0,1499.0,4.2,66.711140760507,99.0,Charm,165
Women's wear,188.0,422.0,3.7,55.45023696682464,88.0,Other,304
Women's wear,496.0,1999.0,4.1,75.18759379689844,96.0,Other,144
Women's wear,180.0,399.0,4.1,54.88721804511278,80.0,Other,364
Women's wear,499.0,1499.0,4.4,66.711140760507,99.0,Charm,62
Women's wear,435.0,1260.0,3.6,65.47619047619048,35.0,Other,409
Women's wear,180.0,399.0,4.0,54.88721804511278,80.0,Other,315
Women's wear,215.0,699.0,3.9,69.241773962804,15.0,Other,456
Women's wear,299.0,699.0,4.0,57.224606580829764,99.0,Charm,387
Women's wear,448.0,1299.0,4.1,65.51193225558121,48.0,Other,181
Women's wear,484.0,1299.0,4.0,62.74056966897613,84.0,Other,365
Women's wear,207.0,422.0,3.7,50.947867298578196,7.0,Other,165
Women's wear,299.0,699.0,4.1,57.224606580829764,99.0,Charm,425
Women's wear,349.0,999.0,4.5,65.06506506506507,49.0,Other,308
Women's wear,219.0,499.0,3.9,56.1122244488978,19.0,Other,156
Women's wear,599.0,1499.0,4.3,60.04002668445631,99.0,Charm,497
Women's wear,499.0,1499.0,4.0,66.711140760507,99.0,Charm,134
Women's wear,321.0,499.0,4.1,35.671342685370746,21.0,Other,163
Women's wear,229.0,499.0,4.6,54.10821643286573,29.0,Other,136
Women's wear,339.0,799.0,4.0,57.571964956195245,39.0,Other,133
Women's wear,349.0,799.0,4.0,56.32040050062578,49.0,Other,50
Women's wear,349.0,799.0,4.0,56.32040050062578,49.0,Other,106
Women's wear,475.0,999.0,4.0,52.45245245245245,75.0,Other,153
Women's wear,422.0,1599.0,3.8,73.6085053158224,22.0,Other,156
Women's wear,349.0,799.0,4.0,56.32040050062578,49.0,Other,131
Women's wear,445.0,1200.0,3.7,62.916666666666664,45.0,Other,261
Women's wear,499.0,1399.0,3.5,64.33166547533953,99.0,Charm,157
Women's wear,749.0,1199.0,4.0,37.53127606338615,49.0,Other,415
Women's wear,422.0,1599.0,3.8,73.6085053158224,22.0,Other,403
Women's wear,475.0,2199.0,3.9,78.39927239654388,75.0,Other,233
Women's wear,349.0,799.0,4.0,56.32040050062578,49.0,Other,221
Women's wear,499.0,1399.0,3.5,64.33166547533953,99.0,Charm,306
Women's wear,649.0,1299.0,3.9,50.03849114703618,49.0,Other,383
Women's wear,364.0,699.0,4.0,47.92560801144492,64.0,Other,180
Women's wear,499.0,999.0,4.8,50.050050050050054,99.0,Charm,74
Women's wear,229.0,499.0,4.6,54.10821643286573,29.0,Other,262
Women's wear,898.0,1499.0,4.2,40.093395597064706,98.0,Other,467
Women's wear,439.0,1299.0,3.8,66.20477290223249,39.0,Other,307
Women's wear,629.0,999.0,4.8,37.03703703703704,29.0,Other,475
Women's wear,435.0,2199.0,4.1,80.21828103683492,35.0,Other,173
Women's wear,479.0,999.0,4.1,52.052052052052055,79.0,Other,460
Women's wear,299.0,699.0,3.7,57.224606580829764,99.0,Charm,282
Women's wear,425.0,1599.0,3.7,73.4208880550344,25.0,Other,415
Women's wear,395.0,699.0,4.1,43.490701001430615,95.0,Other,120
Women's wear,439.0,1299.0,3.8,66.20477290223249,39.0,Other,112
Women's wear,321.0,499.0,4.1,35.671342685370746,21.0,Other,340
Women's wear,398.0,777.0,3.8,48.77734877734878,98.0,Other,443
Women's wear,475.0,999.0,4.0,52.45245245245245,75.0,Other,368
Women's wear,425.0,999.0,3.8,57.45745745745746,25.0,Other,267
Women's wear,300.0,398.0,3.8,24.623115577889447,0.0,Round,353
Women's wear,420.0,1500.0,3.7,72.0,20.0,Other,456
Women's wear,435.0,1599.0,3.7,72.79549718574108,35.0,Other,252
Women's wear,435.0,999.0,4.0,56.45645645645646,35.0,Other,268
Women's wear,341.0,1500.0,4.0,77.26666666666667,41.0,Other,194
Women's wear,422.0,1599.0,3.8,73.6085053158224,22.0,Other,345
Women's wear,349.0,999.0,3.6,65.06506506506507,49.0,Other,215
Women's wear,699.0,1199.0,3.6,41.70141784820684,99.0,Charm,151
Women's wear,471.0,799.0,3.8,41.05131414267834,71.0,Other,447
Women's wear,399.0,699.0,,42.91845493562232,99.0,Charm,405
Women's wear,345.0,549.0,4.2,37.15846994535519,45.0,Other,232
Women's wear,845.0,1699.0,3.7,50.26486168334314,45.0,Other,366
Women's wear,339.0,899.0,3.3,62.291434927697445,39.0,Other,453
Women's wear,494.0,999.0,4.0,50.550550550550554,94.0,Other,93
Women's wear,399.0,1299.0,3.9,69.28406466512702,99.0,Charm,376
Women's wear,740.0,950.0,,22.105263157894736,40.0,Other,109
Women's wear,399.0,1299.0,3.9,69.28406466512702,99.0,Charm,127
Women's wear,630.0,1799.0,4.0,64.98054474708171,30.0,Other,325
Women's wear,359.0,999.0,3.3,64.06406406406407,59.0,Other,50
Women's wear,780.0,980.0,,20.408163265306122,80.0,Other,209
Women's wear,399.0,1299.0,3.9,69.28406466512702,99.0,Charm,453
Women's wear,494.0,999.0,4.0,50.550550550550554,94.0,Other,62
Women's wear,299.0,699.0,3.6,57.224606580829764,99.0,Charm,128
Women's wear,740.0,950.0,,22.105263157894736,40.0,Other,393
Women's wear,299.0,1199.0,3.8,75.0625521267723,99.0,Charm,353
Women's wear,494.0,1998.0,4.0,75.27527527527528,94.0,Other,123
Women's wear,479.0,1499.0,4.1,68.04536357571715,79.0,Other,300
Women's wear,740.0,950.0,,22.105263157894736,40.0,Other,311
Women's wear,549.0,1099.0,4.7,50.04549590536852,49.0,Other,313
Women's wear,399.0,1049.0,3.4,61.96377502383223,99.0,Charm,127
Women's wear,349.0,999.0,3.9,65.06506506506507,49.0,Other,305
Women's wear,474.0,649.0,3.7,26.964560862865948,74.0,Other,232
Women's wear,,,4.0,,,Other,256
Women's wear,473.0,999.0,4.0,52.652652652652655,73.0,Other,483
Women's wear,,,4.0,,,Other,290
Women's wear,399.0,999.0,3.6,60.06006006006006,99.0,Charm,492
Women's wear,511.0,1599.0,4.1,68.04252657911195,11.0,Other,451
Women's wear,449.0,1999.0,3.7,77.53876938469234,49.0,Other,242
Women's wear,799.0,2249.0,4.2,64.47309915518008,99.0,Charm,68
Women's wear,703.0,2999.0,3.7,76.55885295098366,3.0,Other,469
Women's wear,424.0,1699.0,4.3,75.04414361389053,24.0,Other,321
Women's wear,494.0,1998.0,4.0,75.27527527527528,94.0,Other,335
Women's wear,349.0,999.0,3.9,65.06506506506507,49.0,Other,269
Women's wear,776.0,1299.0,3.0,40.26173979984603,76.0,Other,489
Women's wear,299.0,1299.0,3.9,76.98229407236336,99.0,Charm,74
Women's wear,298.0,799.0,4.0,62.703379224030044,98.0,Other,332
Women's wear,804.0,2299.0,4.6,65.02827316224446,4.0,Other,475
Women's wear,399.0,799.0,,50.06257822277848,99.0,Charm,403
Women's wear,289.0,1699.0,3.0,82.98999411418481,89.0,Other,352
Women's wear,649.0,1999.0,4.2,67.53376688344173,49.0,Other,152
Women's wear,289.0,1699.0,4.6,82.98999411418481,89.0,Other,173
Women's wear,238.0,1499.0,4.2,84.12274849899933,38.0,Other,51
Women's wear,237.0,1499.0,4.7,84.18945963975985,37.0,Other,168
Women's wear,658.0,899.0,4.1,26.807563959955505,58.0,Other,96
Women's wear,238.0,1499.0,4.6,84.12274849899933,38.0,Other,377
Women's wear,289.0,1599.0,4.0,81.92620387742339,89.0,Other,177
Women's wear,265.0,1499.0,4.4,82.32154769846565,65.0,Other,137
Women's wear,209.0,1299.0,3.4,83.91070053887606,9.0,Other,303
Women's wear,259.0,1999.0,3.6,87.04352176088044,59.0,Other,473
Women's wear,369.0,1899.0,4.2,80.56872037914692,69.0,Other,197
Women's wear,209.0,1299.0,3.9,83.91070053887606,9.0,Other,299
Women's wear,269.0,1999.0,3.9,86.5432716358179,69.0,Other,266
Women's wear,238.0,1499.0,4.4,84.12274849899933,38.0,Other,138
Women's wear,390.0,1699.0,4.2,77.04532077692761,90.0,Other,323
Women's wear,399.0,1999.0,4.6,80.040020010005,99.0,Charm,391
Women's wear,209.0,1299.0,3.8,83.91070053887606,9.0,Other,339
Women's wear,271.0,1299.0,3.8,79.13779830638953,71.0,Other,374
Women's wear,293.0,1599.0,4.2,81.67604752970607,93.0,Other,391
Women's wear,920.0,3499.0,4.3,73.70677336381823,20.0,Other,343
Women's wear,199.0,599.0,4.1,66.7779632721202,99.0,Charm,425
Women's wear,427.0,1999.0,4.2,78.63931965982992,27.0,Other,67
Women's wear,899.0,,4.3,,99.0,Charm,65
Women's wear,284.0,1799.0,3.9,84.21345191773207,84.0,Other,402
Women's wear,653.0,1899.0,4.0,65.61348077935756,53.0,Other,334
Women's wear,275.0,999.0,4.1,72.47247247247248,75.0,Other,148
Women's wear,271.0,1399.0,4.1,80.6290207290922,71.0,Other,61
Women's wear,199.0,999.0,3.9,80.08008008008008,99.0,Charm,61
Women's wear,209.0,1299.0,4.0,83.91070053887606,9.0,Other,195
Women's wear,799.0,999.0,4.0,20.02002002002002,99.0,Charm,70
Women's wear,388.0,1699.0,4.3,77.16303708063566,88.0,Other,321
Women's wear,390.0,1699.0,4.3,77.04532077692761,90.0,Other,171
Women's wear,269.0,1999.0,3.8,86.5432716358179,69.0,Other,112
Women's wear,209.0,1299.0,3.7,83.91070053887606,9.0,Other,397
Women's wear,375.0,1699.0,4.3,77.92819305473809,75.0,Other,441
Women's wear,384.0,999.0,4.7,61.56156156156156,84.0,Other,436
Women's wear,242.0,599.0,4.0,59.59933222036727,42.0,Other,403
Women's wear,210.0,999.0,3.7,78.97897897897897,10.0,Other,84
Women's wear,390.0,1699.0,4.3,77.04532077692761,90.0,Other,253
Women's wear,489.0,999.0,4.1,51.051051051051054,89.0,Other,193
Women's wear,333.0,999.0,4.1,66.66666666666666,33.0,Other,385
Women's wear,298.0,699.0,4.0,57.36766809728183,98.0,Other,135
Women's wear,260.0,699.0,4.0,62.80400572246065,60.0,Other,301
Women's wear,199.0,499.0,4.0,60.120240480961925,99.0,Charm,426
Women's wear,323.0,359.0,4.7,10.027855153203342,23.0,Other,399
Women's wear,298.0,699.0,4.0,57.36766809728183,98.0,Other,295
Women's wear,1039.0,1299.0,3.7,20.01539645881447,39.0,Other,92
Women's wear,352.0,999.0,4.1,64.76476476476476,52.0,Other,255
Women's wear,301.0,599.0,4.1,49.74958263772955,1.0,Other,335
Women's wear,279.0,,4.2,,79.0,Other,357
Women's wear,1039.0,1299.0,3.7,20.01539645881447,39.0,Other,146
Women's wear,249.0,499.0,3.9,50.1002004008016,49.0,Other,417
Women's wear,399.0,999.0,4.2,60.06006006006006,99.0,Charm,175
Women's wear,274.0,499.0,3.9,45.09018036072144,74.0,Other,491
Women's wear,699.0,999.0,4.2,30.03003003003003,99.0,Charm,107
Women's wear,295.0,499.0,4.1,40.88176352705411,95.0,Other,189
Women's wear,199.0,499.0,4.0,60.120240480961925,99.0,Charm,315
Women's wear,249.0,499.0,4.1,50.1002004008016,49.0,Other,483
Women's wear,1079.0,1349.0,3.7,20.014825796886583,79.0,Other,118
Women's wear,249.0,499.0,3.9,50.1002004008016,49.0,Other,450
Women's wear,246.0,259.0,4.2,5.019305019305019,46.0,Other,104
Women's wear,299.0,499.0,4.0,40.08016032064128,99.0,Charm,196
Women's wear,1039.0,1299.0,3.7,20.01539645881447,39.0,Other,336
Women's wear,349.0,,4.1,,49.0,Other,398
Women's wear,399.0,799.0,3.9,50.06257822277848,99.0,Charm,265
Women's wear,312.0,599.0,4.0,47.91318864774624,12.0,Other,221
Women's wear,349.0,1299.0,4.0,73.13317936874519,49.0,Other,488
Women's wear,897.0,1199.0,4.2,25.18765638031693,97.0,Other,251
Women's wear,299.0,499.0,4.0,40.08016032064128,99.0,Charm,300
Women's wear,199.0,499.0,4.0,60.120240480961925,99.0,Charm,496
Women's wear,1079.0,1349.0,3.7,20.014825796886583,79.0,Other,438
Women's wear,399.0,999.0,4.0,60.06006006006006,99.0,Charm,397
Women's wear,249.0,499.0,4.1,50.1002004008016,49.0,Other,252
Women's wear,473.0,999.0,4.0,52.652652652652655,73.0,Other,118
Women's wear,1039.0,1299.0,3.7,20.01539645881447,39.0,Other,119
Women's wear,1297.0,2495.0,4.0,48.016032064128254,97.0,Other,471
Women's wear,249.0,499.0,4.0,50.1002004008016,49.0,Other,386
Women's wear,554.0,749.0,4.2,26.034712950600802,54.0,Other,356
Women's wear,759.0,1999.0,4.9,62.03101550775387,59.0,Other,117
Women's wear,1189.0,1699.0,3.7,30.01765744555621,89.0,Other,201
Women's wear,1189.0,1699.0,3.7,30.01765744555621,89.0,Other,447
Women's wear,299.0,699.0,4.0,57.224606580829764,99.0,Charm,77
Women's wear,230.0,1299.0,4.0,82.29407236335643,30.0,Other,57
Women's wear,402.0,999.0,4.0,59.75975975975976,2.0,Other,370
Women's wear,299.0,1199.0,4.0,75.0625521267723,99.0,Charm,172
Women's wear,299.0,1599.0,4.0,81.30081300813008,99.0,Charm,228
Women's wear,1189.0,1699.0,3.7,30.01765744555621,89.0,Other,225
Women's wear,269.0,799.0,3.9,66.33291614518147,69.0,Other,447
Women's wear,269.0,1299.0,4.0,79.29176289453426,69.0,Other,419
Women's wear,539.0,999.0,4.0,46.046046046046044,39.0,Other,396
Women's wear,399.0,999.0,3.9,60.06006006006006,99.0,Charm,333
Women's wear,499.0,999.0,4.1,50.050050050050054,99.0,Charm,453
Women's wear,399.0,1165.0,4.1,65.7510729613734,99.0,Charm,123
Women's wear,499.0,999.0,4.1,50.050050050050054,99.0,Charm,467
Women's wear,396.0,999.0,3.6,60.36036036036037,96.0,Other,305
Women's wear,974.0,1299.0,4.1,25.01924557351809,74.0,Other,157
Women's wear,299.0,1199.0,4.0,75.0625521267723,99.0,Charm,284
Women's wear,499.0,899.0,4.1,44.493882091212456,99.0,Charm,257
Women's wear,399.0,999.0,3.9,60.06006006006006,99.0,Charm,199
Women's wear,399.0,499.0,4.0,20.04008016032064,99.0,Charm,112
Women's wear,499.0,999.0,4.1,50.050050050050054,99.0,Charm,405
Women's wear,637.0,849.0,4.0,24.97055359246172,37.0,Other,296
Women's wear,399.0,1299.0,4.5,69.28406466512702,99.0,Charm,266
Women's wear,399.0,999.0,4.0,60.06006006006006,99.0,Charm,290
Women's wear,359.0,999.0,3.8,64.06406406406407,59.0,Other,458
Women's wear,629.0,2499.0,4.1,74.82993197278913,29.0,Other,342
Women's wear,396.0,999.0,3.6,60.36036036036037,96.0,Other,261
Women's wear,399.0,999.0,3.8,60.06006006006006,99.0,Charm,75
Women's wear,398.0,1999.0,4.2,80.09004502251126,98.0,Other,430
Women's wear,499.0,999.0,4.1,50.050050050050054,99.0,Charm,122
Women's wear,1084.0,1549.0,3.7,30.019367333763718,84.0,Other,468
Women's wear,299.0,1199.0,4.0,75.0625521267723,99.0,Charm,404
Women's wear,1299.0,,4.4,,99.0,Charm,90
Women's wear,359.0,1099.0,3.8,67.33393994540491,59.0,Other,477
Women's wear,1189.0,1699.0,3.7,30.01765744555621,89.0,Other,102
Women's wear,359.0,1099.0,3.8,67.33393994540491,59.0,Other,340
Women's wear,651.0,1199.0,3.9,45.7047539616347,51.0,Other,178
Women's wear,399.0,999.0,3.9,60.06006006006006,99.0,Charm,255
Women's wear,1084.0,1549.0,3.7,30.019367333763718,84.0,Other,186
Women's wear,498.0,999.0,4.0,50.150150150150154,98.0,Other,356
Women's wear,499.0,999.0,4.0,50.050050050050054,99.0,Charm,182
Women's wear,259.0,1299.0,3.9,80.06158583525789,59.0,Other,91
Women's wear,249.0,1299.0,4.0,80.83140877598153,49.0,Other,129
Women's wear,199.0,499.0,4.0,60.120240480961925,99.0,Charm,166
Women's wear,230.0,1299.0,4.0,82.29407236335643,30.0,Other,371
Women's wear,299.0,499.0,4.0,40.08016032064128,99.0,Charm,178
Women's wear,1189.0,1699.0,3.7,30.01765744555621,89.0,Other,176
Women's wear,229.0,1299.0,3.7,82.37105465742879,29.0,Other,432
Women's wear,319.0,,4.2,,19.0,Other,433
Women's wear,399.0,999.0,3.9,60.06006006006006,99.0,Charm,418
Women's wear,1189.0,1699.0,3.7,30.01765744555621,89.0,Other,483
Women's wear,415.0,999.0,3.8,58.45845845845846,15.0,Other,72
Women's wear,649.0,1299.0,4.4,50.03849114703618,49.0,Other,109
Women's wear,435.0,999.0,3.9,56.45645645645646,35.0,Other,450
Women's wear,426.0,899.0,4.0,52.61401557285873,26.0,Other,310
Women's wear,299.0,999.0,4.0,70.07007007007007,99.0,Charm,160
Women's wear,199.0,499.0,4.0,60.120240480961925,99.0,Charm,261
Women's wear,450.0,999.0,4.0,54.95495495495496,50.0,Other,105
Women's wear,1189.0,1699.0,3.7,30.01765744555621,89.0,Other,160
Women's wear,295.0,999.0,3.9,70.47047047047047,95.0,Other,171
Women's wear,399.0,999.0,3.9,60.06006006006006,99.0,Charm,221
Women's wear,340.0,999.0,4.1,65.96596596596596,40.0,Other,415
Women's wear,643.0,2295.0,3.7,71.98257080610023,43.0,Other,249
Women's wear,399.0,999.0,3.9,60.06006006006006,99.0,Charm,87
Women's wear,749.0,999.0,4.0,25.025025025025027,49.0,Other,483
Women's wear,477.0,999.0,4.1,52.25225225225225,77.0,Other,60
Women's wear,435.0,999.0,3.9,56.45645645645646,35.0,Other,400
Women's wear,290.0,999.0,3.9,70.97097097097097,90.0,Other,319
Women's wear,399.0,999.0,4.0,60.06006006006006,99.0,Charm,472
Women's wear,381.0,1599.0,4.1,76.17260787992495,81.0,Other,299
Women's wear,449.0,1599.0,4.1,71.91994996873046,49.0,Other,268
Women's wear,399.0,999.0,3.9,60.06006006006006,99.0,Charm,264
Women's wear,499.0,999.0,4.0,50.050050050050054,99.0,Charm,124
Women's wear,399.0,999.0,4.1,60.06006006006006,99.0,Charm,349
Women's wear,1048.0,1499.0,4.1,30.086724482988657,48.0,Other,376
Women's wear,269.0,499.0,3.9,46.09218436873748,69.0,Other,73
Women's wear,399.0,999.0,4.0,60.06006006006006,99.0,Charm,449
Women's wear,344.0,999.0,4.5,65.56556556556556,44.0,Other,260
Women's wear,231.0,289.0,4.3,20.069204152249135,31.0,Other,484
Women's wear,1819.0,3499.0,4.3,48.01371820520149,19.0,Other,468
Women's wear,,,,,,Other,203
Women's wear,486.0,649.0,4.1,25.115562403698,86.0,Other,285
Women's wear,499.0,999.0,4.1,50.050050050050054,99.0,Charm,136
Women's wear,329.0,499.0,4.0,34.06813627254509,29.0,Other,88
Women's wear,399.0,999.0,4.1,60.06006006006006,99.0,Charm,90
Women's wear,499.0,999.0,4.1,50.050050050050054,99.0,Charm,285
Women's wear,499.0,999.0,4.1,50.050050050050054,99.0,Charm,68
Women's wear,599.0,1999.0,3.9,70.03501750875438,99.0,Charm,227
Women's wear,599.0,799.0,4.3,25.03128911138924,99.0,Charm,104
Women's wear,499.0,999.0,4.1,50.050050050050054,99.0,Charm,325
Women's wear,2199.0,3999.0,4.2,45.0112528132033,99.0,Charm,464
Women's wear,559.0,999.0,3.8,44.04404404404404,59.0,Other,232
Women's wear,499.0,999.0,4.1,50.050050050050054,99.0,Charm,61
Women's wear,486.0,649.0,4.1,25.115562403698,86.0,Other,206
Women's wear,499.0,999.0,4.1,50.050050050050054,99.0,Charm,287
Women's wear,639.0,1499.0,4.2,57.37158105403603,39.0,Other,260
Women's wear,489.0,999.0,4.1,51.051051051051054,89.0,Other,292
Women's wear,1099.0,1299.0,4.3,15.396458814472672,99.0,Charm,299
Women's wear,499.0,999.0,4.1,50.050050050050054,99.0,Charm,117
Women's wear,499.0,999.0,4.1,50.050050050050054,99.0,Charm,314
Women's wear,449.0,999.0,4.1,55.05505505505506,49.0,Other,229
Women's wear,999.0,1399.0,4.1,28.591851322373124,99.0,Charm,292
Women's wear,499.0,999.0,4.1,50.050050050050054,99.0,Charm,331
Women's wear,999.0,1299.0,4.3,23.094688221709006,99.0,Charm,152
Women's wear,954.0,2999.0,4.3,68.1893964654885,54.0,Other,458
Women's wear,329.0,499.0,4.0,34.06813627254509,29.0,Other,214
Women's wear,499.0,999.0,4.1,50.050050050050054,99.0,Charm,117
Women's wear,449.0,999.0,4.1,55.05505505505506,49.0,Other,312
Women's wear,449.0,999.0,4.2,55.05505505505506,49.0,Other,293
Women's wear,499.0,999.0,4.1,50.050050050050054,99.0,Charm,441
Women's wear,499.0,999.0,4.1,50.050050050050054,99.0,Charm,294
Women's wear,749.0,1499.0,3.9,50.03335557038026,49.0,Other,107
Women's wear,486.0,649.0,4.1,25.115562403698,86.0,Other,346
Women's wear,1439.0,1799.0,4.3,20.01111728738188,39.0,Other,353
Women's wear,499.0,999.0,4.0,50.050050050050054,99.0,Charm,151
Women's wear,499.0,999.0,4.1,50.050050050050054,99.0,Charm,78
Women's wear,499.0,699.0,4.1,28.612303290414882,99.0,Charm,238
Women's wear,559.0,999.0,3.8,44.04404404404404,59.0,Other,121
Women's wear,499.0,999.0,4.1,50.050050050050054,99.0,Charm,97
Women's wear,699.0,999.0,4.2,30.03003003003003,99.0,Charm,273
Women's wear,699.0,999.0,4.2,30.03003003003003,99.0,Charm,441
Women's wear,329.0,499.0,4.0,34.06813627254509,29.0,Other,155
Women's wear,329.0,499.0,4.0,34.06813627254509,29.0,Other,310
Women's wear,549.0,999.0,3.9,45.04504504504504,49.0,Other,234
Women's wear,474.0,699.0,4.1,32.18884120171674,74.0,Other,240
Women's wear,329.0,499.0,4.0,34.06813627254509,29.0,Other,262
Women's wear,499.0,999.0,4.1,50.050050050050054,99.0,Charm,478
Women's wear,298.0,999.0,4.1,70.17017017017017,98.0,Other,395
Women's wear,499.0,999.0,4.0,50.050050050050054,99.0,Charm,388
Women's wear,449.0,1499.0,4.1,70.04669779853235,49.0,Other,429
Women's wear,499.0,999.0,4.2,50.050050050050054,99.0,Charm,161
Women's wear,549.0,999.0,4.0,45.04504504504504,49.0,Other,310
Women's wear,399.0,999.0,3.8,60.06006006006006,99.0,Charm,51
Women's wear,699.0,999.0,4.2,30.03003003003003,99.0,Charm,368
Women's wear,499.0,999.0,4.1,50.050050050050054,99.0,Charm,275
Women's wear,299.0,,4.8,,99.0,Charm,339
Women's wear,399.0,999.0,4.3,60.06006006006006,99.0,Charm,450
Women's wear,343.0,429.0,4.7,20.04662004662005,43.0,Other,120
Women's wear,499.0,999.0,4.1,50.050050050050054,99.0,Charm,398
Women's wear,399.0,999.0,4.0,60.06006006006006,99.0,Charm,262
Women's wear,474.0,999.0,4.1,52.552552552552555,74.0,Other,423
Women's wear,499.0,999.0,4.0,50.050050050050054,99.0,Charm,325
Women's wear,1749.0,4499.0,4.2,61.12469437652812,49.0,Other,489
Women's wear,449.0,999.0,4.0,55.05505505505506,49.0,Other,249
Women's wear,449.0,699.0,4.1,35.7653791130186,49.0,Other,420
Women's wear,499.0,,4.1,,99.0,Charm,256
Women's wear,449.0,999.0,4.1,55.05505505505506,49.0,Other,283
Women's wear,625.0,1499.0,3.9,58.30553702468312,25.0,Other,80
Women's wear,499.0,999.0,4.0,50.050050050050054,99.0,Charm,100
Women's wear,499.0,999.0,4.2,50.050050050050054,99.0,Charm,445
Women's wear,635.0,2399.0,4.0,73.53063776573572,35.0,Other,181
Women's wear,298.0,999.0,4.2,70.17017017017017,98.0,Other,71
Women's wear,398.0,1995.0,4.1,80.0501253132832,98.0,Other,65
Women's wear,498.0,999.0,4.0,50.150150150150154,98.0,Other,89
Women's wear,635.0,2399.0,4.0,73.53063776573572,35.0,Other,453
Women's wear,293.0,489.0,3.9,40.081799591002046,93.0,Other,226
Women's wear,403.0,999.0,4.2,59.65965965965966,3.0,Other,249
Women's wear,398.0,1199.0,4.1,66.80567139282736,98.0,Other,114
Women's wear,449.0,999.0,4.1,55.05505505505506,49.0,Other,485
Women's wear,1304.0,2999.0,3.8,56.5188396132044,4.0,Other,272
Women's wear,1199.0,2999.0,4.1,60.02000666888962,99.0,Charm,268
Women's wear,409.0,999.0,4.2,59.05905905905906,9.0,Other,489
Women's wear,409.0,999.0,4.2,59.05905905905906,9.0,Other,289
Women's wear,639.0,2995.0,3.7,78.6644407345576,39.0,Other,224
Women's wear,409.0,999.0,4.1,59.05905905905906,9.0,Other,409
Women's wear,295.0,999.0,4.1,70.47047047047047,95.0,Other,373
Women's wear,764.0,1299.0,3.8,41.18552732871439,64.0,Other,224
Women's wear,409.0,999.0,4.2,59.05905905905906,9.0,Other,448
Women's wear,429.0,999.0,4.1,57.05705705705706,29.0,Other,90
Women's wear,409.0,999.0,4.1,59.05905905905906,9.0,Other,155
Women's wear,764.0,1299.0,3.8,41.18552732871439,64.0,Other,210
Women's wear,,,,,,Other,332
Women's wear,543.0,999.0,4.2,45.645645645645644,43.0,Other,460
Women's wear,398.0,999.0,4.2,60.16016016016016,98.0,Other,336
Women's wear,949.0,2999.0,4.0,68.3561187062354,49.0,Other,336
Women's wear,449.0,499.0,3.9,10.02004008016032,49.0,Other,144
Women's wear,1599.0,2999.0,4.5,46.68222740913638,99.0,Charm,399
Women's wear,298.0,999.0,4.2,70.17017017017017,98.0,Other,262
Women's wear,999.0,1999.0,4.1,50.025012506253134,99.0,Charm,304
Women's wear,539.0,1299.0,4.1,58.50654349499615,39.0,Other,158
Women's wear,295.0,999.0,4.2,70.47047047047047,95.0,Other,248
Women's wear,398.0,999.0,4.2,60.16016016016016,98.0,Other,375
Women's wear,462.0,999.0,4.1,53.753753753753756,62.0,Other,301
Women's wear,295.0,999.0,4.1,70.47047047047047,95.0,Other,122
Women's wear,999.0,1999.0,4.2,50.025012506253134,99.0,Charm,155
Women's wear,474.0,999.0,4.2,52.552552552552555,74.0,Other,269
Women's wear,539.0,1699.0,3.5,68.27545615067687,39.0,Other,243
Women's wear,999.0,1999.0,4.1,50.025012506253134,99.0,Charm,276
Women's wear,399.0,999.0,4.3,60.06006006006006,99.0,Charm,55
Women's wear,449.0,999.0,4.1,55.05505505505506,49.0,Other,223
Women's wear,295.0,999.0,4.1,70.47047047047047,95.0,Other,408
Women's wear,474.0,999.0,4.0,52.552552552552555,74.0,Other,319
Women's wear,399.0,999.0,4.2,60.06006006006006,99.0,Charm,470
Women's wear,398.0,999.0,4.2,60.16016016016016,98.0,Other,274
Women's wear,398.0,999.0,4.2,60.16016016016016,98.0,Other,493
Women's wear,298.0,999.0,4.2,70.17017017017017,98.0,Other,358
Women's wear,806.0,1995.0,3.7,59.59899749373434,6.0,Other,449
Women's wear,1119.0,4330.0,4.0,74.15704387990762,19.0,Other,207
Women's wear,474.0,999.0,4.0,52.552552552552555,74.0,Other,122
Women's wear,1709.0,2999.0,4.0,43.01433811270424,9.0,Other,88
Women's wear,449.0,799.0,4.2,43.80475594493116,49.0,Other,388
Women's wear,269.0,599.0,3.7,55.09181969949917,69.0,Other,105
Women's wear,399.0,999.0,3.9,60.06006006006006,99.0,Charm,343
Women's wear,351.0,999.0,4.0,64.86486486486487,51.0,Other,470
Women's wear,399.0,999.0,3.9,60.06006006006006,99.0,Charm,204
Women's wear,298.0,999.0,4.0,70.17017017017017,98.0,Other,382
Women's wear,399.0,999.0,4.0,60.06006006006006,99.0,Charm,316
Women's wear,399.0,999.0,3.9,60.06006006006006,99.0,Charm,244
Women's wear,219.0,1299.0,4.0,83.14087759815243,19.0,Other,374
Women's wear,499.0,1999.0,4.1,75.03751875937968,99.0,Charm,88
Women's wear,269.0,999.0,3.7,73.07307307307308,69.0,Other,442
Women's wear,259.0,699.0,3.7,62.94706723891274,59.0,Other,402
Women's wear,685.0,999.0,4.1,31.431431431431434,85.0,Other,298
Women's wear,289.0,999.0,3.8,71.07107107107107,89.0,Other,310
Women's wear,229.0,1299.0,3.5,82.37105465742879,29.0,Other,312
Women's wear,399.0,1299.0,4.0,69.28406466512702,99.0,Charm,145
Women's wear,599.0,,4.0,,99.0,Charm,479
Women's wear,1709.0,2999.0,4.0,43.01433811270424,9.0,Other,463
Women's wear,299.0,999.0,3.9,70.07007007007007,99.0,Charm,187
Women's wear,359.0,999.0,3.9,64.06406406406407,59.0,Other,274
Women's wear,399.0,999.0,4.0,60.06006006006006,99.0,Charm,369
Women's wear,399.0,999.0,4.0,60.06006006006006,99.0,Charm,382
Women's wear,720.0,1499.0,4.3,51.96797865243495,20.0,Other,401
Women's wear,839.0,1199.0,3.8,30.025020850708923,39.0,Other,327
Women's wear,359.0,999.0,4.0,64.06406406406407,59.0,Other,272
Women's wear,299.0,999.0,4.0,70.07007007007007,99.0,Charm,381
Women's wear,399.0,999.0,4.1,60.06006006006006,99.0,Charm,320
Women's wear,559.0,999.0,4.0,44.04404404404404,59.0,Other,395
Women's wear,1049.0,2299.0,4.0,54.371465854719446,49.0,Other,275
Women's wear,240.0,1299.0,3.9,81.5242494226328,40.0,Other,424
Women's wear,246.0,999.0,4.1,75.37537537537537,46.0,Other,226
Women's wear,399.0,999.0,3.8,60.06006006006006,99.0,Charm,382
Women's wear,274.0,799.0,4.0,65.70713391739675,74.0,Other,487
Women's wear,259.0,1299.0,4.0,80.06158583525789,59.0,Other,145
Women's wear,399.0,999.0,4.0,60.06006006006006,99.0,Charm,397
Women's wear,399.0,999.0,4.2,60.06006006006006,99.0,Charm,78
Women's wear,477.0,533.0,3.9,10.506566604127581,77.0,Other,60
Women's wear,399.0,999.0,4.1,60.06006006006006,99.0,Charm,189
Women's wear,398.0,999.0,3.8,60.16016016016016,98.0,Other,212
Women's wear,359.0,899.0,3.9,60.06674082313682,59.0,Other,445
Women's wear,1949.0,2999.0,3.6,35.01167055685229,49.0,Other,129
Women's wear,170.0,,4.2,,70.0,Other,464
Women's wear,399.0,999.0,4.5,60.06006006006006,99.0,Charm,333
Women's wear,299.0,799.0,4.0,62.57822277847309,99.0,Charm,381
Women's wear,143.0,169.0,4.3,15.384615384615385,43.0,Other,366
Women's wear,205.0,499.0,3.7,58.91783567134269,5.0,Other,479
Women's wear,519.0,799.0,4.0,35.04380475594493,19.0,Other,74
Women's wear,379.0,499.0,3.9,24.04809619238477,79.0,Other,97
Women's wear,260.0,599.0,4.1,56.594323873121866,60.0,Other,95
Women's wear,296.0,499.0,4.1,40.6813627254509,96.0,Other,97
Women's wear,579.0,899.0,3.3,35.595105672969964,79.0,Other,297
Women's wear,179.0,199.0,4.2,10.050251256281408,79.0,Other,84
Women's wear,899.0,1999.0,4.1,55.02751375687844,99.0,Charm,178
Women's wear,499.0,899.0,3.6,44.493882091212456,99.0,Charm,247
Women's wear,359.0,899.0,4.1,60.06674082313682,59.0,Other,243
Women's wear,1799.0,2999.0,4.3,40.01333777925976,99.0,Charm,398
Women's wear,2499.0,,4.3,,99.0,Charm,306
Women's wear,141.0,189.0,4.0,25.396825396825395,41.0,Other,422
Women's wear,1829.0,2999.0,3.6,39.01300433477826,29.0,Other,286
Women's wear,167.0,499.0,3.8,66.53306613226452,67.0,Other,206
Women's wear,189.0,399.0,4.2,52.63157894736842,89.0,Other,488
Women's wear,260.0,599.0,4.1,56.594323873121866,60.0,Other,146
Women's wear,899.0,1799.0,3.5,50.0277932184547,99.0,Charm,179
Women's wear,379.0,499.0,3.9,24.04809619238477,79.0,Other,55
Women's wear,198.0,499.0,4.0,60.320641282565134,98.0,Other,285
Women's wear,1048.0,1995.0,4.0,47.468671679197996,48.0,Other,296
Women's wear,429.0,799.0,4.5,46.30788485607009,29.0,Other,154
Women's wear,249.0,299.0,3.4,16.722408026755854,49.0,Other,302
Women's wear,179.0,199.0,4.2,10.050251256281408,79.0,Other,380
Women's wear,284.0,999.0,4.1,71.57157157157157,84.0,Other,178
Women's wear,499.0,699.0,4.4,28.612303290414882,99.0,Charm,73
Women's wear,939.0,1999.0,4.1,53.02651325662831,39.0,Other,163
Women's wear,327.0,999.0,3.9,67.26726726726727,27.0,Other,87
Women's wear,253.0,650.0,3.8,61.07692307692307,53.0,Other,70
Women's wear,392.0,899.0,3.7,56.39599555061179,92.0,Other,129
Women's wear,189.0,299.0,3.8,36.78929765886287,89.0,Other,453
Women's wear,290.0,499.0,4.1,41.883767535070135,90.0,Other,243
Women's wear,299.0,399.0,4.1,25.062656641604008,99.0,Charm,160
Women's wear,1359.0,1999.0,4.6,32.016008004002,59.0,Other,330
Women's wear,279.0,799.0,4.1,65.081351689612,79.0,Other,341
Women's wear,729.0,850.0,4.4,14.23529411764706,29.0,Other,406
Women's wear,299.0,1500.0,4.0,80.06666666666666,99.0,Charm,433
Women's wear,321.0,1499.0,3.9,78.58572381587724,21.0,Other,53
Women's wear,659.0,875.0,4.1,24.685714285714287,59.0,Other,235
Women's wear,297.0,1499.0,4.0,80.18679119412941,97.0,Other,252
Women's wear,294.0,1599.0,4.1,81.61350844277673,94.0,Other,311
Women's wear,351.0,1999.0,4.0,82.44122061030515,51.0,Other,483
Women's wear,539.0,960.0,4.3,43.854166666666664,39.0,Other,132
Women's wear,273.0,2299.0,3.9,88.12527185732927,73.0,Other,279
Women's wear,299.0,999.0,4.1,70.07007007007007,99.0,Charm,474
Women's wear,559.0,3199.0,4.2,82.52578930915911,59.0,Other,120
Women's wear,296.0,1799.0,3.9,83.54641467481935,96.0,Other,336
Women's wear,349.0,2499.0,4.0,86.0344137655062,49.0,Other,298
Women's wear,874.0,,4.3,,74.0,Other,137
Women's wear,225.0,1299.0,3.8,82.67898383371825,25.0,Other,378
Women's wear,355.0,1499.0,4.1,76.31754503002001,55.0,Other,213
Women's wear,294.0,1599.0,4.1,81.61350844277673,94.0,Other,359
Women's wear,1124.0,1399.0,4.3,19.656897784131523,24.0,Other,410
Women's wear,1619.0,1799.0,4.3,10.00555864369094,19.0,Other,259
Women's wear,3259.0,4395.0,4.2,25.84755403868032,59.0,Other,207
Women's wear,16307.0,23295.0,4.8,29.997853616655934,7.0,Other,204
Women's wear,1719.0,1995.0,4.3,13.834586466165414,19.0,Other,454
Women's wear,549.0,1495.0,4.0,63.27759197324415,49.0,Other,51
Women's wear,549.0,2395.0,4.1,77.07724425887264,49.0,Other,141
Women's wear,957.0,1395.0,4.2,31.397849462365592,57.0,Other,225
Women's wear,1399.0,1999.0,4.1,30.015007503751878,99.0,Charm,457
Women's wear,619.0,1199.0,4.2,48.37364470391993,19.0,Other,341
Women's wear,649.0,1495.0,4.3,56.5886287625418,49.0,Other,167
Women's wear,494.0,999.0,3.4,50.550550550550554,94.0,Other,147
Women's wear,553.0,2695.0,4.1,79.48051948051949,53.0,Other,103
Women's wear,379.0,999.0,4.1,62.06206206206206,79.0,Other,218
Women's wear,338.0,784.0,3.5,56.88775510204081,38.0,Other,438
Women's wear,959.0,1599.0,3.4,40.025015634771734,59.0,Other,386
Women's wear,465.0,1495.0,4.0,68.89632107023411,65.0,Other,135
Women's wear,1821.0,2495.0,4.3,27.014028056112227,21.0,Other,423
Women's wear,598.0,2495.0,4.1,76.03206412825652,98.0,Other,210
Women's wear,499.0,899.0,3.5,44.493882091212456,99.0,Charm,324
Women's wear,3195.0,,4.2,,95.0,Other,225
Women's wear,843.0,1199.0,4.1,29.69140950792327,43.0,Other,197
Women's wear,554.0,2495.0,4.0,77.79559118236473,54.0,Other,219
Women's wear,449.0,699.0,3.2,35.7653791130186,49.0,Other,476
Women's wear,409.0,1699.0,3.9,75.927015891701,9.0,Other,50
Women's wear,205.0,499.0,3.6,58.91783567134269,5.0,Other,419
Women's wear,2581.0,3895.0,4.3,33.73555840821566,81.0,Other,296
Women's wear,349.0,999.0,3.9,65.06506506506507,49.0,Other,118
Women's wear,2699.0,3695.0,4.2,26.955345060893098,99.0,Charm,376
Women's wear,209.0,899.0,3.6,76.7519466073415,9.0,Other,120
Women's wear,1185.0,1495.0,4.2,20.735785953177256,85.0,Other,115
Women's wear,890.0,1199.0,4.3,25.771476230191826,90.0,Other,73
Women's wear,323.0,1299.0,3.8,75.13471901462664,23.0,Other,477
Women's wear,375.0,1999.0,3.9,81.24062031015508,75.0,Other,190
Women's wear,299.0,940.0,4.0,68.19148936170212,99.0,Charm,158
Women's wear,3999.0,6999.0,4.1,42.86326618088298,99.0,Charm,484
Women's wear,698.0,3999.0,4.8,82.54563640910227,98.0,Other,320
Women's wear,378.0,1899.0,4.0,80.09478672985783,78.0,Other,383
Women's wear,731.0,1895.0,3.9,61.42480211081794,31.0,Other,361
Women's wear,399.0,999.0,3.3,60.06006006006006,99.0,Charm,358
Women's wear,1448.0,1995.0,4.4,27.418546365914786,48.0,Other,410
Women's wear,379.0,1099.0,4.0,65.51410373066425,79.0,Other,121
Women's wear,3370.0,4650.0,4.3,27.526881720430108,70.0,Other,202
Women's wear,2999.0,4999.0,4.7,40.008001600320064,99.0,Charm,476
Women's wear,778.0,1495.0,4.2,47.95986622073578,78.0,Other,217
Women's wear,549.0,845.0,4.0,35.02958579881657,49.0,Other,354
Women's wear,744.0,1095.0,4.3,32.054794520547944,44.0,Other,363
Women's wear,854.0,1699.0,4.3,49.73513831665686,54.0,Other,478
Women's wear,699.0,1295.0,4.4,46.02316602316602,99.0,Charm,205
Women's wear,841.0,1095.0,4.3,23.19634703196347,41.0,Other,352
Women's wear,388.0,599.0,3.6,35.2253756260434,88.0,Other,435
Women's wear,868.0,1599.0,4.2,45.716072545340836,68.0,Other,188
Women's wear,999.0,1495.0,4.2,33.17725752508361,99.0,Charm,319
Women's wear,1225.0,1695.0,4.3,27.728613569321535,25.0,Other,495
Women's wear,1038.0,1295.0,4.4,19.845559845559848,38.0,Other,135
Women's wear,649.0,1999.0,4.1,67.53376688344173,49.0,Other,430
Women's wear,733.0,1095.0,4.2,33.0593607305936,33.0,Other,263
Women's wear,407.0,999.0,3.8,59.25925925925925,7.0,Other,322
Women's wear,549.0,845.0,4.0,35.02958579881657,49.0,Other,467
Women's wear,340.0,799.0,3.0,57.446808510638306,40.0,Other,186
Women's wear,852.0,995.0,4.3,14.37185929648241,52.0,Other,422
Women's wear,276.0,1422.0,3.6,80.59071729957806,76.0,Other,485
Women's wear,1021.0,1245.0,4.3,17.991967871485944,21.0,Other,484
Women's wear,695.0,899.0,4.2,22.691879866518352,95.0,Other,170
Women's wear,782.0,1498.0,4.3,47.79706275033378,82.0,Other,262
Women's wear,647.0,999.0,4.2,35.23523523523524,47.0,Other,378
Women's wear,437.0,2999.0,3.9,85.42847615871956,37.0,Other,133
Women's wear,733.0,1095.0,4.2,33.0593607305936,33.0,Other,367
Women's wear,1249.0,1495.0,4.3,16.454849498327757,49.0,Other,468
Women's wear,1679.0,2999.0,4.3,44.01467155718573,79.0,Other,199
Women's wear,489.0,1299.0,4.0,62.355658198614314,89.0,Other,478
Women's wear,649.0,1299.0,4.3,50.03849114703618,49.0,Other,261
Women's wear,2138.0,2395.0,4.3,10.730688935281837,38.0,Other,186
Women's wear,474.0,899.0,4.0,47.27474972191324,74.0,Other,298
Women's wear,1006.0,1899.0,4.3,47.02474986835176,6.0,Other,298
Women's wear,469.0,1447.0,4.0,67.58811333794057,69.0,Other,276
Women's wear,692.0,1199.0,4.2,42.28523769808174,92.0,Other,139
Women's wear,675.0,899.0,4.2,24.916573971078975,75.0,Other,270
Women's wear,521.0,1199.0,3.8,56.54712260216848,21.0,Other,350
Women's wear,549.0,1199.0,4.2,54.21184320266889,49.0,Other,430
Women's wear,690.0,999.0,4.3,30.930930930930934,90.0,Other,441
Women's wear,269.0,399.0,3.8,32.581453634085214,69.0,Other,142
Women's wear,1840.0,2300.0,4.4,20.0,40.0,Other,232
Women's wear,825.0,1199.0,4.6,31.19266055045872,25.0,Other,461
Women's wear,349.0,999.0,3.7,65.06506506506507,49.0,Other,177
Women's wear,319.0,999.0,3.9,68.06806806806807,19.0,Other,436
Women's wear,1737.0,3295.0,4.1,47.283763277693474,37.0,Other,402
Women's wear,269.0,499.0,3.6,46.09218436873748,69.0,Other,384
Women's wear,4160.0,6495.0,4.2,35.95073133179369,60.0,Other,390
Women's wear,265.0,699.0,3.6,62.08869814020028,65.0,Other,343
Women's wear,3002.0,4299.0,4.0,30.16980693184462,2.0,Other,489
Women's wear,319.0,999.0,4.3,68.06806806806807,19.0,Other,383
Women's wear,385.0,999.0,3.8,61.46146146146146,85.0,Other,97
Women's wear,3220.0,6449.0,4.1,50.06977826019538,20.0,Other,386
Women's wear,4373.0,12000.0,4.3,63.55833333333333,73.0,Other,470
Women's wear,2499.0,3595.0,4.2,30.48678720445063,99.0,Charm,443
Women's wear,239.0,999.0,3.4,76.07607607607608,39.0,Other,419
Women's wear,270.0,699.0,3.8,61.37339055793991,70.0,Other,283
Women's wear,1065.0,2199.0,3.9,51.56889495225102,65.0,Other,306
Women's wear,385.0,999.0,3.8,61.46146146146146,85.0,Other,51
Women's wear,269.0,1000.0,3.3,73.1,69.0,Other,278
Women's wear,1299.0,2699.0,3.9,51.87106335679882,99.0,Charm,439
Women's wear,2760.0,4299.0,4.2,35.7990230286113,60.0,Other,53
Women's wear,1945.0,,3.8,,45.0,Other,481
Women's wear,270.0,1299.0,3.5,79.21478060046189,70.0,Other,88
Women's wear,183.0,196.0,3.6,6.63265306122449,83.0,Other,308
Women's wear,260.0,781.0,3.3,66.70934699103714,60.0,Other,56
Women's wear,549.0,1695.0,3.5,67.61061946902655,49.0,Other,309
Women's wear,2680.0,,4.0,,80.0,Other,214
Women's wear,317.0,699.0,4.1,54.64949928469242,17.0,Other,316
Women's wear,260.0,699.0,1.4,62.80400572246065,60.0,Other,312
Women's wear,5217.0,7525.0,4.3,30.671096345514947,17.0,Other,306
Women's wear,254.0,899.0,3.6,71.7463848720801,54.0,Other,139
Women's wear,249.0,999.0,4.1,75.07507507507508,49.0,Other,213
Women's wear,4533.0,12000.0,4.0,62.224999999999994,33.0,Other,350
Women's wear,284.0,999.0,3.8,71.57157157157157,84.0,Other,196
Women's wear,260.0,1250.0,3.1,79.2,60.0,Other,199
Women's wear,261.0,500.0,3.3,47.8,61.0,Other,341
Women's wear,260.0,599.0,3.8,56.594323873121866,60.0,Other,88
Women's wear,350.0,1299.0,3.8,73.05619707467282,50.0,Other,194
Women's wear,1000.0,2700.0,4.1,62.96296296296296,0.0,Round,158
Women's wear,209.0,585.0,3.4,64.27350427350427,9.0,Other,294
Women's wear,249.0,599.0,3.7,58.43071786310517,49.0,Other,124
Women's wear,617.0,1299.0,3.8,52.501924557351806,17.0,Other,324
Women's wear,602.0,995.0,4.1,39.49748743718593,2.0,Other,135
Women's wear,619.0,897.0,4.3,30.992196209587515,19.0,Other,233
Women's wear,200.0,320.0,4.4,37.5,0.0,Round,452
Women's wear,104.0,140.0,4.2,25.71428571428571,4.0,Other,237
Women's wear,168.0,249.0,4.3,32.53012048192771,68.0,Other,453
Women's wear,255.0,360.0,4.3,29.166666666666668,55.0,Other,445
Women's wear,138.0,185.0,4.3,25.405405405405407,38.0,Other,253
Women's wear,119.0,550.0,3.6,78.36363636363637,19.0,Other,278
Women's wear,575.0,1112.0,4.5,48.29136690647482,75.0,Other,363
Women's wear,204.0,275.0,4.3,25.818181818181817,4.0,Other,133
Women's wear,255.0,360.0,4.3,29.166666666666668,55.0,Other,386
Women's wear,299.0,400.0,4.4,25.25,99.0,Charm,181
Women's wear,228.0,325.0,4.2,29.846153846153843,28.0,Other,119
Women's wear,375.0,550.0,4.4,31.818181818181817,75.0,Other,426
Women's wear,130.0,170.0,4.2,23.52941176470588,30.0,Other,157
Women's wear,258.0,370.0,4.4,30.270270270270274,58.0,Other,335
Women's wear,131.0,180.0,3.9,27.22222222222222,31.0,Other,309
Women's wear,299.0,447.0,4.2,33.1096196868009,99.0,Charm,155
Women's wear,172.0,249.0,4.3,30.923694779116467,72.0,Other,51
Women's wear,351.0,400.0,4.4,12.25,51.0,Other,412
Women's wear,160.0,185.0,4.4,13.513513513513514,60.0,Other,422
Women's wear,224.0,360.0,4.4,37.77777777777778,24.0,Other,345
Women's wear,184.0,275.0,4.4,33.09090909090909,84.0,Other,482
Women's wear,599.0,925.0,4.4,35.24324324324324,99.0,Charm,132
Women's wear,583.0,1047.0,4.2,44.3170964660936,83.0,Other,442
Women's wear,272.0,349.0,4.1,22.063037249283667,72.0,Other,184
Women's wear,240.0,799.0,4.1,69.96245306633291,40.0,Other,63
Women's wear,191.0,295.0,4.2,35.25423728813559,91.0,Other,130
Women's wear,263.0,330.0,4.4,20.303030303030305,63.0,Other,480
Women's wear,171.0,249.0,4.3,31.32530120481928,71.0,Other,481
Women's wear,147.0,200.0,4.3,26.5,47.0,Other,301
Women's wear,279.0,499.0,4.1,44.08817635270541,79.0,Other,89
Women's wear,134.0,149.0,4.3,10.06711409395973,34.0,Other,425
Women's wear,189.0,299.0,4.4,36.78929765886287,89.0,Other,209
Women's wear,317.0,449.0,4.2,29.398663697104677,17.0,Other,294
Women's wear,267.0,340.0,4.3,21.470588235294116,67.0,Other,212
Women's wear,299.0,476.0,4.1,37.18487394957983,99.0,Charm,320
Women's wear,189.0,199.0,4.2,5.025125628140704,89.0,Other,278
Women's wear,307.0,999.0,4.1,69.26926926926927,7.0,Other,107
Women's wear,760.0,999.0,4.7,23.923923923923923,60.0,Other,494
Women's wear,145.0,200.0,4.3,27.500000000000004,45.0,Other,190
Women's wear,176.0,210.0,4.2,16.19047619047619,76.0,Other,437
Women's wear,171.0,335.0,4.5,48.95522388059702,71.0,Other,126
Women's wear,128.0,320.0,4.3,60.0,28.0,Other,285
Women's wear,231.0,499.0,4.5,53.707414829659314,31.0,Other,360
Women's wear,238.0,519.0,4.5,54.14258188824663,38.0,Other,177
Women's wear,199.0,399.0,4.5,50.125313283208015,99.0,Charm,446
Women's wear,140.0,175.0,4.3,20.0,40.0,Other,399
Women's wear,200.0,399.0,4.5,49.87468671679198,0.0,Round,50
Women's wear,147.0,240.0,4.4,38.75,47.0,Other,138
Women's wear,80.0,,4.2,,80.0,Other,245
Women's wear,404.0,449.0,4.4,10.022271714922049,4.0,Other,467
Women's wear,99.0,,4.3,,99.0,Charm,421
Women's wear,170.0,,4.0,,70.0,Other,172
Women's wear,307.0,625.0,4.5,50.88,7.0,Other,269
Women's wear,375.0,470.0,4.3,20.212765957446805,75.0,Other,266
Women's wear,199.0,350.0,4.3,43.142857142857146,99.0,Charm,430
Women's wear,200.0,400.0,4.4,50.0,0.0,Round,401
Women's wear,241.0,259.0,4.3,6.94980694980695,41.0,Other,72
Women's wear,504.0,590.0,4.3,14.576271186440678,4.0,Other,425
Women's wear,207.0,399.0,4.5,48.1203007518797,7.0,Other,148
Women's wear,379.0,520.0,4.5,27.115384615384613,79.0,Other,331
Women's wear,174.0,349.0,4.4,50.1432664756447,74.0,Other,472
Women's wear,313.0,360.0,4.3,13.055555555555557,13.0,Other,462
Women's wear,249.0,,4.2,,49.0,Other,66
Women's wear,175.0,,4.3,,75.0,Other,452
Women's wear,324.0,540.0,4.5,40.0,24.0,Other,489
Women's wear,369.0,425.0,4.3,13.176470588235295,69.0,Other,187
Women's wear,166.0,175.0,4.4,5.142857142857142,66.0,Other,496
Women's wear,199.0,,4.3,,99.0,Charm,65
Women's wear,437.0,875.0,4.3,50.05714285714286,37.0,Other,85
Women's wear,549.0,645.0,4.8,14.883720930232558,49.0,Other,241
Women's wear,90.0,165.0,4.3,45.45454545454545,90.0,Other,142
Women's wear,259.0,399.0,4.3,35.08771929824561,59.0,Other,296
Women's wear,368.0,619.0,4.1,40.54927302100161,68.0,Other,232
Women's wear,188.0,399.0,4.3,52.88220551378446,88.0,Other,272
Women's wear,315.0,450.0,4.0,30.0,15.0,Other,129
Women's wear,174.0,260.0,4.3,33.07692307692307,74.0,Other,216
Women's wear,279.0,465.0,4.4,40.0,79.0,Other,58
Women's wear,256.0,270.0,4.3,5.185185185185185,56.0,Other,109
Women's wear,567.0,630.0,4.4,10.0,67.0,Other,387
Women's wear,550.0,,4.3,,50.0,Other,191
Women's wear,341.0,525.0,4.4,35.04761904761905,41.0,Other,438
Women's wear,151.0,275.0,4.4,45.09090909090909,51.0,Other,110
Women's wear,149.0,170.0,4.4,12.352941176470589,49.0,Other,90
Women's wear,155.0,170.0,4.4,8.823529411764707,55.0,Other,105
Women's wear,332.0,432.0,4.2,23.14814814814815,32.0,Other,373
Women's wear,499.0,745.0,4.8,33.02013422818792,99.0,Charm,259
Women's wear,209.0,233.0,4.5,10.300429184549357,9.0,Other,71
Women's wear,560.0,,4.4,,60.0,Other,496
Women's wear,360.0,740.0,4.4,51.35135135135135,60.0,Other,363
Women's wear,519.0,745.0,4.7,30.335570469798657,19.0,Other,400
Women's wear,399.0,,3.8,,99.0,Charm,164
Women's wear,238.0,340.0,4.5,30.0,38.0,Other,158
Women's wear,300.0,445.0,4.5,32.58426966292135,0.0,Round,120
Women's wear,630.0,,4.4,,30.0,Other,89
Women's wear,610.0,,4.3,,10.0,Other,299
Women's wear,314.0,418.0,4.5,24.880382775119617,14.0,Other,262
Women's wear,844.0,1173.0,4.4,28.04774083546462,44.0,Other,331
Women's wear,240.0,300.0,4.2,20.0,40.0,Other,344
Women's wear,149.0,230.0,4.3,35.21739130434783,49.0,Other,209
Women's wear,154.0,998.0,3.9,84.5691382765531,54.0,Other,388
Women's wear,432.0,865.0,4.4,50.05780346820809,32.0,Other,148
Women's wear,285.0,,4.3,,85.0,Other,301
Women's wear,493.0,949.0,4.4,48.050579557428875,93.0,Other,130
Women's wear,210.0,525.0,4.3,60.0,10.0,Other,289
Women's wear,291.0,499.0,4.1,41.68336673346693,91.0,Other,334
Women's wear,630.0,,4.4,,30.0,Other,299
Women's wear,326.0,435.0,4.4,25.057471264367813,26.0,Other,492
Women's wear,188.0,235.0,4.4,20.0,88.0,Other,255
Women's wear,143.0,170.0,4.4,15.88235294117647,43.0,Other,226
Women's wear,585.0,630.0,4.4,7.142857142857142,85.0,Other,276
Women's wear,440.0,734.0,4.4,40.05449591280654,40.0,Other,413
Women's wear,154.0,280.0,4.3,45.0,54.0,Other,322
Women's wear,479.0,959.0,4.4,50.05213764337852,79.0,Other,498
Women's wear,710.0,,4.4,,10.0,Other,271
Women's wear,184.0,1497.0,4.0,87.70875083500333,84.0,Other,177
Women's wear,325.0,349.0,4.1,6.876790830945559,25.0,Other,279
Women's wear,190.0,230.0,4.4,17.391304347826086,90.0,Other,233
Women's wear,272.0,450.0,4.1,39.55555555555556,72.0,Other,310
Women's wear,140.0,200.0,4.6,30.0,40.0,Other,236
Women's wear,199.0,300.0,4.1,33.666666666666664,99.0,Charm,477
Women's wear,148.0,330.0,4.4,55.15151515151515,48.0,Other,277
Women's wear,262.0,392.0,4.5,33.16326530612245,62.0,Other,447
Women's wear,207.0,230.0,4.4,10.0,7.0,Other,292
Women's wear,130.0,,4.2,,30.0,Other,386
Women's wear,233.0,333.0,4.4,30.03003003003003,33.0,Other,236
Women's wear,140.0,200.0,4.3,30.0,40.0,Other,480
Women's wear,189.0,210.0,4.5,10.0,89.0,Other,91
Women's wear,189.0,378.0,4.4,50.0,89.0,Other,238
Women's wear,135.0,,4.4,,35.0,Other,409
Women's wear,309.0,399.0,4.6,22.55639097744361,9.0,Other,287
Women's wear,267.0,445.0,4.4,40.0,67.0,Other,395
Women's wear,252.0,280.0,4.5,10.0,52.0,Other,497
Women's wear,147.0,,4.4,,47.0,Other,417
Women's wear,347.0,399.0,4.4,13.032581453634084,47.0,Other,50
Women's wear,356.0,405.0,4.4,12.098765432098766,56.0,Other,205
Women's wear,165.0,209.0,4.4,21.052631578947366,65.0,Other,69
Women's wear,157.0,225.0,4.4,30.22222222222222,57.0,Other,250
Women's wear,299.0,399.0,4.4,25.062656641604008,99.0,Charm,357
Women's wear,251.0,335.0,4.5,25.07462686567164,51.0,Other,77
Women's wear,185.0,199.0,4.4,7.035175879396985,85.0,Other,394
Women's wear,258.0,344.0,4.3,25.0,58.0,Other,82
Women's wear,173.0,300.0,4.2,42.333333333333336,73.0,Other,175
Women's wear,185.0,191.0,4.4,3.1413612565445024,85.0,Other,401
Women's wear,169.0,199.0,4.4,15.07537688442211,69.0,Other,127
Women's wear,130.0,135.0,4.4,3.7037037037037033,30.0,Other,333
Women's wear,272.0,450.0,4.2,39.55555555555556,72.0,Other,220
Women's wear,158.0,198.0,4.5,20.2020202020202,58.0,Other,365
Women's wear,191.0,225.0,4.5,15.11111111111111,91.0,Other,208
Women's wear,258.0,344.0,4.2,25.0,58.0,Other,314
Women's wear,369.0,499.0,4.4,26.052104208416832,69.0,Other,448
Women's wear,171.0,,4.4,,71.0,Other,53
Women's wear,157.0,225.0,4.4,30.22222222222222,57.0,Other,211
Women's wear,360.0,480.0,4.5,25.0,60.0,Other,457
Women's wear,225.0,300.0,3.7,25.0,25.0,Other,119
Women's wear,243.0,304.0,4.3,20.065789473684212,43.0,Other,52
Women's wear,384.0,480.0,4.5,20.0,84.0,Other,221
Women's wear,125.0,,4.4,,25.0,Other,266
Women's wear,335.0,395.0,4.4,15.18987341772152,35.0,Other,173
Women's wear,309.0,900.0,4.1,65.66666666666666,9.0,Other,147
Women's wear,629.0,699.0,4.2,10.014306151645208,29.0,Other,356
Women's wear,577.0,849.0,4.3,32.037691401649,77.0,Other,209
Women's wear,,,5.0,,,Other,460
Women's wear,238.0,450.0,4.2,47.11111111111111,38.0,Other,394
Women's wear,165.0,275.0,4.4,40.0,65.0,Other,184
Women's wear,350.0,650.0,4.4,46.15384615384615,50.0,Other,445
Women's wear,360.0,900.0,4.3,60.0,60.0,Other,238
Women's wear,120.0,199.0,4.4,39.698492462311556,20.0,Other,441
Women's wear,198.0,396.0,3.9,50.0,98.0,Other,436
Women's wear,577.0,849.0,4.4,32.037691401649,77.0,Other,309
Women's wear,403.0,850.0,4.1,52.588235294117645,3.0,Other,374
Women's wear,194.0,324.0,4.3,40.123456790123456,94.0,Other,203
Women's wear,231.0,579.0,4.3,60.10362694300518,31.0,Other,201
Women's wear,315.0,675.0,4.3,53.333333333333336,15.0,Other,325
Women's wear,403.0,1000.0,3.9,59.699999999999996,3.0,Other,119
Women's wear,119.0,199.0,4.2,40.20100502512563,19.0,Other,320
Women's wear,346.0,500.0,4.4,30.8,46.0,Other,376
Women's wear,74.0,259.0,4.3,71.42857142857143,74.0,Other,291
Women's wear,531.0,699.0,4.3,24.034334763948497,31.0,Other,140
Women's wear,259.0,305.0,4.3,15.081967213114755,59.0,Other,91
Women's wear,238.0,398.0,4.5,40.20100502512563,38.0,Other,191
Women's wear,187.0,250.0,4.3,25.2,87.0,Other,223
Women's wear,512.0,899.0,4.4,43.04783092324806,12.0,Other,407
Women's wear,569.0,999.0,4.2,43.04304304304304,69.0,Other,162
Women's wear,315.0,650.0,4.2,51.53846153846153,15.0,Other,426
Women's wear,315.0,650.0,4.4,51.53846153846153,15.0,Other,280
Women's wear,342.0,1000.0,3.8,65.8,42.0,Other,51
Women's wear,328.0,597.0,4.4,45.058626465661646,28.0,Other,64
Women's wear,327.0,500.0,4.4,34.599999999999994,27.0,Other,140
Women's wear,242.0,398.0,4.5,39.19597989949749,42.0,Other,157
Women's wear,193.0,395.0,3.4,51.13924050632911,93.0,Other,424
Women's wear,392.0,649.0,4.3,39.59938366718028,92.0,Other,202
Women's wear,241.0,324.0,4.3,25.617283950617285,41.0,Other,129
Women's wear,128.0,250.0,4.2,48.8,28.0,Other,414
Women's wear,806.0,1799.0,4.2,55.19733185102835,6.0,Other,273
Women's wear,556.0,1390.0,4.3,60.0,56.0,Other,396
Women's wear,166.0,225.0,4.1,26.222222222222225,66.0,Other,410
Women's wear,105.0,150.0,4.1,30.0,5.0,Other,329
Women's wear,569.0,999.0,4.4,43.04304304304304,69.0,Other,85
Women's wear,120.0,2695.0,4.0,95.54730983302412,20.0,Other,338
Women's wear,360.0,7345.0,3.8,95.09870660313138,60.0,Other,403
Women's wear,499.0,2400.0,4.3,79.20833333333334,99.0,Charm,162
Women's wear,289.0,999.0,4.0,71.07107107107107,89.0,Other,292
Women's wear,240.0,2245.0,3.7,89.30957683741649,40.0,Other,166
Women's wear,144.0,1449.0,3.9,90.06211180124224,44.0,Other,388
Women's wear,249.0,1499.0,4.1,83.38892595063375,49.0,Other,90
Women's wear,203.0,1000.0,4.2,79.7,3.0,Other,456
Women's wear,168.0,1164.0,3.9,85.56701030927834,68.0,Other,286
Women's wear,229.0,1499.0,4.1,84.72314876584389,29.0,Other,159
Women's wear,277.0,2497.0,3.9,88.90668802563076,77.0,Other,244
Women's wear,270.0,1999.0,4.3,86.49324662331166,70.0,Other,465
Women's wear,181.0,899.0,4.3,79.86651835372636,81.0,Other,481
Women's wear,155.0,2195.0,4.0,92.9384965831435,55.0,Other,478
Women's wear,163.0,1430.0,3.9,88.6013986013986,63.0,Other,333
Women's wear,305.0,2499.0,4.5,87.79511804721889,5.0,Other,339
Women's wear,297.0,999.0,4.2,70.27027027027027,97.0,Other,355
Women's wear,223.0,4595.0,4.1,95.14689880304678,23.0,Other,223
Women's wear,178.0,1097.0,4.0,83.7739288969918,78.0,Other,67
Women's wear,275.0,2499.0,4.1,88.99559823929572,75.0,Other,413
Women's wear,175.0,799.0,4.1,78.09762202753441,75.0,Other,441
Women's wear,228.0,4354.0,4.1,94.7634359209922,28.0,Other,174
Women's wear,129.0,999.0,3.9,87.08708708708708,29.0,Other,452
Women's wear,199.0,1499.0,4.2,86.7244829886591,99.0,Charm,233
Women's wear,205.0,1200.0,4.2,82.91666666666667,5.0,Other,81
Women's wear,155.0,999.0,4.0,84.48448448448448,55.0,Other,224
Women's wear,275.0,1999.0,4.0,86.2431215607804,75.0,Other,121
Women's wear,369.0,2999.0,4.2,87.69589863287763,69.0,Other,181
Women's wear,177.0,1499.0,4.2,88.19212808539027,77.0,Other,390
Women's wear,305.0,2499.0,4.5,87.79511804721889,5.0,Other,83
Women's wear,219.0,1999.0,4.2,89.04452226113057,19.0,Other,53
Women's wear,129.0,999.0,3.9,87.08708708708708,29.0,Other,131
Women's wear,248.0,2663.0,4.2,90.68719489297784,48.0,Other,460
Women's wear,232.0,1999.0,4.0,88.39419709854927,32.0,Other,382
Women's wear,284.0,4395.0,3.8,93.53811149032992,84.0,Other,276
Women's wear,225.0,3295.0,4.1,93.17147192716236,25.0,Other,245
Women's wear,129.0,899.0,3.9,85.65072302558399,29.0,Other,411
Women's wear,269.0,999.0,4.1,73.07307307307308,69.0,Other,277
Women's wear,199.0,799.0,4.2,75.09386733416771,99.0,Charm,443
Women's wear,187.0,899.0,4.1,79.19911012235818,87.0,Other,456
Women's wear,2184.0,4598.0,4.4,52.501087429317096,84.0,Other,387
Women's wear,1599.0,2798.0,4.4,42.85203716940672,99.0,Charm,169
Women's wear,301.0,1799.0,4.3,83.26848249027238,1.0,Other,56
Women's wear,365.0,1699.0,4.1,78.5167745732784,65.0,Other,239
Women's wear,232.0,1999.0,4.3,88.39419709854927,32.0,Other,444
Women's wear,240.0,999.0,4.0,75.97597597597597,40.0,Other,372
Women's wear,297.0,1999.0,4.0,85.14257128564282,97.0,Other,178
Women's wear,1994.0,4198.0,4.4,52.50119104335398,94.0,Other,250
Women's wear,149.0,299.0,3.9,50.16722408026756,49.0,Other,256
Women's wear,349.0,2399.0,3.8,85.4522717799083,49.0,Other,125
Women's wear,354.0,1999.0,4.0,82.29114557278639,54.0,Other,298
Women's wear,1799.0,3198.0,4.4,43.74609130706691,99.0,Charm,363
Women's wear,312.0,1999.0,4.2,84.39219609804903,12.0,Other,265
Women's wear,157.0,599.0,4.1,73.78964941569282,57.0,Other,361
Women's wear,191.0,999.0,4.0,80.88088088088088,91.0,Other,417
Women's wear,1999.0,3398.0,4.4,41.17127722189523,99.0,Charm,484
Women's wear,1045.0,2599.0,4.5,59.79222777991535,45.0,Other,403
Women's wear,234.0,1197.0,4.4,80.45112781954887,34.0,Other,280
Women's wear,466.0,2299.0,4.1,79.73031752936059,66.0,Other,486
Women's wear,1599.0,3198.0,4.4,50.0,99.0,Charm,217
Women's wear,352.0,1999.0,3.9,82.3911955977989,52.0,Other,184
Women's wear,338.0,1299.0,4.2,73.97998460354118,38.0,Other,61
Women's wear,356.0,1899.0,4.0,81.25329120589784,56.0,Other,454
Women's wear,1499.0,2599.0,4.0,42.323970757983844,99.0,Charm,288
Women's wear,251.0,1599.0,4.2,84.30268918073797,51.0,Other,201
Women's wear,,,3.5,,,Other,166
Women's wear,199.0,1250.0,3.6,84.08,99.0,Charm,456
Women's wear,1599.0,2798.0,4.4,42.85203716940672,99.0,Charm,395
Women's wear,187.0,999.0,3.3,81.28128128128128,87.0,Other,404
Women's wear,294.0,1499.0,4.2,80.38692461641094,94.0,Other,360
Women's wear,147.0,499.0,4.1,70.54108216432866,47.0,Other,325
Women's wear,1899.0,3798.0,4.4,50.0,99.0,Charm,402
Women's wear,1599.0,2598.0,4.3,38.4526558891455,99.0,Charm,234
Women's wear,193.0,1599.0,4.4,87.92995622263915,93.0,Other,311
Women's wear,220.0,599.0,4.1,63.272120200333895,20.0,Other,76
Women's wear,1900.0,3398.0,3.9,44.084755738669806,0.0,Round,191
Women's wear,130.0,599.0,4.0,78.29716193656094,30.0,Other,469
Women's wear,224.0,1200.0,3.9,81.33333333333333,24.0,Other,324
Women's wear,335.0,1799.0,3.7,81.37854363535297,35.0,Other,411
Women's wear,1994.0,4198.0,4.4,52.50119104335398,94.0,Other,68
Women's wear,32898.0,34629.0,3.9,4.998700511132288,98.0,Other,397
Women's wear,31567.0,39459.0,3.9,20.000506855216805,67.0,Other,303
Women's wear,799.0,1009.0,4.2,20.812685827552034,99.0,Charm,387
Women's wear,27091.0,30785.0,4.2,11.99935033295436,91.0,Other,88
Women's wear,12810.0,14730.0,4.3,13.034623217922606,10.0,Other,137
Women's wear,669.0,1009.0,4.5,33.696729435084244,69.0,Other,227
Women's wear,729.0,1509.0,3.8,51.689860834990064,29.0,Other,268
Women's wear,28260.0,,3.9,,60.0,Other,164
Women's wear,11653.0,15422.0,4.2,24.43911295551809,53.0,Other,311
Women's wear,7425.0,11828.0,4.6,37.225228271897194,25.0,Other,247
Women's wear,2149.0,3309.0,4.0,35.05590812934422,49.0,Other,476
Women's wear,36593.0,38519.0,3.9,5.000129806069731,93.0,Other,233
Women's wear,627.0,1009.0,4.0,37.85926660059465,27.0,Other,275
Women's wear,15420.0,20430.0,4.2,24.52276064610866,20.0,Other,182
Women's wear,1010.0,1100.0,4.4,8.181818181818182,10.0,Other,275
Women's wear,17959.0,22449.0,3.9,20.000890908280994,59.0,Other,237
Women's wear,679.0,1009.0,4.4,32.70564915758176,79.0,Other,314
Women's wear,1599.0,2809.0,4.3,43.07582769668921,99.0,Charm,267
Women's wear,3832.0,4350.0,4.9,11.908045977011493,32.0,Other,143
Women's wear,11240.0,11469.0,3.9,1.9966867207254337,40.0,Other,157
Women's wear,51211.0,56896.0,4.6,9.99191507311586,11.0,Other,95
Women's wear,16099.0,18875.0,4.2,14.70728476821192,99.0,Charm,184
Women's wear,5335.0,6300.0,4.9,15.317460317460318,35.0,Other,55
Women's wear,27639.0,34549.0,3.9,20.000578887956237,39.0,Other,63
Women's wear,1769.0,3300.0,4.9,46.39393939393939,69.0,Other,317
Women's wear,9499.0,13999.0,4.7,32.14515322523037,99.0,Charm,427
Women's wear,16500.0,20500.0,4.2,19.51219512195122,0.0,Round,271
Women's wear,27919.0,34899.0,3.9,20.000573082323275,19.0,Other,104
Women's wear,10399.0,15000.0,4.6,30.673333333333336,99.0,Charm,450
Women's wear,2855.0,3375.0,4.9,15.407407407407408,55.0,Other,228
Women's wear,937.0,1609.0,4.9,41.76507147296458,37.0,Other,496
Women's wear,46054.0,50059.0,3.9,8.000559339978825,54.0,Other,61
Women's wear,6759.0,15300.0,4.9,55.8235294117647,59.0,Other,213
Women's wear,20099.0,39999.0,3.9,49.75124378109453,99.0,Charm,180
Women's wear,3682.0,4350.0,4.9,15.356321839080458,82.0,Other,395
Women's wear,34573.0,35279.0,3.9,2.001190509935089,73.0,Other,389
Women's wear,1679.0,2309.0,4.7,27.28453876136856,79.0,Other,381
Women's wear,15813.0,16500.0,4.6,4.163636363636364,13.0,Other,486
Women's wear,2279.0,3209.0,3.4,28.9809909629168,79.0,Other,270
Women's wear,19294.0,20309.0,3.9,4.997784233591019,94.0,Other,467
Women's wear,6580.0,,4.6,,80.0,Other,111
Women's wear,12620.0,,4.7,,20.0,Other,266
Women's wear,21503.0,,4.7,,3.0,Other,430
Women's wear,5947.0,,4.8,,47.0,Other,140
Women's wear,12257.0,,4.5,,57.0,Other,160
Women's wear,42790.0,,4.3,,90.0,Other,70
Women's wear,30063.0,,4.6,,63.0,Other,161
Women's wear,64080.0,,4.7,,80.0,Other,50
Women's wear,29639.0,,4.7,,39.0,Other,349
Women's wear,59367.0,,4.5,,67.0,Other,268
Women's wear,6239.0,,4.6,,39.0,Other,301
Women's wear,2180.0,,4.5,,80.0,Other,111
Women's wear,60229.0,,4.6,,29.0,Other,425
Women's wear,7714.0,,4.6,,14.0,Other,99
Women's wear,18830.0,,4.6,,30.0,Other,109
Women's wear,4730.0,,4.9,,30.0,Other,188
Women's wear,3967.0,,4.6,,67.0,Other,198
Women's wear,29620.0,,4.4,,20.0,Other,107
Women's wear,1719.0,,4.6,,19.0,Other,283
Women's wear,50100.0,,4.5,,0.0,Round,373
Women's wear,59182.0,,4.5,,82.0,Other,383
Women's wear,58470.0,,4.5,,70.0,Other,222
Women's wear,64680.0,,4.6,,80.0,Other,116
Women's wear,2220.0,,4.6,,20.0,Other,494
Women's wear,42790.0,,4.7,,90.0,Other,326
Women's wear,6114.0,,4.6,,14.0,Other,98
Women's wear,32120.0,,4.7,,20.0,Other,89
Women's wear,50100.0,,4.3,,0.0,Round,230
Women's wear,5626.0,,4.5,,26.0,Other,62
Women's wear,1817.0,,4.7,,17.0,Other,244
Women's wear,970.0,,4.9,,70.0,Other,109
Women's wear,64080.0,,4.7,,80.0,Other,119
Women's wear,29726.0,,4.5,,26.0,Other,222
Women's wear,3120.0,,4.6,,20.0,Other,297
Women's wear,60160.0,,4.8,,60.0,Other,383
Women's wear,2490.0,,4.8,,90.0,Other,273
Women's wear,85360.0,,4.9,,60.0,Other,490
Women's wear,12990.0,,4.9,,90.0,Other,132
Women's wear,5848.0,,4.5,,48.0,Other,77
Women's wear,4499.0,,4.9,,99.0,Charm,476
Women's wear,284.0,1999.0,4.0,85.79289644822411,84.0,Other,455
Women's wear,499.0,2199.0,3.7,77.30786721236926,99.0,Charm,56
Women's wear,249.0,999.0,4.1,75.07507507507508,49.0,Other,360
Women's wear,249.0,999.0,3.8,75.07507507507508,49.0,Other,212
Women's wear,349.0,1999.0,3.8,82.54127063531766,49.0,Other,485
Women's wear,249.0,999.0,4.1,75.07507507507508,49.0,Other,240
Women's wear,249.0,999.0,4.0,75.07507507507508,49.0,Other,349
Women's wear,899.0,2199.0,4.2,59.11778080945884,99.0,Charm,154
Women's wear,249.0,999.0,4.1,75.07507507507508,49.0,Other,107
Women's wear,699.0,4999.0,4.0,86.01720344068814,99.0,Charm,351
Women's wear,299.0,999.0,3.8,70.07007007007007,99.0,Charm,126
Women's wear,499.0,1499.0,3.7,66.711140760507,99.0,Charm,173
Women's wear,699.0,4999.0,4.0,86.01720344068814,99.0,Charm,271
Women's wear,1189.0,3199.0,4.1,62.83213504220069,89.0,Other,139
Women's wear,499.0,2999.0,4.0,83.36112037345782,99.0,Charm,88
Women's wear,997.0,2999.0,4.9,66.75558519506502,97.0,Other,180
Women's wear,249.0,999.0,3.8,75.07507507507508,49.0,Other,242
Women's wear,839.0,4299.0,4.3,80.48383344963945,39.0,Other,94
Women's wear,249.0,999.0,4.1,75.07507507507508,49.0,Other,264
Women's wear,599.0,2199.0,3.8,72.76034561164165,99.0,Charm,133
Women's wear,249.0,999.0,3.8,75.07507507507508,49.0,Other,283
Women's wear,299.0,999.0,3.8,70.07007007007007,99.0,Charm,262
Women's wear,809.0,3399.0,4.3,76.19888202412474,9.0,Other,416
Women's wear,1100.0,1900.0,,42.10526315789473,0.0,Round,300
Women's wear,499.0,2999.0,4.0,83.36112037345782,99.0,Charm,207
Women's wear,249.0,999.0,4.1,75.07507507507508,49.0,Other,215
Women's wear,249.0,999.0,3.9,75.07507507507508,49.0,Other,300
Women's wear,989.0,1199.0,3.7,17.514595496246873,89.0,Other,387
Women's wear,299.0,999.0,3.8,70.07007007007007,99.0,Charm,190
Women's wear,299.0,999.0,3.8,70.07007007007007,99.0,Charm,200
Women's wear,249.0,999.0,4.0,75.07507507507508,49.0,Other,458
Women's wear,494.0,3149.0,4.1,84.31248015242934,94.0,Other,268
Women's wear,499.0,1699.0,3.6,70.62978222483814,99.0,Charm,403
Women's wear,494.0,1999.0,4.0,75.28764382191096,94.0,Other,165
Women's wear,989.0,3499.0,4.5,71.7347813661046,89.0,Other,398
Women's wear,999.0,2999.0,4.9,66.68889629876625,99.0,Charm,359
Women's wear,499.0,3997.0,3.7,87.51563672754565,99.0,Charm,95
Women's wear,231.0,999.0,3.9,76.87687687687688,31.0,Other,71
Women's wear,899.0,3699.0,4.1,75.69613409029468,99.0,Charm,278
Women's wear,599.0,2199.0,3.8,72.76034561164165,99.0,Charm,474
Women's wear,289.0,849.0,4.2,65.95995288574794,89.0,Other,148
Women's wear,399.0,1999.0,4.0,80.040020010005,99.0,Charm,111
Women's wear,719.0,2699.0,4.3,73.36050389032975,19.0,Other,266
Women's wear,280.0,1499.0,3.5,81.32088058705804,80.0,Other,351
Women's wear,969.0,4099.0,4.4,76.3600878262991,69.0,Other,259
Women's wear,719.0,2699.0,4.3,73.36050389032975,19.0,Other,312
Women's wear,849.0,5199.0,3.9,83.66993652625506,49.0,Other,75
Women's wear,319.0,999.0,4.2,68.06806806806807,19.0,Other,355
Women's wear,489.0,3499.0,4.2,86.024578450986,89.0,Other,98
Women's wear,629.0,4499.0,4.3,86.01911535896866,29.0,Other,132
Women's wear,719.0,2699.0,4.2,73.36050389032975,19.0,Other,306
Women's wear,288.0,749.0,4.2,61.548731642189594,88.0,Other,424
Women's wear,1434.0,2899.0,4.3,50.53466712659538,34.0,Other,262
Women's wear,355.0,1599.0,3.8,77.79862414008755,55.0,Other,373
Women's wear,251.0,1599.0,3.7,84.30268918073797,51.0,Other,346
Women's wear,289.0,849.0,4.2,65.95995288574794,89.0,Other,321
Women's wear,275.0,599.0,3.9,54.09015025041736,75.0,Other,411
Women's wear,829.0,3399.0,4.5,75.6104736687261,29.0,Other,456
Women's wear,499.0,899.0,4.4,44.493882091212456,99.0,Charm,69
Women's wear,527.0,1209.0,3.8,56.41025641025641,27.0,Other,271
Women's wear,679.0,3499.0,4.2,80.59445555873107,79.0,Other,420
Women's wear,499.0,899.0,4.4,44.493882091212456,99.0,Charm,107
Women's wear,859.0,4599.0,4.2,81.32202652750597,59.0,Other,242
Women's wear,1500.0,3000.0,4.4,50.0,0.0,Round,265
Women's wear,589.0,3299.0,4.1,82.14610488026675,89.0,Other,488
Women's wear,949.0,4490.0,4.1,78.8641425389755,49.0,Other,260
Women's wear,979.0,4799.0,4.9,79.59991664930193,79.0,Other,470
Women's wear,368.0,989.0,4.0,62.7906976744186,68.0,Other,125
Women's wear,909.0,4490.0,4.3,79.75501113585746,9.0,Other,278
Women's wear,1129.0,5375.0,4.2,78.9953488372093,29.0,Other,387
Women's wear,649.0,3090.0,4.1,78.9967637540453,49.0,Other,156
Women's wear,249.0,499.0,4.1,50.1002004008016,49.0,Other,102
Women's wear,629.0,2590.0,4.0,75.71428571428571,29.0,Other,251
Women's wear,1219.0,4550.0,4.3,73.20879120879121,19.0,Other,479
Women's wear,719.0,4599.0,4.3,84.36616655794738,19.0,Other,65
Women's wear,1500.0,3000.0,4.4,50.0,0.0,Round,60
Women's wear,229.0,499.0,3.9,54.10821643286573,29.0,Other,56
Women's wear,1039.0,2490.0,4.2,58.27309236947791,39.0,Other,87
Women's wear,569.0,1299.0,4.1,56.19707467282525,69.0,Other,97
Women's wear,719.0,2699.0,4.3,73.36050389032975,19.0,Other,138
Women's wear,299.0,1999.0,4.0,85.04252126063031,99.0,Charm,470
Women's wear,404.0,1496.0,4.0,72.99465240641712,4.0,Other,163
Women's wear,179.0,1999.0,3.9,91.0455227613807,79.0,Other,164
Women's wear,179.0,1999.0,3.9,91.0455227613807,79.0,Other,478
Women's wear,444.0,2199.0,4.0,79.80900409276944,44.0,Other,444
Women's wear,629.0,3999.0,4.2,84.27106776694173,29.0,Other,269
Women's wear,179.0,1999.0,3.9,91.0455227613807,79.0,Other,250
Women's wear,599.0,699.0,,14.306151645207441,99.0,Charm,294
Women's wear,169.0,1999.0,3.6,91.54577288644322,69.0,Other,483
Women's wear,444.0,2199.0,4.0,79.80900409276944,44.0,Other,254
Women's wear,449.0,1999.0,4.3,77.53876938469234,49.0,Other,229
Women's wear,499.0,2299.0,3.9,78.294910830796,99.0,Charm,373
Women's wear,499.0,5999.0,4.4,91.68194699116519,99.0,Charm,194
Women's wear,329.0,2899.0,4.3,88.65125905484649,29.0,Other,76
Women's wear,329.0,2899.0,4.3,88.65125905484649,29.0,Other,400
Women's wear,449.0,2499.0,3.9,82.0328131252501,49.0,Other,417
Women's wear,341.0,1499.0,4.0,77.2515010006671,41.0,Other,157
Women's wear,669.0,1999.0,4.2,66.53326663331666,69.0,Other,400
Women's wear,399.0,999.0,4.2,60.06006006006006,99.0,Charm,98
Women's wear,399.0,1499.0,4.3,73.3822548365577,99.0,Charm,173
Women's wear,253.0,999.0,4.2,74.67467467467468,53.0,Other,485
Women's wear,224.0,1999.0,3.8,88.7943971985993,24.0,Other,276
Women's wear,249.0,999.0,3.9,75.07507507507508,49.0,Other,403
Women's wear,185.0,999.0,4.0,81.48148148148148,85.0,Other,277
Women's wear,404.0,1999.0,4.3,79.78989494747374,4.0,Other,327
Women's wear,231.0,999.0,4.0,76.87687687687688,31.0,Other,219
Women's wear,539.0,2399.0,4.7,77.5323051271363,39.0,Other,445
Women's wear,182.0,599.0,4.1,69.61602671118531,82.0,Other,176
Women's wear,366.0,1999.0,4.2,81.69084542271136,66.0,Other,132
Women's wear,366.0,1999.0,4.2,81.69084542271136,66.0,Other,354
Women's wear,321.0,2899.0,4.3,88.92721628147638,21.0,Other,187
Women's wear,357.0,1899.0,4.0,81.20063191153238,57.0,Other,379
Women's wear,409.0,1799.0,4.2,77.26514730405782,9.0,Other,56
Women's wear,769.0,2899.0,4.4,73.47361159020352,69.0,Other,111
Women's wear,539.0,1899.0,4.1,71.61664033701949,39.0,Other,333
Women's wear,499.0,1099.0,4.0,54.5950864422202,99.0,Charm,137
Women's wear,475.0,999.0,4.4,52.45245245245245,75.0,Other,466
Women's wear,449.0,1999.0,4.3,77.53876938469234,49.0,Other,406
Women's wear,339.0,999.0,4.3,66.06606606606607,39.0,Other,78
Women's wear,1499.0,2999.0,4.5,50.01667222407469,99.0,Charm,249
Women's wear,499.0,999.0,,50.050050050050054,99.0,Charm,275
Women's wear,499.0,999.0,,50.050050050050054,99.0,Charm,217
Women's wear,364.0,1699.0,4.3,78.57563272513242,64.0,Other,353
Women's wear,288.0,999.0,4.2,71.17117117117117,88.0,Other,181
Women's wear,474.0,3999.0,4.3,88.1470367591898,74.0,Other,121
Women's wear,288.0,999.0,4.2,71.17117117117117,88.0,Other,177
Women's wear,373.0,1699.0,4.0,78.04590935844614,73.0,Other,366
Women's wear,479.0,999.0,3.7,52.052052052052055,79.0,Other,316
Women's wear,361.0,1699.0,4.3,78.75220718069453,61.0,Other,395
Women's wear,447.0,1899.0,4.2,76.4612954186414,47.0,Other,157
Women's wear,339.0,1699.0,4.3,80.04708652148322,39.0,Other,324
Women's wear,699.0,999.0,3.7,30.03003003003003,99.0,Charm,489
Women's wear,288.0,999.0,4.2,71.17117117117117,88.0,Other,159
Women's wear,322.0,1499.0,4.2,78.51901267511674,22.0,Other,333
Women's wear,381.0,1699.0,4.2,77.5750441436139,81.0,Other,465
Women's wear,920.0,1599.0,4.0,42.464040025015635,20.0,Other,50
Women's wear,397.0,1899.0,4.3,79.09426013691416,97.0,Other,355
Women's wear,338.0,1699.0,4.2,80.10594467333726,38.0,Other,426
Women's wear,449.0,1290.0,4.4,65.1937984496124,49.0,Other,232
Women's wear,1154.0,1999.0,4.3,42.271135567783894,54.0,Other,86
Women's wear,305.0,1499.0,4.2,79.65310206804537,5.0,Other,157
Women's wear,397.0,1899.0,4.3,79.09426013691416,97.0,Other,337
Women's wear,279.0,1499.0,4.3,81.38759172781855,79.0,Other,482
Women's wear,1154.0,1999.0,4.3,42.271135567783894,54.0,Other,185
Women's wear,296.0,1499.0,4.4,80.25350233488993,96.0,Other,136
Women's wear,296.0,1499.0,4.2,80.25350233488993,96.0,Other,125
Women's wear,288.0,999.0,4.2,71.17117117117117,88.0,Other,452
Women's wear,999.0,1599.0,4.1,37.5234521575985,99.0,Charm,454
Women's wear,449.0,1200.0,4.3,62.583333333333336,49.0,Other,257
Women's wear,397.0,1899.0,4.0,79.09426013691416,97.0,Other,198
Women's wear,397.0,1799.0,4.3,77.93218454697055,97.0,Other,283
Women's wear,1154.0,1999.0,3.5,42.271135567783894,54.0,Other,76
Women's wear,799.0,2299.0,4.4,65.24575902566333,99.0,Charm,300
Women's wear,448.0,1899.0,4.4,76.40863612427593,48.0,Other,359
Women's wear,295.0,1999.0,4.2,85.24262131065534,95.0,Other,246
Women's wear,1154.0,1999.0,3.0,42.271135567783894,54.0,Other,404
Women's wear,397.0,1899.0,4.2,79.09426013691416,97.0,Other,317
Women's wear,288.0,999.0,4.2,71.17117117117117,88.0,Other,223
Women's wear,364.0,1699.0,4.3,78.57563272513242,64.0,Other,292
Women's wear,499.0,1099.0,4.2,54.5950864422202,99.0,Charm,221
Women's wear,999.0,2999.0,4.1,66.68889629876625,99.0,Charm,54
Women's wear,659.0,2000.0,1.0,67.05,59.0,Other,330
Women's wear,149.0,199.0,4.1,25.125628140703515,49.0,Other,430
Women's wear,192.0,399.0,4.0,51.8796992481203,92.0,Other,370
Women's wear,249.0,799.0,4.0,68.8360450563204,49.0,Other,303
Women's wear,319.0,1690.0,4.7,81.12426035502959,19.0,Other,238
Women's wear,648.0,1000.0,4.4,35.199999999999996,48.0,Other,281
Women's wear,529.0,999.0,3.9,47.047047047047045,29.0,Other,467
Women's wear,259.0,1190.0,4.5,78.23529411764706,59.0,Other,110
Women's wear,529.0,1799.0,4.4,70.59477487493052,29.0,Other,196
Women's wear,146.0,799.0,4.1,81.72715894868585,46.0,Other,327
Women's wear,399.0,1199.0,3.7,66.72226855713093,99.0,Charm,145
Women's wear,299.0,1290.0,4.3,76.82170542635659,99.0,Charm,314
Women's wear,404.0,850.0,4.3,52.470588235294116,4.0,Other,242
Women's wear,469.0,2799.0,4.3,83.24401571989996,69.0,Other,81
Women's wear,649.0,1599.0,4.5,59.41213258286429,49.0,Other,198
Women's wear,299.0,999.0,3.8,70.07007007007007,99.0,Charm,62
Women's wear,259.0,1290.0,4.5,79.92248062015503,59.0,Other,256
Women's wear,314.0,1199.0,4.5,73.81150959132611,14.0,Other,127
Women's wear,649.0,1299.0,4.4,50.03849114703618,49.0,Other,488
Women's wear,219.0,499.0,4.3,56.1122244488978,19.0,Other,460
Women's wear,489.0,1999.0,4.4,75.53776888444223,89.0,Other,191
Women's wear,439.0,1390.0,4.4,68.41726618705036,39.0,Other,288
Women's wear,641.0,1500.0,4.3,57.266666666666666,41.0,Other,100
Women's wear,149.0,1499.0,4.1,90.06004002668445,49.0,Other,213
Women's wear,178.0,999.0,4.0,82.18218218218219,78.0,Other,69
Women's wear,229.0,1090.0,4.1,78.9908256880734,29.0,Other,475
Women's wear,755.0,2000.0,4.4,62.25000000000001,55.0,Other,296
Women's wear,799.0,1999.0,4.7,60.030015007503756,99.0,Charm,328
Women's wear,589.0,3299.0,4.3,82.14610488026675,89.0,Other,70
Women's wear,589.0,1999.0,4.2,70.53526763381691,89.0,Other,347
Women's wear,849.0,2225.0,,61.84269662921348,49.0,Other,103
Women's wear,609.0,2299.0,4.6,73.5102218355807,9.0,Other,411
Women's wear,375.0,999.0,4.3,62.46246246246246,75.0,Other,137
Women's wear,689.0,1299.0,4.3,46.95919938414165,89.0,Other,168
Women's wear,403.0,1500.0,4.1,73.13333333333333,3.0,Other,451
Women's wear,619.0,3499.0,3.4,82.30923120891683,19.0,Other,268
Women's wear,699.0,1299.0,4.2,46.18937644341801,99.0,Charm,387
Women's wear,579.0,1999.0,4.0,71.03551775887944,79.0,Other,155
Women's wear,395.0,2000.0,3.9,80.25,95.0,Other,91
Women's wear,4000.0,6300.0,4.2,36.507936507936506,0.0,Round,356
Women's wear,5000.0,7300.0,4.2,31.506849315068493,0.0,Round,322
Women's wear,2199.0,9890.0,4.3,77.76541961577351,99.0,Charm,494
Women's wear,2299.0,9890.0,4.3,76.75429726996967,99.0,Charm,168
Women's wear,2449.0,8250.0,4.4,70.31515151515151,49.0,Other,162
Women's wear,2699.0,12670.0,4.3,78.69771112865035,99.0,Charm,167
Women's wear,2399.0,7350.0,4.4,67.36054421768708,99.0,Charm,311
Women's wear,1066.0,3700.0,4.2,71.18918918918918,66.0,Other,440
Women's wear,1799.0,7775.0,4.3,76.86173633440514,99.0,Charm,387
Women's wear,4749.0,26999.0,4.2,82.41045964665358,49.0,Other,79
Women's wear,1799.0,7775.0,4.3,76.86173633440514,99.0,Charm,137
Women's wear,11500.0,17300.0,4.0,33.52601156069364,0.0,Round,397
Women's wear,1599.0,5150.0,4.3,68.95145631067962,99.0,Charm,79
Women's wear,2199.0,9775.0,4.3,77.50383631713555,99.0,Charm,235
Women's wear,2199.0,7000.0,4.3,68.58571428571429,99.0,Charm,168
Women's wear,4000.0,6300.0,4.2,36.507936507936506,0.0,Round,222
Women's wear,4649.0,14999.0,4.3,69.00460030668711,49.0,Other,223
Women's wear,2199.0,7000.0,4.3,68.58571428571429,99.0,Charm,350
Women's wear,2699.0,12485.0,4.3,78.3820584701642,99.0,Charm,152
Women's wear,7000.0,9300.0,4.0,24.731182795698924,0.0,Round,488
Women's wear,6549.0,24730.0,4.4,73.51799433885968,49.0,Other,106
Women's wear,2299.0,9775.0,4.3,76.48081841432224,99.0,Charm,120
Women's wear,6399.0,31055.0,4.4,79.39462244405088,99.0,Charm,281
Women's wear,977.0,3299.0,4.2,70.3849651409518,77.0,Other,353
Women's wear,2699.0,11050.0,4.3,75.57466063348416,99.0,Charm,226
Women's wear,3099.0,9890.0,4.4,68.66531850353893,99.0,Charm,478
Women's wear,2199.0,7000.0,4.3,68.58571428571429,99.0,Charm,132
Women's wear,1777.0,6500.0,4.2,72.66153846153847,77.0,Other,347
Women's wear,2549.0,8250.0,4.4,69.1030303030303,49.0,Other,254
Women's wear,2699.0,11050.0,4.3,75.57466063348416,99.0,Charm,354
Women's wear,1699.0,5150.0,4.3,67.00970873786409,99.0,Charm,334
Women's wear,355.0,1499.0,4.0,76.31754503002001,55.0,Other,353
Women's wear,449.0,2799.0,4.0,83.95855662736692,49.0,Other,424
Women's wear,1949.0,6590.0,4.4,70.4248861911988,49.0,Other,171
Women's wear,1649.0,7999.0,4.1,79.38492311538943,49.0,Other,340
Women's wear,,,,,,Other,364
Women's wear,2849.0,12485.0,4.3,77.1806167400881,49.0,Other,362
Women's wear,3049.0,10390.0,4.3,70.65447545717035,49.0,Other,219
Women's wear,1799.0,8499.0,4.2,78.83280385927756,99.0,Charm,250
Women's wear,689.0,1999.0,4.2,65.5327663831916,89.0,Other,125
Women's wear,1099.0,1999.0,4.2,45.02251125562781,99.0,Charm,54
Women's wear,175.0,999.0,4.3,82.48248248248248,75.0,Other,316
Women's wear,149.0,599.0,4.1,75.12520868113522,49.0,Other,462
Women's wear,149.0,1299.0,3.8,88.52963818321786,49.0,Other,332
Women's wear,174.0,999.0,4.0,82.58258258258259,74.0,Other,297
Women's wear,129.0,999.0,4.2,87.08708708708708,29.0,Other,118
Women's wear,229.0,2495.0,4.0,90.82164328657315,29.0,Other,385
Women's wear,299.0,1999.0,3.9,85.04252126063031,99.0,Charm,227
Women's wear,129.0,999.0,4.1,87.08708708708708,29.0,Other,109
Women's wear,185.0,1699.0,4.0,89.11124190700413,85.0,Other,191
Women's wear,179.0,999.0,3.8,82.08208208208208,79.0,Other,71
Women's wear,1499.0,2700.0,4.6,44.48148148148148,99.0,Charm,435
Women's wear,149.0,998.0,3.7,85.07014028056112,49.0,Other,296
Women's wear,259.0,2599.0,4.2,90.03462870334744,59.0,Other,261
Women's wear,489.0,799.0,4.1,38.79849812265332,89.0,Other,415
Women's wear,1244.0,2700.0,4.0,53.925925925925924,44.0,Other,451
Women's wear,244.0,1599.0,3.8,84.74046278924328,44.0,Other,334
Women's wear,196.0,999.0,4.2,80.38038038038037,96.0,Other,452
Women's wear,649.0,2555.0,3.9,74.59882583170254,49.0,Other,435
Women's wear,1244.0,2700.0,3.6,53.925925925925924,44.0,Other,387
Women's wear,185.0,999.0,4.2,81.48148148148148,85.0,Other,232
Women's wear,245.0,1599.0,3.8,84.67792370231395,45.0,Other,65
Women's wear,149.0,1299.0,3.5,88.52963818321786,49.0,Other,338
Women's wear,1244.0,2700.0,4.0,53.925925925925924,44.0,Other,177
Women's wear,129.0,499.0,3.9,74.14829659318637,29.0,Other,377
Women's wear,299.0,1999.0,3.8,85.04252126063031,99.0,Charm,209
Women's wear,258.0,699.0,3.9,63.0901287553648,58.0,Other,457
Women's wear,499.0,2555.0,4.0,80.46966731898239,99.0,Charm,425
Women's wear,186.0,1299.0,4.1,85.68129330254041,86.0,Other,294
Women's wear,348.0,2256.0,4.1,84.57446808510637,48.0,Other,256
Women's wear,210.0,1299.0,3.6,83.83371824480369,10.0,Other,155
Women's wear,208.0,999.0,3.8,79.17917917917919,8.0,Other,306
Women's wear,129.0,999.0,3.9,87.08708708708708,29.0,Other,473
Women's wear,313.0,2599.0,3.8,87.95690650250097,13.0,Other,443
Women's wear,129.0,999.0,4.2,87.08708708708708,29.0,Other,72
Women's wear,949.0,1999.0,3.8,52.526263131565784,49.0,Other,385
Women's wear,129.0,399.0,3.8,67.66917293233082,29.0,Other,308
Women's wear,211.0,999.0,4.0,78.87887887887888,11.0,Other,172
Women's wear,369.0,999.0,4.1,63.06306306306306,69.0,Other,271
Women's wear,218.0,1199.0,3.8,81.81818181818183,18.0,Other,261
Women's wear,1499.0,3500.0,4.6,57.17142857142857,99.0,Charm,473
Women's wear,1439.0,3395.0,4.7,57.6141384388807,39.0,Other,447
Women's wear,679.0,3500.0,4.0,80.60000000000001,79.0,Other,418
Women's wear,499.0,2999.0,4.2,83.36112037345782,99.0,Charm,66
Women's wear,379.0,1999.0,4.2,81.04052026013007,79.0,Other,206
Women's wear,548.0,1499.0,4.0,63.44229486324217,48.0,Other,418
Women's wear,379.0,1999.0,4.2,81.04052026013007,79.0,Other,270
Women's wear,1486.0,2499.0,3.4,40.53621448579432,86.0,Other,297
Women's wear,611.0,3500.0,4.0,82.54285714285714,11.0,Other,348
Women's wear,448.0,1299.0,4.0,65.51193225558121,48.0,Other,68
Women's wear,749.0,2650.0,4.0,71.73584905660377,49.0,Other,261
Women's wear,594.0,3500.0,4.0,83.02857142857142,94.0,Other,426
Women's wear,299.0,799.0,4.1,62.57822277847309,99.0,Charm,333
Women's wear,399.0,999.0,4.0,60.06006006006006,99.0,Charm,323
Women's wear,419.0,1299.0,4.1,67.74441878367975,19.0,Other,230
Women's wear,699.0,2999.0,3.9,76.69223074358119,99.0,Charm,449
Women's wear,399.0,1099.0,3.7,63.69426751592356,99.0,Charm,137
Women's wear,242.0,1299.0,3.1,81.37028483448807,42.0,Other,149
Women's wear,274.0,1999.0,4.0,86.29314657328663,74.0,Other,458
Women's wear,449.0,1999.0,3.9,77.53876938469234,49.0,Other,484
Women's wear,1389.0,1899.0,3.4,26.856240126382307,89.0,Other,314
Women's wear,636.0,3500.0,4.0,81.82857142857142,36.0,Other,315
Women's wear,448.0,1299.0,3.9,65.51193225558121,48.0,Other,200
Women's wear,449.0,1999.0,3.9,77.53876938469234,49.0,Other,333
Women's wear,2450.0,,4.8,,50.0,Other,422
Women's wear,233.0,1299.0,4.2,82.06312548113934,33.0,Other,461
Women's wear,1990.0,,4.8,,90.0,Other,355
Women's wear,499.0,1999.0,3.9,75.03751875937968,99.0,Charm,331
Women's wear,275.0,1799.0,3.3,84.71372984991662,75.0,Other,112
Women's wear,2450.0,,4.8,,50.0,Other,261
Women's wear,428.0,1299.0,3.8,67.05157813702847,28.0,Other,234
Women's wear,499.0,2499.0,3.9,80.03201280512204,99.0,Charm,273
Women's wear,249.0,1299.0,4.0,80.83140877598153,49.0,Other,98
Women's wear,3790.0,,4.8,,90.0,Other,434
Women's wear,679.0,899.0,4.1,24.47163515016685,79.0,Other,276
Women's wear,499.0,2499.0,3.9,80.03201280512204,99.0,Charm,69
Women's wear,3725.0,,4.8,,25.0,Other,188
Women's wear,299.0,1299.0,4.0,76.98229407236336,99.0,Charm,287
Women's wear,3450.0,,4.8,,50.0,Other,407
Women's wear,449.0,1999.0,3.9,77.53876938469234,49.0,Other,123
Bady and Kids,399.0,1999.0,4.0,80.040020010005,99.0,Charm,63
Bady and Kids,399.0,1499.0,4.0,73.3822548365577,99.0,Charm,480
Bady and Kids,303.0,1999.0,4.1,84.8424212106053,3.0,Other,365
Bady and Kids,809.0,2499.0,4.1,67.62705082032812,9.0,Other,126
Bady and Kids,290.0,900.0,4.0,67.77777777777779,90.0,Other,243
Bady and Kids,172.0,899.0,3.9,80.86763070077865,72.0,Other,203
Bady and Kids,225.0,999.0,3.9,77.47747747747748,25.0,Other,75
Bady and Kids,399.0,999.0,3.8,60.06006006006006,99.0,Charm,104
Bady and Kids,244.0,999.0,4.1,75.57557557557557,44.0,Other,213
Bady and Kids,179.0,399.0,3.9,55.13784461152882,79.0,Other,472
Bady and Kids,299.0,1299.0,3.8,76.98229407236336,99.0,Charm,216
Bady and Kids,299.0,1299.0,3.9,76.98229407236336,99.0,Charm,454
Bady and Kids,207.0,899.0,4.0,76.97441601779755,7.0,Other,256
Bady and Kids,779.0,1999.0,4.0,61.030515257628814,79.0,Other,365
Bady and Kids,396.0,1500.0,4.2,73.6,96.0,Other,69
Bady and Kids,299.0,999.0,4.0,70.07007007007007,99.0,Charm,493
Bady and Kids,371.0,1999.0,4.1,81.44072036018008,71.0,Other,112
Bady and Kids,367.0,1999.0,3.9,81.64082041020511,67.0,Other,259
Bady and Kids,364.0,1499.0,4.1,75.71714476317545,64.0,Other,155
Bady and Kids,404.0,529.0,4.0,23.629489603024574,4.0,Other,94
Bady and Kids,449.0,1299.0,4.0,65.43494996150885,49.0,Other,151
Bady and Kids,278.0,1999.0,4.0,86.09304652326163,78.0,Other,439
Bady and Kids,322.0,999.0,4.0,67.76776776776778,22.0,Other,337
Bady and Kids,313.0,1299.0,4.1,75.90454195535027,13.0,Other,340
Bady and Kids,199.0,799.0,4.1,75.09386733416771,99.0,Charm,440
Bady and Kids,188.0,899.0,4.1,79.08787541713015,88.0,Other,367
Bady and Kids,371.0,1999.0,4.1,81.44072036018008,71.0,Other,124
Bady and Kids,479.0,1999.0,4.0,76.03801900950475,79.0,Other,388
Bady and Kids,399.0,1599.0,4.2,75.046904315197,99.0,Charm,293
Bady and Kids,135.0,499.0,3.5,72.94589178356713,35.0,Other,438
Bady and Kids,360.0,999.0,4.2,63.96396396396396,60.0,Other,188
Bady and Kids,499.0,2100.0,4.4,76.23809523809524,99.0,Charm,154
Bady and Kids,358.0,1500.0,4.1,76.13333333333333,58.0,Other,450
Bady and Kids,399.0,1999.0,3.9,80.040020010005,99.0,Charm,393
Bady and Kids,594.0,3998.0,3.8,85.14257128564282,94.0,Other,198
Bady and Kids,691.0,4796.0,3.9,85.59216013344454,91.0,Other,248
Bady and Kids,400.0,1299.0,4.2,69.20708237105467,0.0,Round,109
Bady and Kids,313.0,1299.0,4.1,75.90454195535027,13.0,Other,111
Bady and Kids,290.0,1999.0,4.0,85.49274637318659,90.0,Other,148
Bady and Kids,499.0,2599.0,3.7,80.80030781069642,99.0,Charm,139
Bady and Kids,203.0,1399.0,3.9,85.48963545389564,3.0,Other,258
Bady and Kids,199.0,1399.0,3.9,85.77555396711936,99.0,Charm,189
Bady and Kids,244.0,999.0,4.1,75.57557557557557,44.0,Other,253
Bady and Kids,371.0,1999.0,4.1,81.44072036018008,71.0,Other,164
Bady and Kids,313.0,1299.0,4.1,75.90454195535027,13.0,Other,249
Bady and Kids,449.0,1799.0,4.2,75.04168982768205,49.0,Other,323
Bady and Kids,199.0,1999.0,4.0,90.04502251125562,99.0,Charm,378
Bady and Kids,730.0,4995.0,4.0,85.38538538538538,30.0,Other,275
Bady and Kids,371.0,1999.0,4.1,81.44072036018008,71.0,Other,53
Bady and Kids,228.0,1399.0,4.1,83.70264474624733,28.0,Other,76
Bady and Kids,313.0,1299.0,4.1,75.90454195535027,13.0,Other,54
Bady and Kids,730.0,4995.0,4.1,85.38538538538538,30.0,Other,243
Bady and Kids,432.0,2998.0,4.1,85.59039359573049,32.0,Other,144
Bady and Kids,239.0,499.0,4.1,52.104208416833664,39.0,Other,198
Bady and Kids,329.0,1399.0,4.1,76.4832022873481,29.0,Other,473
Bady and Kids,199.0,1399.0,3.8,85.77555396711936,99.0,Charm,103
Bady and Kids,249.0,999.0,4.1,75.07507507507508,49.0,Other,274
Bady and Kids,269.0,1999.0,3.7,86.5432716358179,69.0,Other,342
Bady and Kids,378.0,1899.0,4.4,80.09478672985783,78.0,Other,308
Bady and Kids,730.0,4995.0,4.1,85.38538538538538,30.0,Other,102
Bady and Kids,359.0,1299.0,4.2,72.36335642802155,59.0,Other,230
Bady and Kids,371.0,1999.0,4.1,81.44072036018008,71.0,Other,91
Bady and Kids,470.0,1899.0,4.3,75.25013164823592,70.0,Other,388
Bady and Kids,730.0,4995.0,4.0,85.38538538538538,30.0,Other,299
Bady and Kids,296.0,1999.0,3.9,85.19259629814907,96.0,Other,367
Bady and Kids,312.0,1999.0,3.9,84.39219609804903,12.0,Other,291
Bady and Kids,466.0,2199.0,3.8,78.80854934060937,66.0,Other,429
Bady and Kids,349.0,1299.0,4.1,73.13317936874519,49.0,Other,449
Bady and Kids,469.0,1899.0,4.3,75.30279094260138,69.0,Other,53
Bady and Kids,223.0,999.0,4.0,77.67767767767768,23.0,Other,268
Bady and Kids,332.0,1799.0,4.2,81.54530294608115,32.0,Other,414
Bady and Kids,368.0,1119.0,4.4,67.11349419124218,68.0,Other,408
Bady and Kids,341.0,1479.0,4.1,76.94388100067613,41.0,Other,162
Bady and Kids,314.0,1499.0,3.8,79.0527018012008,14.0,Other,492
Bady and Kids,199.0,1399.0,4.1,85.77555396711936,99.0,Charm,141
Bady and Kids,730.0,4995.0,4.1,85.38538538538538,30.0,Other,355
Bady and Kids,699.0,1999.0,4.3,65.03251625812906,99.0,Charm,184
Bady and Kids,390.0,1999.0,4.2,80.49024512256128,90.0,Other,458
Bady and Kids,298.0,1499.0,4.2,80.12008005336891,98.0,Other,128
Bady and Kids,399.0,999.0,3.4,60.06006006006006,99.0,Charm,157
Bady and Kids,499.0,1999.0,3.9,75.03751875937968,99.0,Charm,493
Bady and Kids,799.0,1599.0,4.0,50.03126954346466,99.0,Charm,86
Bady and Kids,172.0,899.0,3.9,80.86763070077865,72.0,Other,418
Bady and Kids,225.0,999.0,3.9,77.47747747747748,25.0,Other,60
Bady and Kids,207.0,899.0,4.0,76.97441601779755,7.0,Other,224
Bady and Kids,199.0,799.0,4.1,75.09386733416771,99.0,Charm,257
Bady and Kids,188.0,899.0,4.1,79.08787541713015,88.0,Other,55
Bady and Kids,799.0,1599.0,4.0,50.03126954346466,99.0,Charm,456
Bady and Kids,337.0,1199.0,4.0,71.8932443703086,37.0,Other,423
Bady and Kids,247.0,1299.0,3.9,80.98537336412626,47.0,Other,300
Bady and Kids,205.0,999.0,4.4,79.47947947947948,5.0,Other,363
Bady and Kids,799.0,1599.0,4.0,50.03126954346466,99.0,Charm,357
Bady and Kids,422.0,1999.0,3.9,78.88944472236118,22.0,Other,481
Bady and Kids,499.0,1999.0,3.8,75.03751875937968,99.0,Charm,194
Bady and Kids,499.0,1999.0,4.0,75.03751875937968,99.0,Charm,487
Bady and Kids,789.0,1599.0,3.6,50.65666041275797,89.0,Other,405
Bady and Kids,226.0,999.0,3.8,77.37737737737737,26.0,Other,361
Bady and Kids,330.0,1199.0,4.1,72.47706422018348,30.0,Other,348
Bady and Kids,285.0,899.0,4.1,68.29810901001112,85.0,Other,299
Bady and Kids,789.0,1599.0,3.6,50.65666041275797,89.0,Other,441
Bady and Kids,199.0,699.0,4.0,71.5307582260372,99.0,Charm,332
Bady and Kids,205.0,699.0,4.0,70.67238912732475,5.0,Other,416
Bady and Kids,499.0,1999.0,4.2,75.03751875937968,99.0,Charm,353
Bady and Kids,319.0,999.0,,68.06806806806807,19.0,Other,221
Bady and Kids,359.0,649.0,4.0,44.684129429892145,59.0,Other,115
Bady and Kids,192.0,899.0,4.0,78.64293659621802,92.0,Other,205
Bady and Kids,164.0,799.0,4.1,79.47434292866082,64.0,Other,260
Bady and Kids,349.0,699.0,4.0,50.07153075822603,49.0,Other,160
Bady and Kids,262.0,700.0,3.9,62.57142857142857,62.0,Other,111
Bady and Kids,610.0,1999.0,4.3,69.48474237118559,10.0,Other,109
Bady and Kids,849.0,3999.0,4.4,78.76969242310578,49.0,Other,309
Bady and Kids,349.0,699.0,4.1,50.07153075822603,49.0,Other,119
Bady and Kids,205.0,845.0,4.1,75.7396449704142,5.0,Other,93
Bady and Kids,372.0,1199.0,4.1,68.97414512093411,72.0,Other,152
Bady and Kids,499.0,1999.0,3.9,75.03751875937968,99.0,Charm,397
Bady and Kids,735.0,2399.0,4.4,69.36223426427678,35.0,Other,104
Bady and Kids,498.0,1299.0,4.0,61.662817551963045,98.0,Other,65
Bady and Kids,261.0,1299.0,3.9,79.90762124711316,61.0,Other,447
Bady and Kids,468.0,1999.0,4.3,76.58829414707353,68.0,Other,353
Bady and Kids,828.0,2499.0,4.3,66.86674669867946,28.0,Other,161
Bady and Kids,303.0,1596.0,3.3,81.01503759398496,3.0,Other,433
Bady and Kids,319.0,3999.0,3.8,92.02300575143786,19.0,Other,123
Bady and Kids,244.0,799.0,4.1,69.46182728410513,44.0,Other,392
Bady and Kids,195.0,399.0,4.0,51.127819548872175,95.0,Other,168
Bady and Kids,249.0,799.0,4.0,68.8360450563204,49.0,Other,138
Bady and Kids,403.0,999.0,4.1,59.65965965965966,3.0,Other,374
Bady and Kids,244.0,999.0,4.1,75.57557557557557,44.0,Other,99
Bady and Kids,379.0,1996.0,3.3,81.0120240480962,79.0,Other,176
Bady and Kids,162.0,499.0,4.0,67.53507014028057,62.0,Other,254
Bady and Kids,360.0,999.0,4.1,63.96396396396396,60.0,Other,281
Bady and Kids,307.0,1299.0,4.1,76.36643571978445,7.0,Other,63
Bady and Kids,379.0,1996.0,3.3,81.0120240480962,79.0,Other,55
Bady and Kids,322.0,1999.0,3.9,83.89194597298649,22.0,Other,106
Bady and Kids,286.0,899.0,4.0,68.18687430478309,86.0,Other,301
Bady and Kids,259.0,1299.0,4.0,80.06158583525789,59.0,Other,406
Bady and Kids,349.0,3499.0,3.8,90.02572163475278,49.0,Other,85
Bady and Kids,695.0,1599.0,3.9,56.53533458411507,95.0,Other,154
Bady and Kids,403.0,999.0,4.1,59.65965965965966,3.0,Other,138
Bady and Kids,439.0,1499.0,4.4,70.71380920613743,39.0,Other,322
Bady and Kids,493.0,599.0,4.0,17.696160267111853,93.0,Other,346
Bady and Kids,469.0,499.0,4.6,6.012024048096192,69.0,Other,317
Bady and Kids,399.0,1400.0,4.2,71.5,99.0,Charm,118
Bady and Kids,362.0,3599.0,3.8,89.94165045846069,62.0,Other,496
Bady and Kids,270.0,1299.0,4.0,79.21478060046189,70.0,Other,485
Bady and Kids,339.0,999.0,4.1,66.06606606606607,39.0,Other,222
Bady and Kids,403.0,999.0,4.1,59.65965965965966,3.0,Other,236
Bady and Kids,180.0,499.0,3.9,63.92785571142284,80.0,Other,396
Bady and Kids,499.0,2499.0,4.0,80.03201280512204,99.0,Charm,278
Bady and Kids,359.0,499.0,4.3,28.0561122244489,59.0,Other,116
Bady and Kids,373.0,1499.0,4.0,75.1167444963309,73.0,Other,64
Bady and Kids,399.0,1400.0,4.2,71.5,99.0,Charm,420
Bady and Kids,499.0,2499.0,4.0,80.03201280512204,99.0,Charm,167
Bady and Kids,203.0,799.0,4.1,74.59324155193993,3.0,Other,465
Bady and Kids,313.0,1299.0,4.2,75.90454195535027,13.0,Other,246
Bady and Kids,534.0,2199.0,4.5,75.7162346521146,34.0,Other,394
Bady and Kids,231.0,449.0,4.0,48.55233853006681,31.0,Other,499
Bady and Kids,323.0,5000.0,4.2,93.54,23.0,Other,197
Bady and Kids,339.0,999.0,4.3,66.06606606606607,39.0,Other,275
Bady and Kids,319.0,1499.0,4.3,78.71914609739827,19.0,Other,492
Bady and Kids,499.0,799.0,3.9,37.546933667083856,99.0,Charm,221
Bady and Kids,399.0,899.0,3.9,55.61735261401557,99.0,Charm,343
Bady and Kids,399.0,899.0,3.9,55.61735261401557,99.0,Charm,427
Bady and Kids,529.0,1599.0,4.3,66.91682301438398,29.0,Other,250
Bady and Kids,259.0,1399.0,4.1,81.4867762687634,59.0,Other,166
Bady and Kids,379.0,1299.0,4.4,70.82371054657429,79.0,Other,369
Bady and Kids,629.0,1299.0,4.4,51.578137028483454,29.0,Other,250
Bady and Kids,529.0,1499.0,4.1,64.70980653769179,29.0,Other,112
Bady and Kids,399.0,899.0,3.9,55.61735261401557,99.0,Charm,211
Bady and Kids,804.0,1149.0,4.2,30.026109660574413,4.0,Other,420
Bady and Kids,409.0,949.0,4.1,56.902002107481565,9.0,Other,143
Bady and Kids,409.0,1399.0,4.3,70.76483202287348,9.0,Other,477
Bady and Kids,399.0,899.0,3.9,55.61735261401557,99.0,Charm,459
Bady and Kids,471.0,1599.0,4.1,70.54409005628519,71.0,Other,53
Bady and Kids,469.0,1499.0,4.2,68.71247498332221,69.0,Other,459
Bady and Kids,399.0,999.0,4.1,60.06006006006006,99.0,Charm,332
Bady and Kids,399.0,899.0,3.9,55.61735261401557,99.0,Charm,439
Bady and Kids,379.0,1299.0,4.4,70.82371054657429,79.0,Other,95
Bady and Kids,739.0,1499.0,4.6,50.70046697798533,39.0,Other,252
Bady and Kids,459.0,1049.0,4.1,56.244041944709245,59.0,Other,190
Bady and Kids,449.0,999.0,2.5,55.05505505505506,49.0,Other,189
Bady and Kids,439.0,1499.0,4.3,70.71380920613743,39.0,Other,340
Bady and Kids,439.0,1499.0,4.2,70.71380920613743,39.0,Other,368
Bady and Kids,559.0,1199.0,4.6,53.377814845704755,59.0,Other,204
Bady and Kids,404.0,1999.0,4.0,79.78989494747374,4.0,Other,467
Bady and Kids,539.0,1499.0,4.2,64.04269513008673,39.0,Other,87
Bady and Kids,629.0,1299.0,4.3,51.578137028483454,29.0,Other,146
Bady and Kids,459.0,1049.0,4.1,56.244041944709245,59.0,Other,466
Bady and Kids,399.0,799.0,4.1,50.06257822277848,99.0,Charm,262
Bady and Kids,409.0,1399.0,4.3,70.76483202287348,9.0,Other,405
Bady and Kids,459.0,1049.0,4.5,56.244041944709245,59.0,Other,333
Bady and Kids,559.0,1499.0,4.4,62.70847231487659,59.0,Other,85
Bady and Kids,404.0,999.0,4.0,59.55955955955956,4.0,Other,254
Bady and Kids,629.0,1000.0,4.2,37.1,29.0,Other,198
Bady and Kids,379.0,1299.0,4.4,70.82371054657429,79.0,Other,319
Bady and Kids,599.0,1299.0,4.3,53.88760585065435,99.0,Charm,365
Bady and Kids,399.0,799.0,4.1,50.06257822277848,99.0,Charm,446
Bady and Kids,829.0,1599.0,4.3,48.15509693558474,29.0,Other,205
Bady and Kids,259.0,1399.0,4.1,81.4867762687634,59.0,Other,87
Bady and Kids,629.0,1399.0,4.4,55.03931379556827,29.0,Other,310
Bady and Kids,399.0,799.0,4.1,50.06257822277848,99.0,Charm,479
Bady and Kids,348.0,925.0,4.2,62.37837837837837,48.0,Other,263
Bady and Kids,295.0,599.0,4.1,50.75125208681135,95.0,Other,339
Bady and Kids,289.0,699.0,3.6,58.6552217453505,89.0,Other,400
Bady and Kids,318.0,,4.3,,18.0,Other,434
Bady and Kids,299.0,599.0,3.3,50.08347245409015,99.0,Charm,393
Bady and Kids,299.0,665.0,3.9,55.037593984962406,99.0,Charm,328
Bady and Kids,236.0,599.0,4.2,60.60100166944908,36.0,Other,457
Bady and Kids,465.0,699.0,4.1,33.47639484978541,65.0,Other,150
Bady and Kids,419.0,799.0,3.6,47.559449311639554,19.0,Other,283
Bady and Kids,395.0,700.0,4.0,43.57142857142857,95.0,Other,72
Bady and Kids,248.0,339.0,4.0,26.843657817109147,48.0,Other,81
Bady and Kids,269.0,999.0,4.1,73.07307307307308,69.0,Other,209
Bady and Kids,204.0,899.0,4.0,77.30812013348165,4.0,Other,392
Bady and Kids,299.0,1299.0,4.1,76.98229407236336,99.0,Charm,220
Bady and Kids,524.0,1745.0,4.3,69.97134670487107,24.0,Other,420
Bady and Kids,465.0,799.0,4.2,41.80225281602002,65.0,Other,257
Bady and Kids,293.0,599.0,3.8,51.08514190317195,93.0,Other,296
Bady and Kids,299.0,1299.0,4.1,76.98229407236336,99.0,Charm,304
Bady and Kids,328.0,,4.2,,28.0,Other,133
Bady and Kids,389.0,499.0,4.1,22.044088176352705,89.0,Other,468
Bady and Kids,289.0,499.0,4.1,42.08416833667334,89.0,Other,112
Bady and Kids,849.0,1099.0,4.3,22.747952684258415,49.0,Other,57
Bady and Kids,268.0,290.0,4.1,7.586206896551724,68.0,Other,140
Bady and Kids,254.0,499.0,4.3,49.09819639278557,54.0,Other,396
Bady and Kids,399.0,799.0,3.9,50.06257822277848,99.0,Charm,141
Bady and Kids,385.0,419.0,4.2,8.1145584725537,85.0,Other,234
Bady and Kids,309.0,399.0,4.0,22.55639097744361,9.0,Other,335
Bady and Kids,299.0,469.0,4.3,36.247334754797436,99.0,Charm,120
Bady and Kids,213.0,999.0,3.9,78.67867867867868,13.0,Other,77
Bady and Kids,289.0,499.0,3.5,42.08416833667334,89.0,Other,79
Bady and Kids,299.0,899.0,4.1,66.74082313681868,99.0,Charm,240
Bady and Kids,194.0,299.0,4.0,35.11705685618729,94.0,Other,421
Bady and Kids,497.0,556.0,4.4,10.611510791366907,97.0,Other,480
Bady and Kids,395.0,700.0,4.0,43.57142857142857,95.0,Other,124
Bady and Kids,279.0,660.0,3.8,57.72727272727273,79.0,Other,229
Bady and Kids,266.0,,4.3,,66.0,Other,318
Bady and Kids,254.0,359.0,4.3,29.247910863509752,54.0,Other,76
Bady and Kids,149.0,459.0,3.8,67.53812636165577,49.0,Other,474
Bady and Kids,271.0,799.0,3.9,66.08260325406758,71.0,Other,169
Bady and Kids,435.0,799.0,4.0,45.55694618272841,35.0,Other,69
Bady and Kids,712.0,1899.0,3.7,62.506582411795684,12.0,Other,216
Bady and Kids,1319.0,2199.0,3.7,40.01819008640291,19.0,Other,373
Bady and Kids,290.0,900.0,4.0,67.77777777777779,90.0,Other,117
Bady and Kids,419.0,1599.0,4.1,73.79612257661037,19.0,Other,247
Bady and Kids,176.0,999.0,3.8,82.38238238238237,76.0,Other,305
Bady and Kids,176.0,999.0,4.0,82.38238238238237,76.0,Other,329
Bady and Kids,192.0,999.0,4.0,80.78078078078079,92.0,Other,353
Bady and Kids,399.0,1399.0,3.5,71.4796283059328,99.0,Charm,100
Bady and Kids,322.0,1499.0,4.1,78.51901267511674,22.0,Other,130
Bady and Kids,172.0,999.0,4.0,82.78278278278279,72.0,Other,151
Bady and Kids,262.0,999.0,3.9,73.77377377377378,62.0,Other,167
Bady and Kids,279.0,1499.0,4.6,81.38759172781855,79.0,Other,290
Bady and Kids,194.0,899.0,3.9,78.42046718576195,94.0,Other,160
Bady and Kids,399.0,2499.0,4.4,84.03361344537815,99.0,Charm,160
Bady and Kids,176.0,999.0,3.9,82.38238238238237,76.0,Other,182
Bady and Kids,286.0,999.0,4.1,71.37137137137137,86.0,Other,378
Bady and Kids,266.0,998.0,3.9,73.34669338677354,66.0,Other,453
Bady and Kids,172.0,999.0,3.9,82.78278278278279,72.0,Other,207
Bady and Kids,559.0,2499.0,4.3,77.63105242096839,59.0,Other,98
Bady and Kids,499.0,999.0,3.0,50.050050050050054,99.0,Charm,276
Bady and Kids,249.0,1399.0,4.2,82.20157255182274,49.0,Other,347
Bady and Kids,176.0,999.0,4.0,82.38238238238237,76.0,Other,331
Bady and Kids,173.0,999.0,3.9,82.68268268268268,73.0,Other,307
Bady and Kids,339.0,1399.0,3.5,75.76840600428878,39.0,Other,316
Bady and Kids,225.0,1299.0,3.9,82.67898383371825,25.0,Other,251
Bady and Kids,311.0,339.0,3.8,8.259587020648967,11.0,Other,63
Bady and Kids,249.0,1399.0,4.2,82.20157255182274,49.0,Other,103
Bady and Kids,449.0,1300.0,3.8,65.46153846153845,49.0,Other,207
Bady and Kids,176.0,1499.0,3.9,88.25883922615077,76.0,Other,399
Bady and Kids,559.0,2499.0,4.3,77.63105242096839,59.0,Other,242
Bady and Kids,171.0,999.0,3.9,82.88288288288288,71.0,Other,366
Bady and Kids,539.0,1999.0,4.0,73.03651825912956,39.0,Other,487
Bady and Kids,229.0,799.0,3.9,71.33917396745932,29.0,Other,396
Bady and Kids,169.0,999.0,3.9,83.08308308308308,69.0,Other,303
Bady and Kids,170.0,999.0,3.9,82.98298298298297,70.0,Other,261
Bady and Kids,899.0,2999.0,4.3,70.02334111370457,99.0,Charm,450
Bady and Kids,290.0,999.0,4.0,70.97097097097097,90.0,Other,103
Bady and Kids,266.0,599.0,3.9,55.59265442404006,66.0,Other,279
Bady and Kids,337.0,1299.0,4.2,74.05696689761355,37.0,Other,338
Bady and Kids,697.0,3199.0,4.2,78.21194123163488,97.0,Other,490
Bady and Kids,399.0,1596.0,3.4,75.0,99.0,Charm,185
Bady and Kids,297.0,799.0,4.1,62.828535669586984,97.0,Other,454
Bady and Kids,449.0,1299.0,4.0,65.43494996150885,49.0,Other,356
Bady and Kids,439.0,1599.0,3.9,72.54534083802376,39.0,Other,249
Bady and Kids,445.0,1499.0,4.1,70.31354236157439,45.0,Other,287
Bady and Kids,445.0,1499.0,4.1,70.31354236157439,45.0,Other,81
Bady and Kids,445.0,1499.0,4.1,70.31354236157439,45.0,Other,51
Bady and Kids,979.0,1799.0,4.6,45.58087826570317,79.0,Other,324
Bady and Kids,249.0,599.0,4.0,58.43071786310517,49.0,Other,356
Bady and Kids,212.0,849.0,4.0,75.02944640753827,12.0,Other,359
Bady and Kids,629.0,999.0,4.1,37.03703703703704,29.0,Other,358
Bady and Kids,350.0,799.0,4.1,56.19524405506884,50.0,Other,64
Bady and Kids,404.0,999.0,4.1,59.55955955955956,4.0,Other,449
Bady and Kids,499.0,1199.0,3.9,58.381984987489574,99.0,Charm,421
Bady and Kids,220.0,449.0,3.8,51.00222717149221,20.0,Other,271
Bady and Kids,559.0,2499.0,3.9,77.63105242096839,59.0,Other,478
Bady and Kids,240.0,599.0,4.0,59.933222036727884,40.0,Other,69
Bady and Kids,115.0,999.0,3.7,88.48848848848849,15.0,Other,469
Bady and Kids,299.0,799.0,4.3,62.57822277847309,99.0,Charm,205
Bady and Kids,1069.0,1999.0,4.7,46.52326163081541,69.0,Other,485
Bady and Kids,248.0,599.0,4.0,58.59766277128548,48.0,Other,124
Bady and Kids,719.0,2999.0,4.2,76.02534178059354,19.0,Other,58
Bady and Kids,527.0,1800.0,4.0,70.72222222222221,27.0,Other,429
Bady and Kids,751.0,1399.0,4.1,46.31879914224446,51.0,Other,409
Bady and Kids,297.0,799.0,4.1,62.828535669586984,97.0,Other,58
Bady and Kids,424.0,1099.0,4.0,61.41947224749773,24.0,Other,459
Bady and Kids,599.0,3599.0,4.0,83.35648791330925,99.0,Charm,345
Bady and Kids,799.0,3499.0,3.5,77.16490425835954,99.0,Charm,363
Bady and Kids,499.0,1999.0,3.8,75.03751875937968,99.0,Charm,334
Bady and Kids,971.0,2999.0,4.3,67.622540846949,71.0,Other,103
Bady and Kids,286.0,949.0,3.8,69.86301369863014,86.0,Other,297
Bady and Kids,799.0,3499.0,4.0,77.16490425835954,99.0,Charm,169
Bady and Kids,325.0,999.0,4.0,67.46746746746747,25.0,Other,87
Bady and Kids,599.0,3599.0,3.9,83.35648791330925,99.0,Charm,200
Bady and Kids,495.0,998.0,3.4,50.40080160320641,95.0,Other,210
Bady and Kids,227.0,499.0,4.1,54.50901803607214,27.0,Other,169
Bady and Kids,639.0,2499.0,3.9,74.42977190876351,39.0,Other,308
Bady and Kids,449.0,1499.0,3.1,70.04669779853235,49.0,Other,339
Bady and Kids,411.0,999.0,4.1,58.85885885885885,11.0,Other,361
Bady and Kids,356.0,699.0,4.2,49.07010014306152,56.0,Other,242
Bady and Kids,499.0,899.0,4.1,44.493882091212456,99.0,Charm,99
Bady and Kids,563.0,2899.0,4.2,80.57951017592274,63.0,Other,425
Bady and Kids,360.0,999.0,4.2,63.96396396396396,60.0,Other,317
Bady and Kids,199.0,1999.0,4.0,90.04502251125562,99.0,Charm,99
Bady and Kids,101.0,899.0,4.3,88.76529477196885,1.0,Other,274
Bady and Kids,449.0,1799.0,4.2,75.04168982768205,49.0,Other,320
Bady and Kids,563.0,1899.0,4.2,70.35281727224854,63.0,Other,216
Bady and Kids,610.0,3199.0,4.2,80.9315411065958,10.0,Other,231
Bady and Kids,247.0,799.0,4.2,69.0863579474343,47.0,Other,142
Bady and Kids,559.0,1800.0,4.3,68.94444444444444,59.0,Other,228
Bady and Kids,465.0,1299.0,4.4,64.20323325635104,65.0,Other,277
Bady and Kids,179.0,999.0,4.1,82.08208208208208,79.0,Other,209
Bady and Kids,378.0,1899.0,4.2,80.09478672985783,78.0,Other,445
Bady and Kids,449.0,1899.0,4.1,76.35597682991047,49.0,Other,262
Bady and Kids,375.0,1899.0,3.9,80.25276461295418,75.0,Other,321
Bady and Kids,261.0,499.0,4.4,47.69539078156313,61.0,Other,358
Bady and Kids,244.0,499.0,4.3,51.10220440881763,44.0,Other,367
Bady and Kids,285.0,799.0,4.2,64.33041301627034,85.0,Other,312
Bady and Kids,563.0,1799.0,4.3,68.70483602001111,63.0,Other,70
Bady and Kids,399.0,999.0,4.1,60.06006006006006,99.0,Charm,54
Bady and Kids,199.0,499.0,4.2,60.120240480961925,99.0,Charm,98
Bady and Kids,550.0,2099.0,4.2,73.79704621248213,50.0,Other,288
Bady and Kids,499.0,1899.0,4.7,73.72301211163771,99.0,Charm,107
Bady and Kids,599.0,999.0,4.1,40.04004004004004,99.0,Charm,386
Bady and Kids,563.0,1899.0,4.2,70.35281727224854,63.0,Other,180
Bady and Kids,449.0,1499.0,4.0,70.04669779853235,49.0,Other,185
Bady and Kids,229.0,1999.0,4.5,88.54427213606803,29.0,Other,143
Bady and Kids,399.0,999.0,4.1,60.06006006006006,99.0,Charm,77
Bady and Kids,301.0,1499.0,3.9,79.91994663108738,1.0,Other,405
Bady and Kids,299.0,899.0,3.3,66.74082313681868,99.0,Charm,382
Bady and Kids,301.0,1499.0,3.7,79.91994663108738,1.0,Other,275
Bady and Kids,799.0,1299.0,4.1,38.49114703618168,99.0,Charm,69
Bady and Kids,550.0,2099.0,4.1,73.79704621248213,50.0,Other,136
Bady and Kids,199.0,499.0,4.1,60.120240480961925,99.0,Charm,104
Bady and Kids,436.0,1299.0,4.2,66.43571978444957,36.0,Other,361
Bady and Kids,719.0,1999.0,4.2,64.032016008004,19.0,Other,52
Bady and Kids,563.0,1599.0,4.2,64.79049405878673,63.0,Other,470
Bady and Kids,449.0,1499.0,4.2,70.04669779853235,49.0,Other,336
Bady and Kids,469.0,1899.0,4.0,75.30279094260138,69.0,Other,372
Bady and Kids,290.0,999.0,4.0,70.97097097097097,90.0,Other,340
Bady and Kids,1391.0,1599.0,4.1,13.008130081300814,91.0,Other,439
Bady and Kids,284.0,299.0,4.3,5.016722408026756,84.0,Other,126
Bady and Kids,248.0,599.0,4.1,58.59766277128548,48.0,Other,436
Bady and Kids,329.0,999.0,3.8,67.06706706706707,29.0,Other,478
Bady and Kids,247.0,599.0,4.1,58.764607679465776,47.0,Other,433
Bady and Kids,249.0,490.0,4.1,49.183673469387756,49.0,Other,389
Bady and Kids,338.0,799.0,4.1,57.69712140175219,38.0,Other,402
Bady and Kids,284.0,299.0,4.2,5.016722408026756,84.0,Other,320
Bady and Kids,207.0,599.0,4.0,65.4424040066778,7.0,Other,136
Bady and Kids,551.0,699.0,4.2,21.17310443490701,51.0,Other,206
Bady and Kids,204.0,899.0,4.0,77.30812013348165,4.0,Other,106
Bady and Kids,503.0,599.0,4.3,16.026711185308848,3.0,Other,169
Bady and Kids,387.0,1199.0,4.0,67.72310258548791,87.0,Other,122
Bady and Kids,279.0,599.0,3.8,53.42237061769616,79.0,Other,84
Bady and Kids,338.0,799.0,4.1,57.69712140175219,38.0,Other,252
Bady and Kids,349.0,499.0,4.2,30.060120240480963,49.0,Other,153
Bady and Kids,286.0,576.0,3.3,50.34722222222222,86.0,Other,478
Bady and Kids,399.0,899.0,4.1,55.61735261401557,99.0,Charm,88
Bady and Kids,234.0,899.0,3.9,73.97107897664071,34.0,Other,495
Bady and Kids,872.0,899.0,4.1,3.0033370411568407,72.0,Other,380
Bady and Kids,345.0,699.0,3.0,50.64377682403433,45.0,Other,353
Bady and Kids,195.0,479.0,4.0,59.2901878914405,95.0,Other,97
Bady and Kids,199.0,1199.0,3.9,83.40283569641367,99.0,Charm,341
Bady and Kids,1053.0,1497.0,4.0,29.659318637274552,53.0,Other,306
Bady and Kids,199.0,1199.0,4.0,83.40283569641367,99.0,Charm,475
Bady and Kids,498.0,1579.0,3.9,68.46105129829006,98.0,Other,208
Bady and Kids,269.0,549.0,4.0,51.001821493624774,69.0,Other,103
Bady and Kids,424.0,599.0,4.5,29.215358931552586,24.0,Other,307
Bady and Kids,274.0,799.0,3.9,65.70713391739675,74.0,Other,395
Bady and Kids,197.0,699.0,3.6,71.81688125894135,97.0,Other,459
Bady and Kids,269.0,599.0,3.4,55.09181969949917,69.0,Other,100
Bady and Kids,424.0,499.0,4.1,15.030060120240481,24.0,Other,231
Bady and Kids,323.0,599.0,3.9,46.07679465776294,23.0,Other,324
Bady and Kids,287.0,550.0,3.8,47.81818181818182,87.0,Other,181
Bady and Kids,271.0,799.0,3.9,66.08260325406758,71.0,Other,185
Bady and Kids,591.0,749.0,4.4,21.09479305740988,91.0,Other,430
Bady and Kids,330.0,599.0,3.7,44.90818030050083,30.0,Other,286
Bady and Kids,248.0,260.0,3.7,4.615384615384616,48.0,Other,394
Bady and Kids,269.0,999.0,3.5,73.07307307307308,69.0,Other,153
Bady and Kids,1170.0,1497.0,4.0,21.8436873747495,70.0,Other,404
Bady and Kids,499.0,1999.0,4.0,75.03751875937968,99.0,Charm,419
Bady and Kids,499.0,1499.0,4.0,66.711140760507,99.0,Charm,282
Bady and Kids,184.0,599.0,3.9,69.2821368948247,84.0,Other,461
Bady and Kids,279.0,599.0,4.3,53.42237061769616,79.0,Other,187
Bady and Kids,236.0,999.0,4.2,76.37637637637637,36.0,Other,243
Bady and Kids,186.0,700.0,4.3,73.42857142857143,86.0,Other,342
Bady and Kids,246.0,999.0,4.4,75.37537537537537,46.0,Other,157
Bady and Kids,509.0,999.0,4.4,49.049049049049046,9.0,Other,299
Bady and Kids,172.0,599.0,3.9,71.28547579298832,72.0,Other,205
Bady and Kids,249.0,999.0,4.0,75.07507507507508,49.0,Other,53
Bady and Kids,184.0,599.0,3.9,69.2821368948247,84.0,Other,249
Bady and Kids,509.0,999.0,4.4,49.049049049049046,9.0,Other,328
Bady and Kids,279.0,599.0,4.0,53.42237061769616,79.0,Other,146
Bady and Kids,239.0,999.0,4.3,76.07607607607608,39.0,Other,53
Bady and Kids,299.0,999.0,4.3,70.07007007007007,99.0,Charm,77
Bady and Kids,466.0,999.0,4.4,53.35335335335335,66.0,Other,216
Bady and Kids,246.0,999.0,4.0,75.37537537537537,46.0,Other,314
Bady and Kids,411.0,1199.0,4.2,65.72143452877398,11.0,Other,136
Bady and Kids,186.0,700.0,4.3,73.42857142857143,86.0,Other,235
Bady and Kids,466.0,999.0,4.4,53.35335335335335,66.0,Other,69
Bady and Kids,184.0,599.0,3.9,69.2821368948247,84.0,Other,313
Bady and Kids,479.0,1699.0,4.2,71.80694526191877,79.0,Other,264
Bady and Kids,400.0,1199.0,4.2,66.63886572143453,0.0,Round,182
Bady and Kids,699.0,999.0,3.8,30.03003003003003,99.0,Charm,436
Bady and Kids,186.0,700.0,4.3,73.42857142857143,86.0,Other,197
Bady and Kids,149.0,529.0,4.3,71.83364839319471,49.0,Other,91
Bady and Kids,244.0,999.0,4.4,75.57557557557557,44.0,Other,240
Bady and Kids,422.0,2299.0,4.2,81.64419312744671,22.0,Other,89
Bady and Kids,346.0,1699.0,4.1,79.635079458505,46.0,Other,339
Bady and Kids,242.0,999.0,4.2,75.77577577577578,42.0,Other,282
Bady and Kids,246.0,1299.0,4.2,81.06235565819861,46.0,Other,288
Bady and Kids,699.0,999.0,3.8,30.03003003003003,99.0,Charm,390
Bady and Kids,399.0,999.0,3.9,60.06006006006006,99.0,Charm,66
Bady and Kids,399.0,1459.0,4.1,72.6525017135024,99.0,Charm,395
Bady and Kids,416.0,999.0,4.2,58.35835835835835,16.0,Other,361
Bady and Kids,460.0,1999.0,3.6,76.98849424712357,60.0,Other,407
Bady and Kids,236.0,999.0,4.2,76.37637637637637,36.0,Other,278
Bady and Kids,281.0,999.0,4.1,71.87187187187187,81.0,Other,400
Bady and Kids,314.0,899.0,4.5,65.07230255839822,14.0,Other,486
Bady and Kids,449.0,999.0,4.6,55.05505505505506,49.0,Other,62
Bady and Kids,399.0,999.0,3.4,60.06006006006006,99.0,Charm,342
Bady and Kids,349.0,999.0,4.1,65.06506506506507,49.0,Other,139
Bady and Kids,360.0,999.0,4.2,63.96396396396396,60.0,Other,436
Bady and Kids,599.0,1299.0,4.4,53.88760585065435,99.0,Charm,320
Bady and Kids,299.0,799.0,4.3,62.57822277847309,99.0,Charm,279
Bady and Kids,299.0,899.0,3.3,66.74082313681868,99.0,Charm,300
Bady and Kids,470.0,1899.0,4.3,75.25013164823592,70.0,Other,330
Bady and Kids,449.0,799.0,3.2,43.80475594493116,49.0,Other,471
Bady and Kids,499.0,1299.0,4.1,61.585835257890686,99.0,Charm,448
Bady and Kids,499.0,1299.0,4.4,61.585835257890686,99.0,Charm,351
Bady and Kids,759.0,849.0,4.5,10.60070671378092,59.0,Other,415
Bady and Kids,349.0,1649.0,3.5,78.83565797453002,49.0,Other,274
Bady and Kids,759.0,849.0,4.5,10.60070671378092,59.0,Other,369
Bady and Kids,679.0,1299.0,4.3,47.729022324865284,79.0,Other,208
Bady and Kids,449.0,1499.0,4.3,70.04669779853235,49.0,Other,280
Bady and Kids,605.0,1396.0,3.6,56.66189111747851,5.0,Other,386
Bady and Kids,563.0,1899.0,4.5,70.35281727224854,63.0,Other,423
Bady and Kids,629.0,999.0,4.2,37.03703703703704,29.0,Other,431
Bady and Kids,563.0,1899.0,4.2,70.35281727224854,63.0,Other,160
Bady and Kids,475.0,899.0,3.7,47.1635150166852,75.0,Other,458
Bady and Kids,759.0,849.0,4.4,10.60070671378092,59.0,Other,391
Bady and Kids,729.0,1399.0,4.2,47.89135096497498,29.0,Other,222
Bady and Kids,279.0,699.0,4.3,60.08583690987125,79.0,Other,145
Bady and Kids,179.0,999.0,4.1,82.08208208208208,79.0,Other,451
Bady and Kids,299.0,699.0,4.4,57.224606580829764,99.0,Charm,461
Bady and Kids,499.0,1899.0,4.3,73.72301211163771,99.0,Charm,197
Bady and Kids,465.0,1299.0,4.4,64.20323325635104,65.0,Other,214
Bady and Kids,450.0,900.0,4.6,50.0,50.0,Other,187
Bady and Kids,299.0,1499.0,3.9,80.0533689126084,99.0,Charm,335
Bady and Kids,429.0,699.0,3.8,38.62660944206009,29.0,Other,362
Bady and Kids,359.0,999.0,4.8,64.06406406406407,59.0,Other,323
Bady and Kids,449.0,899.0,3.4,50.055617352614014,49.0,Other,144
Bady and Kids,219.0,899.0,4.3,75.63959955506118,19.0,Other,219
Bady and Kids,299.0,699.0,4.3,57.224606580829764,99.0,Charm,323
Bady and Kids,299.0,1199.0,4.4,75.0625521267723,99.0,Charm,260
Bady and Kids,799.0,1299.0,4.1,38.49114703618168,99.0,Charm,491
Bady and Kids,357.0,1299.0,4.3,72.51732101616628,57.0,Other,99
Bady and Kids,359.0,899.0,4.0,60.06674082313682,59.0,Other,288
Bady and Kids,469.0,1049.0,4.0,55.29075309818875,69.0,Other,212
Bady and Kids,259.0,799.0,3.0,67.58448060075094,59.0,Other,218
Bady and Kids,422.0,2299.0,5.0,81.64419312744671,22.0,Other,207
Bady and Kids,199.0,599.0,3.8,66.7779632721202,99.0,Charm,439
Bady and Kids,204.0,899.0,4.0,77.30812013348165,4.0,Other,66
Bady and Kids,254.0,799.0,3.9,68.21026282853568,54.0,Other,137
Bady and Kids,248.0,799.0,3.9,68.96120150187734,48.0,Other,404
Bady and Kids,309.0,379.0,4.1,18.46965699208443,9.0,Other,491
Bady and Kids,399.0,599.0,4.2,33.3889816360601,99.0,Charm,336
Bady and Kids,270.0,799.0,4.0,66.20775969962453,70.0,Other,307
Bady and Kids,465.0,999.0,4.4,53.453453453453456,65.0,Other,429
Bady and Kids,248.0,799.0,3.9,68.96120150187734,48.0,Other,494
Bady and Kids,99.0,199.0,2.1,50.25125628140703,99.0,Charm,428
Bady and Kids,299.0,799.0,3.4,62.57822277847309,99.0,Charm,475
Bady and Kids,248.0,799.0,3.9,68.96120150187734,48.0,Other,283
Bady and Kids,287.0,899.0,3.8,68.07563959955506,87.0,Other,98
Bady and Kids,210.0,899.0,3.8,76.64071190211345,10.0,Other,257
Bady and Kids,359.0,799.0,3.4,55.06883604505632,59.0,Other,318
Bady and Kids,253.0,599.0,3.6,57.76293823038397,53.0,Other,292
Bady and Kids,279.0,599.0,4.0,53.42237061769616,79.0,Other,197
Bady and Kids,171.0,249.0,4.1,31.32530120481928,71.0,Other,387
Bady and Kids,280.0,400.0,3.4,30.0,80.0,Other,356
Bady and Kids,849.0,1599.0,3.8,46.90431519699813,49.0,Other,299
Bady and Kids,469.0,749.0,4.2,37.38317757009346,69.0,Other,58
Bady and Kids,287.0,899.0,3.9,68.07563959955506,87.0,Other,95
Bady and Kids,271.0,799.0,4.0,66.08260325406758,71.0,Other,332
Bady and Kids,229.0,899.0,3.3,74.52725250278087,29.0,Other,203
Bady and Kids,469.0,749.0,5.0,37.38317757009346,69.0,Other,356
Bady and Kids,669.0,1699.0,3.9,60.62389640965273,69.0,Other,192
Bady and Kids,242.0,400.0,4.3,39.5,42.0,Other,80
Bady and Kids,499.0,999.0,3.9,50.050050050050054,99.0,Charm,100
Bady and Kids,190.0,299.0,4.1,36.45484949832776,90.0,Other,256
Bady and Kids,119.0,299.0,2.8,60.200668896321076,19.0,Other,108
Bady and Kids,242.0,400.0,4.0,39.5,42.0,Other,65
Bady and Kids,430.0,999.0,3.8,56.95695695695696,30.0,Other,294
Bady and Kids,251.0,999.0,3.2,74.87487487487488,51.0,Other,250
Bady and Kids,239.0,799.0,3.9,70.08760951188987,39.0,Other,419
Bady and Kids,500.0,800.0,3.9,37.5,0.0,Round,224
Bady and Kids,299.0,999.0,3.6,70.07007007007007,99.0,Charm,255
Bady and Kids,331.0,349.0,4.0,5.157593123209169,31.0,Other,402
Bady and Kids,399.0,519.0,4.3,23.121387283236995,99.0,Charm,92
Bady and Kids,369.0,500.0,3.6,26.200000000000003,69.0,Other,411
Bady and Kids,499.0,1999.0,4.0,75.03751875937968,99.0,Charm,88
Bady and Kids,499.0,1499.0,4.0,66.711140760507,99.0,Charm,423
Bady and Kids,279.0,599.0,4.3,53.42237061769616,79.0,Other,417
Bady and Kids,184.0,599.0,3.9,69.2821368948247,84.0,Other,457
Bady and Kids,236.0,999.0,4.2,76.37637637637637,36.0,Other,50
Bady and Kids,249.0,999.0,4.0,75.07507507507508,49.0,Other,183
Bady and Kids,186.0,700.0,4.3,73.42857142857143,86.0,Other,283
Bady and Kids,509.0,999.0,4.4,49.049049049049046,9.0,Other,410
Bady and Kids,246.0,999.0,4.4,75.37537537537537,46.0,Other,228
Bady and Kids,172.0,599.0,3.9,71.28547579298832,72.0,Other,92
Bady and Kids,199.0,999.0,3.8,80.08008008008008,99.0,Charm,453
Bady and Kids,466.0,999.0,4.4,53.35335335335335,66.0,Other,496
Bady and Kids,299.0,999.0,4.3,70.07007007007007,99.0,Charm,467
Bady and Kids,497.0,999.0,4.1,50.25025025025025,97.0,Other,335
Bady and Kids,175.0,400.0,4.3,56.25,75.0,Other,167
Bady and Kids,699.0,999.0,3.8,30.03003003003003,99.0,Charm,154
Bady and Kids,184.0,599.0,3.9,69.2821368948247,84.0,Other,455
Bady and Kids,198.0,999.0,3.8,80.18018018018019,98.0,Other,296
Bady and Kids,411.0,1199.0,4.2,65.72143452877398,11.0,Other,496
Bady and Kids,349.0,999.0,3.9,65.06506506506507,49.0,Other,181
Bady and Kids,239.0,999.0,4.3,76.07607607607608,39.0,Other,285
Bady and Kids,186.0,700.0,4.3,73.42857142857143,86.0,Other,107
Bady and Kids,400.0,1199.0,4.2,66.63886572143453,0.0,Round,87
Bady and Kids,422.0,2299.0,4.2,81.64419312744671,22.0,Other,496
Bady and Kids,184.0,599.0,3.9,69.2821368948247,84.0,Other,485
Bady and Kids,186.0,700.0,4.3,73.42857142857143,86.0,Other,290
Bady and Kids,266.0,599.0,3.8,55.59265442404006,66.0,Other,278
Bady and Kids,349.0,999.0,3.9,65.06506506506507,49.0,Other,157
Bady and Kids,244.0,999.0,4.4,75.57557557557557,44.0,Other,258
Bady and Kids,149.0,529.0,4.3,71.83364839319471,49.0,Other,363
Bady and Kids,231.0,599.0,3.9,61.43572621035058,31.0,Other,481
Bady and Kids,595.0,1195.0,,50.2092050209205,95.0,Other,230
Bady and Kids,399.0,999.0,3.9,60.06006006006006,99.0,Charm,74
Bady and Kids,249.0,999.0,4.0,75.07507507507508,49.0,Other,326
Bady and Kids,399.0,1459.0,4.1,72.6525017135024,99.0,Charm,191
Bady and Kids,595.0,1199.0,,50.37531276063386,95.0,Other,371
Bady and Kids,236.0,999.0,4.2,76.37637637637637,36.0,Other,310
Bady and Kids,242.0,999.0,4.2,75.77577577577578,42.0,Other,343
Bady and Kids,281.0,999.0,4.1,71.87187187187187,81.0,Other,354
Bady and Kids,595.0,1195.0,,50.2092050209205,95.0,Other,462
Bady and Kids,712.0,1899.0,3.7,62.506582411795684,12.0,Other,173
Bady and Kids,1319.0,2199.0,3.7,40.01819008640291,19.0,Other,190
Bady and Kids,290.0,900.0,4.0,67.77777777777779,90.0,Other,404
Bady and Kids,419.0,1599.0,4.1,73.79612257661037,19.0,Other,75
Bady and Kids,176.0,999.0,3.8,82.38238238238237,76.0,Other,429
Bady and Kids,176.0,999.0,4.0,82.38238238238237,76.0,Other,398
Bady and Kids,192.0,999.0,4.0,80.78078078078079,92.0,Other,429
Bady and Kids,399.0,1399.0,3.5,71.4796283059328,99.0,Charm,415
Bady and Kids,322.0,1499.0,4.1,78.51901267511674,22.0,Other,174
Bady and Kids,172.0,999.0,4.0,82.78278278278279,72.0,Other,84
Bady and Kids,262.0,999.0,3.9,73.77377377377378,62.0,Other,110
Bady and Kids,279.0,1499.0,4.6,81.38759172781855,79.0,Other,363
Bady and Kids,194.0,899.0,3.9,78.42046718576195,94.0,Other,130
Bady and Kids,399.0,2499.0,4.4,84.03361344537815,99.0,Charm,330
Bady and Kids,176.0,999.0,3.9,82.38238238238237,76.0,Other,304
Bady and Kids,286.0,999.0,4.1,71.37137137137137,86.0,Other,75
Bady and Kids,266.0,998.0,3.9,73.34669338677354,66.0,Other,210
Bady and Kids,172.0,999.0,3.9,82.78278278278279,72.0,Other,461
Bady and Kids,559.0,2499.0,4.3,77.63105242096839,59.0,Other,190
Bady and Kids,499.0,999.0,3.0,50.050050050050054,99.0,Charm,463
Bady and Kids,249.0,1399.0,4.2,82.20157255182274,49.0,Other,377
Bady and Kids,176.0,999.0,4.0,82.38238238238237,76.0,Other,205
Bady and Kids,173.0,999.0,3.9,82.68268268268268,73.0,Other,467
Bady and Kids,339.0,1399.0,3.5,75.76840600428878,39.0,Other,330
Bady and Kids,225.0,1299.0,3.9,82.67898383371825,25.0,Other,420
Bady and Kids,311.0,339.0,3.8,8.259587020648967,11.0,Other,181
Bady and Kids,249.0,1399.0,4.2,82.20157255182274,49.0,Other,354
Bady and Kids,449.0,1300.0,3.8,65.46153846153845,49.0,Other,298
Bady and Kids,176.0,1499.0,3.9,88.25883922615077,76.0,Other,115
Bady and Kids,559.0,2499.0,4.3,77.63105242096839,59.0,Other,395
Bady and Kids,171.0,999.0,3.9,82.88288288288288,71.0,Other,327
Bady and Kids,539.0,1999.0,4.0,73.03651825912956,39.0,Other,141
Bady and Kids,229.0,799.0,3.9,71.33917396745932,29.0,Other,108
Bady and Kids,169.0,999.0,3.9,83.08308308308308,69.0,Other,56
Bady and Kids,170.0,999.0,3.9,82.98298298298297,70.0,Other,371
Bady and Kids,899.0,2999.0,4.3,70.02334111370457,99.0,Charm,159
Bady and Kids,290.0,999.0,4.0,70.97097097097097,90.0,Other,445
Bady and Kids,266.0,599.0,3.9,55.59265442404006,66.0,Other,249
Bady and Kids,337.0,1299.0,4.2,74.05696689761355,37.0,Other,309
Bady and Kids,697.0,3199.0,4.2,78.21194123163488,97.0,Other,277
Bady and Kids,422.0,2299.0,5.0,81.64419312744671,22.0,Other,169
Bady and Kids,199.0,599.0,3.8,66.7779632721202,99.0,Charm,419
Bady and Kids,204.0,899.0,4.0,77.30812013348165,4.0,Other,177
Bady and Kids,248.0,799.0,3.9,68.96120150187734,48.0,Other,453
Bady and Kids,399.0,599.0,4.2,33.3889816360601,99.0,Charm,378
Bady and Kids,465.0,999.0,4.4,53.453453453453456,65.0,Other,257
Bady and Kids,248.0,799.0,3.9,68.96120150187734,48.0,Other,320
Bady and Kids,299.0,495.0,4.4,39.5959595959596,99.0,Charm,404
Bady and Kids,408.0,725.0,3.7,43.724137931034484,8.0,Other,90
Bady and Kids,99.0,199.0,2.1,50.25125628140703,99.0,Charm,242
Bady and Kids,248.0,799.0,3.9,68.96120150187734,48.0,Other,493
Bady and Kids,270.0,799.0,4.0,66.20775969962453,70.0,Other,308
Bady and Kids,287.0,899.0,3.8,68.07563959955506,87.0,Other,203
Bady and Kids,210.0,899.0,3.8,76.64071190211345,10.0,Other,164
Bady and Kids,279.0,599.0,4.0,53.42237061769616,79.0,Other,88
Bady and Kids,299.0,799.0,3.4,62.57822277847309,99.0,Charm,84
Bady and Kids,849.0,1599.0,3.8,46.90431519699813,49.0,Other,462
Bady and Kids,171.0,249.0,4.1,31.32530120481928,71.0,Other,271
Bady and Kids,523.0,1450.0,4.0,63.93103448275862,23.0,Other,152
Bady and Kids,359.0,799.0,3.4,55.06883604505632,59.0,Other,466
Bady and Kids,469.0,749.0,4.2,37.38317757009346,69.0,Other,456
Bady and Kids,229.0,599.0,3.7,61.769616026711184,29.0,Other,292
Bady and Kids,386.0,725.0,3.8,46.758620689655174,86.0,Other,351
Bady and Kids,280.0,400.0,3.4,30.0,80.0,Other,454
Bady and Kids,287.0,899.0,3.9,68.07563959955506,87.0,Other,213
Bady and Kids,229.0,899.0,3.3,74.52725250278087,29.0,Other,151
Bady and Kids,469.0,749.0,5.0,37.38317757009346,69.0,Other,384
Bady and Kids,322.0,500.0,4.0,35.6,22.0,Other,353
Bady and Kids,669.0,1699.0,3.9,60.62389640965273,69.0,Other,429
Bady and Kids,499.0,999.0,3.9,50.050050050050054,99.0,Charm,76
Bady and Kids,119.0,299.0,2.8,60.200668896321076,19.0,Other,331
Bady and Kids,271.0,799.0,4.0,66.08260325406758,71.0,Other,228
Bady and Kids,190.0,299.0,4.1,36.45484949832776,90.0,Other,448
Bady and Kids,430.0,999.0,3.8,56.95695695695696,30.0,Other,293
Bady and Kids,197.0,699.0,4.0,71.81688125894135,97.0,Other,401
Bady and Kids,242.0,400.0,4.3,39.5,42.0,Other,209
Bady and Kids,239.0,799.0,3.9,70.08760951188987,39.0,Other,111
Bady and Kids,399.0,519.0,4.3,23.121387283236995,99.0,Charm,497
Bady and Kids,120.0,499.0,3.8,75.95190380761522,20.0,Other,276
Bady and Kids,242.0,400.0,4.0,39.5,42.0,Other,488
Bady and Kids,299.0,499.0,3.9,40.08016032064128,99.0,Charm,454
Bady and Kids,449.0,1499.0,4.4,70.04669779853235,49.0,Other,288
Bady and Kids,299.0,499.0,3.8,40.08016032064128,99.0,Charm,267
Bady and Kids,299.0,499.0,3.9,40.08016032064128,99.0,Charm,218
Bady and Kids,299.0,499.0,4.0,40.08016032064128,99.0,Charm,320
Bady and Kids,299.0,499.0,3.7,40.08016032064128,99.0,Charm,324
Bady and Kids,179.0,499.0,4.0,64.12825651302605,79.0,Other,105
Bady and Kids,499.0,799.0,4.2,37.546933667083856,99.0,Charm,87
Bady and Kids,449.0,999.0,4.0,55.05505505505506,49.0,Other,476
Bady and Kids,299.0,999.0,4.2,70.07007007007007,99.0,Charm,91
Bady and Kids,299.0,499.0,3.8,40.08016032064128,99.0,Charm,83
Bady and Kids,499.0,999.0,4.2,50.050050050050054,99.0,Charm,122
Bady and Kids,189.0,499.0,4.1,62.124248496993985,89.0,Other,51
Bady and Kids,749.0,999.0,4.2,25.025025025025027,49.0,Other,333
Bady and Kids,299.0,699.0,4.0,57.224606580829764,99.0,Charm,197
Bady and Kids,299.0,1999.0,4.0,85.04252126063031,99.0,Charm,314
Bady and Kids,299.0,499.0,4.0,40.08016032064128,99.0,Charm,474
Bady and Kids,299.0,1999.0,4.0,85.04252126063031,99.0,Charm,89
Bady and Kids,299.0,499.0,4.0,40.08016032064128,99.0,Charm,309
Bady and Kids,299.0,499.0,3.8,40.08016032064128,99.0,Charm,487
Bady and Kids,252.0,,4.0,,52.0,Other,167
Bady and Kids,549.0,1099.0,4.0,50.04549590536852,49.0,Other,84
Bady and Kids,299.0,999.0,3.9,70.07007007007007,99.0,Charm,447
Bady and Kids,299.0,999.0,4.2,70.07007007007007,99.0,Charm,442
Bady and Kids,299.0,699.0,4.0,57.224606580829764,99.0,Charm,75
Bady and Kids,187.0,399.0,4.0,53.1328320802005,87.0,Other,277
Bady and Kids,419.0,499.0,4.0,16.03206412825651,19.0,Other,76
Bady and Kids,299.0,999.0,4.2,70.07007007007007,99.0,Charm,317
Bady and Kids,183.0,499.0,4.0,63.326653306613224,83.0,Other,493
Bady and Kids,284.0,299.0,4.1,5.016722408026756,84.0,Other,416
Bady and Kids,1465.0,2495.0,2.7,41.28256513026052,65.0,Other,257
Bady and Kids,151.0,178.0,3.6,15.168539325842698,51.0,Other,372
Bady and Kids,497.0,999.0,4.2,50.25025025025025,97.0,Other,219
Bady and Kids,299.0,699.0,4.0,57.224606580829764,99.0,Charm,339
Bady and Kids,299.0,499.0,4.2,40.08016032064128,99.0,Charm,359
Bady and Kids,189.0,199.0,4.0,5.025125628140704,89.0,Other,138
Bady and Kids,349.0,699.0,4.7,50.07153075822603,49.0,Other,267
Bady and Kids,419.0,499.0,4.0,16.03206412825651,19.0,Other,193
Bady and Kids,399.0,665.0,4.0,40.0,99.0,Charm,124
Bady and Kids,399.0,499.0,4.0,20.04008016032064,99.0,Charm,447
Bady and Kids,449.0,899.0,4.1,50.055617352614014,49.0,Other,461
Bady and Kids,349.0,,3.5,,49.0,Other,105
Bady and Kids,1540.0,2495.0,2.7,38.276553106212425,40.0,Other,484
Bady and Kids,299.0,999.0,3.9,70.07007007007007,99.0,Charm,465
Bady and Kids,299.0,999.0,3.9,70.07007007007007,99.0,Charm,258
Bady and Kids,299.0,339.0,4.1,11.799410029498524,99.0,Charm,201
Bady and Kids,229.0,,3.7,,29.0,Other,80
Bady and Kids,303.0,319.0,4.3,5.015673981191222,3.0,Other,143
Bady and Kids,299.0,999.0,3.9,70.07007007007007,99.0,Charm,227
Bady and Kids,299.0,499.0,4.1,40.08016032064128,99.0,Charm,279
Bady and Kids,220.0,399.0,3.8,44.86215538847117,20.0,Other,499
Bady and Kids,259.0,499.0,3.7,48.09619238476954,59.0,Other,352
Bady and Kids,269.0,999.0,3.9,73.07307307307308,69.0,Other,63
Bady and Kids,299.0,999.0,4.1,70.07007007007007,99.0,Charm,194
Bady and Kids,439.0,549.0,4.3,20.036429872495447,39.0,Other,383
Bady and Kids,220.0,399.0,3.8,44.86215538847117,20.0,Other,196
Bady and Kids,299.0,999.0,3.9,70.07007007007007,99.0,Charm,231
Bady and Kids,299.0,339.0,4.1,11.799410029498524,99.0,Charm,156
Bady and Kids,411.0,549.0,4.3,25.136612021857925,11.0,Other,393
Bady and Kids,217.0,229.0,3.9,5.240174672489083,17.0,Other,461
Bady and Kids,289.0,,4.4,,89.0,Other,180
Bady and Kids,212.0,224.0,3.7,5.357142857142857,12.0,Other,50
Bady and Kids,259.0,499.0,3.7,48.09619238476954,59.0,Other,269
Bady and Kids,1225.0,1995.0,3.9,38.59649122807017,25.0,Other,324
Bady and Kids,250.0,264.0,4.1,5.303030303030303,50.0,Other,192
Bady and Kids,219.0,,4.1,,19.0,Other,375
Bady and Kids,299.0,999.0,3.6,70.07007007007007,99.0,Charm,374
Bady and Kids,212.0,224.0,3.7,5.357142857142857,12.0,Other,494
Bady and Kids,419.0,,4.1,,19.0,Other,306
Bady and Kids,289.0,499.0,3.8,42.08416833667334,89.0,Other,130
Bady and Kids,1048.0,1795.0,4.3,41.61559888579387,48.0,Other,176
Bady and Kids,268.0,1149.0,3.9,76.67536988685814,68.0,Other,446
Bady and Kids,814.0,1495.0,3.6,45.551839464882946,14.0,Other,176
Bady and Kids,293.0,309.0,3.8,5.177993527508091,93.0,Other,136
Bady and Kids,251.0,279.0,3.4,10.03584229390681,51.0,Other,141
Bady and Kids,899.0,,4.2,,99.0,Charm,480
Bady and Kids,1220.0,1995.0,4.5,38.847117794486216,20.0,Other,166
Bady and Kids,259.0,499.0,3.7,48.09619238476954,59.0,Other,89
Bady and Kids,411.0,549.0,4.3,25.136612021857925,11.0,Other,165
Bady and Kids,278.0,699.0,4.1,60.22889842632332,78.0,Other,223
Bady and Kids,299.0,499.0,3.9,40.08016032064128,99.0,Charm,112
Bady and Kids,299.0,499.0,3.9,40.08016032064128,99.0,Charm,309
Bady and Kids,299.0,499.0,3.8,40.08016032064128,99.0,Charm,120
Bady and Kids,299.0,499.0,4.0,40.08016032064128,99.0,Charm,127
Bady and Kids,299.0,499.0,3.7,40.08016032064128,99.0,Charm,322
Bady and Kids,499.0,799.0,4.2,37.546933667083856,99.0,Charm,84
Bady and Kids,299.0,999.0,4.2,70.07007007007007,99.0,Charm,227
Bady and Kids,299.0,499.0,3.8,40.08016032064128,99.0,Charm,205
Bady and Kids,449.0,999.0,4.0,55.05505505505506,49.0,Other,52
Bady and Kids,299.0,499.0,4.0,40.08016032064128,99.0,Charm,248
Bady and Kids,299.0,499.0,3.8,40.08016032064128,99.0,Charm,137
Bady and Kids,299.0,499.0,4.0,40.08016032064128,99.0,Charm,131
Bady and Kids,299.0,999.0,4.2,70.07007007007007,99.0,Charm,299
Bady and Kids,419.0,499.0,4.0,16.03206412825651,19.0,Other,332
Bady and Kids,299.0,999.0,4.2,70.07007007007007,99.0,Charm,436
Bady and Kids,419.0,499.0,4.0,16.03206412825651,19.0,Other,325
Bady and Kids,399.0,665.0,4.0,40.0,99.0,Charm,430
Bady and Kids,387.0,998.0,4.1,61.22244488977956,87.0,Other,479
Bady and Kids,574.0,675.0,4.2,14.962962962962964,74.0,Other,345
Bady and Kids,299.0,499.0,3.4,40.08016032064128,99.0,Charm,270
Bady and Kids,499.0,799.0,4.2,37.546933667083856,99.0,Charm,436
Bady and Kids,449.0,999.0,4.0,55.05505505505506,49.0,Other,109
Bady and Kids,299.0,999.0,4.1,70.07007007007007,99.0,Charm,94
Bady and Kids,399.0,499.0,4.0,20.04008016032064,99.0,Charm,435
Bady and Kids,702.0,1497.0,4.1,53.106212424849694,2.0,Other,161
Bady and Kids,299.0,999.0,4.2,70.07007007007007,99.0,Charm,465
Bady and Kids,299.0,499.0,3.8,40.08016032064128,99.0,Charm,311
Bady and Kids,299.0,999.0,4.1,70.07007007007007,99.0,Charm,207
Bady and Kids,699.0,998.0,4.0,29.959919839679362,99.0,Charm,164
Bady and Kids,497.0,999.0,4.2,50.25025025025025,97.0,Other,460
Bady and Kids,699.0,999.0,4.3,30.03003003003003,99.0,Charm,340
Bady and Kids,359.0,999.0,3.9,64.06406406406407,59.0,Other,251
Bady and Kids,299.0,999.0,4.2,70.07007007007007,99.0,Charm,459
Bady and Kids,299.0,999.0,4.2,70.07007007007007,99.0,Charm,340
Bady and Kids,299.0,999.0,3.7,70.07007007007007,99.0,Charm,131
Bady and Kids,449.0,999.0,4.0,55.05505505505506,49.0,Other,356
Bady and Kids,567.0,1499.0,4.0,62.174783188792524,67.0,Other,446
Bady and Kids,924.0,1049.0,4.4,11.916110581506196,24.0,Other,79
Bady and Kids,499.0,770.0,4.1,35.1948051948052,99.0,Charm,449
Bady and Kids,387.0,998.0,4.1,61.22244488977956,87.0,Other,123
Bady and Kids,299.0,999.0,3.9,70.07007007007007,99.0,Charm,255
Bady and Kids,289.0,499.0,3.8,42.08416833667334,89.0,Other,109
Bady and Kids,264.0,,4.3,,64.0,Other,204
Bady and Kids,264.0,,4.3,,64.0,Other,493
Bady and Kids,193.0,299.0,3.9,35.45150501672241,93.0,Other,64
Bady and Kids,249.0,499.0,3.9,50.1002004008016,49.0,Other,387
Bady and Kids,299.0,999.0,3.5,70.07007007007007,99.0,Charm,353
Bady and Kids,299.0,999.0,4.0,70.07007007007007,99.0,Charm,236
Bady and Kids,299.0,999.0,3.1,70.07007007007007,99.0,Charm,428
Bady and Kids,289.0,499.0,3.8,42.08416833667334,89.0,Other,50
Bady and Kids,399.0,799.0,4.1,50.06257822277848,99.0,Charm,482
Bady and Kids,231.0,499.0,3.9,53.707414829659314,31.0,Other,409
Bady and Kids,284.0,299.0,4.2,5.016722408026756,84.0,Other,241
Bady and Kids,199.0,999.0,3.7,80.08008008008008,99.0,Charm,440
Bady and Kids,262.0,349.0,3.8,24.92836676217765,62.0,Other,108
Bady and Kids,299.0,749.0,4.1,60.08010680907877,99.0,Charm,297
Bady and Kids,289.0,499.0,3.8,42.08416833667334,89.0,Other,303
Bady and Kids,249.0,499.0,3.9,50.1002004008016,49.0,Other,198
Bady and Kids,299.0,699.0,4.1,57.224606580829764,99.0,Charm,433
Bady and Kids,269.0,599.0,3.8,55.09181969949917,69.0,Other,346
Bady and Kids,255.0,269.0,3.7,5.204460966542751,55.0,Other,110
Bady and Kids,349.0,999.0,3.8,65.06506506506507,49.0,Other,50
Bady and Kids,262.0,349.0,3.8,24.92836676217765,62.0,Other,496
Bady and Kids,299.0,999.0,3.9,70.07007007007007,99.0,Charm,293
Bady and Kids,299.0,799.0,3.9,62.57822277847309,99.0,Charm,188
Bady and Kids,279.0,699.0,4.1,60.08583690987125,79.0,Other,343
Bady and Kids,299.0,999.0,4.0,70.07007007007007,99.0,Charm,461
Bady and Kids,168.0,259.0,3.6,35.13513513513514,68.0,Other,438
Bady and Kids,399.0,799.0,4.1,50.06257822277848,99.0,Charm,179
Bady and Kids,424.0,499.0,4.4,15.030060120240481,24.0,Other,480
Bady and Kids,224.0,249.0,4.3,10.040160642570282,24.0,Other,211
Bady and Kids,299.0,999.0,3.9,70.07007007007007,99.0,Charm,408
Bady and Kids,274.0,,4.1,,74.0,Other,142
Bady and Kids,277.0,369.0,4.3,24.932249322493224,77.0,Other,187
Bady and Kids,334.0,599.0,3.9,44.24040066777963,34.0,Other,445
Bady and Kids,299.0,999.0,4.0,70.07007007007007,99.0,Charm,175
Bady and Kids,229.0,,3.6,,29.0,Other,57
Bady and Kids,1048.0,1795.0,4.4,41.61559888579387,48.0,Other,205
Bady and Kids,299.0,749.0,4.1,60.08010680907877,99.0,Charm,230
Bady and Kids,399.0,799.0,4.1,50.06257822277848,99.0,Charm,345
Bady and Kids,299.0,999.0,4.2,70.07007007007007,99.0,Charm,190
Bady and Kids,299.0,999.0,4.2,70.07007007007007,99.0,Charm,495
Bady and Kids,419.0,499.0,4.0,16.03206412825651,19.0,Other,191
Bady and Kids,299.0,999.0,4.2,70.07007007007007,99.0,Charm,217
Bady and Kids,419.0,499.0,4.0,16.03206412825651,19.0,Other,488
Bady and Kids,399.0,499.0,4.0,20.04008016032064,99.0,Charm,122
Bady and Kids,449.0,999.0,4.0,55.05505505505506,49.0,Other,493
Bady and Kids,299.0,999.0,4.1,70.07007007007007,99.0,Charm,263
Bady and Kids,299.0,999.0,4.2,70.07007007007007,99.0,Charm,423
Bady and Kids,299.0,999.0,4.2,70.07007007007007,99.0,Charm,150
Bady and Kids,299.0,999.0,4.2,70.07007007007007,99.0,Charm,123
Bady and Kids,699.0,999.0,4.3,30.03003003003003,99.0,Charm,128
Bady and Kids,359.0,999.0,3.9,64.06406406406407,59.0,Other,208
Bady and Kids,299.0,999.0,4.1,70.07007007007007,99.0,Charm,472
Bady and Kids,449.0,999.0,4.0,55.05505505505506,49.0,Other,488
Bady and Kids,399.0,499.0,4.0,20.04008016032064,99.0,Charm,130
Bady and Kids,249.0,499.0,4.1,50.1002004008016,49.0,Other,75
Bady and Kids,299.0,999.0,4.2,70.07007007007007,99.0,Charm,76
Bady and Kids,549.0,999.0,4.0,45.04504504504504,49.0,Other,245
Bady and Kids,540.0,675.0,4.2,20.0,40.0,Other,403
Bady and Kids,549.0,999.0,4.0,45.04504504504504,49.0,Other,233
Bady and Kids,289.0,399.0,4.0,27.56892230576441,89.0,Other,365
Bady and Kids,422.0,999.0,4.0,57.75775775775776,22.0,Other,247
Bady and Kids,309.0,,3.7,,9.0,Other,198
Bady and Kids,373.0,999.0,3.9,62.66266266266266,73.0,Other,363
Bady and Kids,449.0,999.0,3.9,55.05505505505506,49.0,Other,297
Bady and Kids,299.0,999.0,4.1,70.07007007007007,99.0,Charm,402
Bady and Kids,439.0,599.0,4.0,26.71118530884808,39.0,Other,122
Bady and Kids,373.0,999.0,3.9,62.66266266266266,73.0,Other,260
Bady and Kids,299.0,999.0,4.1,70.07007007007007,99.0,Charm,136
Bady and Kids,685.0,1399.0,4.4,51.036454610436024,85.0,Other,355
Bady and Kids,379.0,,3.4,,79.0,Other,233
Bady and Kids,799.0,999.0,4.2,20.02002002002002,99.0,Charm,265
Bady and Kids,419.0,499.0,4.0,16.03206412825651,19.0,Other,162
Bady and Kids,569.0,999.0,4.1,43.04304304304304,69.0,Other,385
Bady and Kids,549.0,999.0,4.0,45.04504504504504,49.0,Other,154
Bady and Kids,685.0,1399.0,4.4,51.036454610436024,85.0,Other,465
Bady and Kids,399.0,699.0,3.8,42.91845493562232,99.0,Charm,73
Bady and Kids,299.0,999.0,3.8,70.07007007007007,99.0,Charm,86
Bady and Kids,650.0,,4.6,,50.0,Other,59
Bady and Kids,219.0,999.0,4.0,78.07807807807808,19.0,Other,320
Bady and Kids,219.0,999.0,4.0,78.07807807807808,19.0,Other,291
Bady and Kids,374.0,899.0,4.0,58.39822024471635,74.0,Other,387
Bady and Kids,263.0,1999.0,4.1,86.84342171085542,63.0,Other,374
Bady and Kids,215.0,1299.0,4.1,83.44880677444188,15.0,Other,297
Bady and Kids,279.0,1798.0,3.9,84.48275862068965,79.0,Other,140
Bady and Kids,255.0,2299.0,4.1,88.90822096563723,55.0,Other,431
Bady and Kids,288.0,999.0,4.1,71.17117117117117,88.0,Other,176
Bady and Kids,210.0,999.0,4.0,78.97897897897897,10.0,Other,449
Bady and Kids,274.0,1499.0,4.0,81.72114743162108,74.0,Other,178
Bady and Kids,239.0,1499.0,3.8,84.05603735823883,39.0,Other,371
Bady and Kids,220.0,1499.0,4.0,85.32354903268846,20.0,Other,234
Bady and Kids,399.0,1999.0,4.2,80.040020010005,99.0,Charm,88
Bady and Kids,312.0,899.0,4.1,65.29477196885428,12.0,Other,386
Bady and Kids,287.0,1199.0,3.8,76.06338615512928,87.0,Other,481
Bady and Kids,219.0,999.0,4.0,78.07807807807808,19.0,Other,334
Bady and Kids,246.0,1499.0,3.9,83.58905937291527,46.0,Other,365
Bady and Kids,314.0,1999.0,4.1,84.29214607303652,14.0,Other,189
Bady and Kids,305.0,1399.0,3.9,78.1987133666905,5.0,Other,333
Bady and Kids,299.0,1999.0,4.1,85.04252126063031,99.0,Charm,86
Bady and Kids,245.0,1199.0,3.9,79.56630525437865,45.0,Other,136
Bady and Kids,224.0,499.0,4.1,55.11022044088176,24.0,Other,436
Bady and Kids,269.0,1199.0,3.8,77.56463719766472,69.0,Other,476
Bady and Kids,219.0,999.0,4.0,78.07807807807808,19.0,Other,467
Bady and Kids,238.0,399.0,4.1,40.35087719298245,38.0,Other,214
Bady and Kids,281.0,1299.0,3.9,78.3679753656659,81.0,Other,102
Bady and Kids,359.0,1999.0,4.0,82.04102051025512,59.0,Other,300
Bady and Kids,335.0,1249.0,4.2,73.17854283426742,35.0,Other,65
Bady and Kids,208.0,399.0,4.1,47.86967418546366,8.0,Other,224
Bady and Kids,299.0,1799.0,4.1,83.37965536409116,99.0,Charm,385
Bady and Kids,233.0,1499.0,4.0,84.45630420280187,33.0,Other,132
Bady and Kids,219.0,999.0,4.0,78.07807807807808,19.0,Other,398
Bady and Kids,290.0,999.0,4.0,70.97097097097097,90.0,Other,400
Bady and Kids,197.0,1499.0,4.0,86.85790527018013,97.0,Other,336
Bady and Kids,199.0,1699.0,3.9,88.28722778104768,99.0,Charm,69
Bady and Kids,365.0,999.0,4.0,63.46346346346346,65.0,Other,253
Bady and Kids,178.0,499.0,3.6,64.32865731462925,78.0,Other,121
Bady and Kids,219.0,1499.0,4.0,85.39026017344897,19.0,Other,291
Bady and Kids,239.0,499.0,4.1,52.104208416833664,39.0,Other,186
Bady and Kids,261.0,1499.0,4.1,82.58839226150766,61.0,Other,133
Bady and Kids,207.0,999.0,3.7,79.27927927927928,7.0,Other,283
Bady and Kids,242.0,1400.0,2.3,82.71428571428572,42.0,Other,82
Bady and Kids,129.0,999.0,4.1,87.08708708708708,29.0,Other,193
Bady and Kids,281.0,2299.0,4.1,87.77729447585907,81.0,Other,267
Bady and Kids,159.0,999.0,4.1,84.08408408408408,59.0,Other,170
Bady and Kids,252.0,799.0,4.0,68.46057571964957,52.0,Other,270
Bady and Kids,129.0,499.0,3.8,74.14829659318637,29.0,Other,188
Bady and Kids,325.0,1449.0,2.3,77.57073844030366,25.0,Other,412
Bady and Kids,239.0,1999.0,4.0,88.04402201100551,39.0,Other,275
Bady and Kids,338.0,1999.0,3.7,83.09154577288645,38.0,Other,423
Bady and Kids,208.0,599.0,4.0,65.27545909849749,8.0,Other,269
Bady and Kids,199.0,1299.0,4.6,84.68052347959969,99.0,Charm,197
Bady and Kids,299.0,1200.0,4.2,75.08333333333333,99.0,Charm,210
Bady and Kids,205.0,499.0,3.9,58.91783567134269,5.0,Other,305
Bady and Kids,235.0,1499.0,4.0,84.32288192128085,35.0,Other,92
Bady and Kids,229.0,1199.0,3.8,80.90075062552127,29.0,Other,172
Bady and Kids,327.0,1699.0,3.6,80.75338434373161,27.0,Other,478
Bady and Kids,249.0,1499.0,4.0,83.38892595063375,49.0,Other,147
Bady and Kids,290.0,1299.0,3.9,77.67513471901462,90.0,Other,240
Bady and Kids,239.0,1599.0,4.3,85.05315822388994,39.0,Other,240
Bady and Kids,206.0,999.0,4.0,79.37937937937937,6.0,Other,497
Bady and Kids,229.0,1299.0,3.6,82.37105465742879,29.0,Other,114
Bady and Kids,247.0,599.0,3.7,58.764607679465776,47.0,Other,403
Bady and Kids,451.0,1999.0,4.1,77.43871935967984,51.0,Other,149
Bady and Kids,328.0,2999.0,4.0,89.06302100700233,28.0,Other,84
Bady and Kids,240.0,1299.0,4.1,81.5242494226328,40.0,Other,391
Bady and Kids,157.0,499.0,3.4,68.5370741482966,57.0,Other,145
Bady and Kids,474.0,1999.0,4.1,76.28814407203602,74.0,Other,368
Bady and Kids,349.0,1499.0,3.9,76.71781187458305,49.0,Other,259
Bady and Kids,299.0,999.0,4.0,70.07007007007007,99.0,Charm,448
Bady and Kids,226.0,499.0,3.9,54.70941883767535,26.0,Other,132
Bady and Kids,451.0,1999.0,4.1,77.43871935967984,51.0,Other,111
Bady and Kids,206.0,1999.0,4.0,89.69484742371185,6.0,Other,374
Bady and Kids,202.0,1599.0,3.6,87.36710444027517,2.0,Other,196
Bady and Kids,270.0,2999.0,3.7,90.99699899966656,70.0,Other,449
Bady and Kids,,,,,,Other,493
Bady and Kids,199.0,999.0,3.8,80.08008008008008,99.0,Charm,276
Bady and Kids,159.0,999.0,3.5,84.08408408408408,59.0,Other,147
Bady and Kids,243.0,1299.0,3.6,81.2933025404157,43.0,Other,137
Bady and Kids,479.0,599.0,4.5,20.03338898163606,79.0,Other,172
Bady and Kids,203.0,699.0,3.8,70.9585121602289,3.0,Other,92
Bady and Kids,438.0,1096.0,4.1,60.03649635036496,38.0,Other,113
Bady and Kids,303.0,1999.0,4.1,84.8424212106053,3.0,Other,295
Bady and Kids,809.0,2499.0,4.1,67.62705082032812,9.0,Other,264
Bady and Kids,367.0,1999.0,3.9,81.64082041020511,67.0,Other,245
Bady and Kids,278.0,1999.0,4.0,86.09304652326163,78.0,Other,362
Bady and Kids,199.0,2500.0,3.8,92.04,99.0,Charm,61
Bady and Kids,375.0,1399.0,4.1,73.1951393852752,75.0,Other,110
Bady and Kids,499.0,1499.0,4.2,66.711140760507,99.0,Charm,132
Bady and Kids,367.0,1999.0,3.9,81.64082041020511,67.0,Other,291
Bady and Kids,399.0,1499.0,3.9,73.3822548365577,99.0,Charm,142
Bady and Kids,419.0,1096.0,4.2,61.77007299270073,19.0,Other,401
Bady and Kids,292.0,1999.0,4.1,85.39269634817408,92.0,Other,377
Bady and Kids,539.0,1499.0,4.8,64.04269513008673,39.0,Other,425
Bady and Kids,929.0,2699.0,4.8,65.57984438680992,29.0,Other,270
Bady and Kids,699.0,2399.0,4.7,70.862859524802,99.0,Charm,310
Bady and Kids,399.0,1999.0,4.0,80.040020010005,99.0,Charm,262
Bady and Kids,429.0,1299.0,4.5,66.97459584295612,29.0,Other,198
Bady and Kids,269.0,1499.0,3.9,82.05470313542361,69.0,Other,400
Bady and Kids,699.0,2399.0,4.7,70.862859524802,99.0,Charm,379
Bady and Kids,594.0,1599.0,4.3,62.851782363977485,94.0,Other,402
Bady and Kids,449.0,1499.0,3.9,70.04669779853235,49.0,Other,238
Bady and Kids,608.0,1799.0,4.3,66.20344635908837,8.0,Other,300
Bady and Kids,699.0,2399.0,4.7,70.862859524802,99.0,Charm,275
Bady and Kids,539.0,1499.0,4.4,64.04269513008673,39.0,Other,250
Bady and Kids,366.0,1999.0,4.1,81.69084542271136,66.0,Other,327
Bady and Kids,499.0,1999.0,4.0,75.03751875937968,99.0,Charm,200
Bady and Kids,499.0,1499.0,3.4,66.711140760507,99.0,Charm,84
Bady and Kids,399.0,1999.0,4.0,80.040020010005,99.0,Charm,56
Bady and Kids,204.0,1499.0,3.8,86.39092728485657,4.0,Other,409
Bady and Kids,399.0,1899.0,4.0,78.98894154818325,99.0,Charm,387
Bady and Kids,699.0,2399.0,4.7,70.862859524802,99.0,Charm,52
Bady and Kids,539.0,1499.0,4.7,64.04269513008673,39.0,Other,215
Bady and Kids,599.0,1999.0,3.9,70.03501750875438,99.0,Charm,368
Bady and Kids,499.0,1199.0,4.1,58.381984987489574,99.0,Charm,444
Bady and Kids,699.0,2399.0,4.7,70.862859524802,99.0,Charm,307
Bady and Kids,539.0,1499.0,4.0,64.04269513008673,39.0,Other,269
Bady and Kids,564.0,1599.0,4.3,64.72795497185741,64.0,Other,467
Bady and Kids,929.0,2699.0,5.0,65.57984438680992,29.0,Other,432
Bady and Kids,699.0,1799.0,4.1,61.14508060033352,99.0,Charm,487
Bady and Kids,279.0,1899.0,3.1,85.30805687203792,79.0,Other,198
Bady and Kids,438.0,1096.0,4.1,60.03649635036496,38.0,Other,103
Bady and Kids,303.0,1999.0,4.1,84.8424212106053,3.0,Other,145
Bady and Kids,367.0,1999.0,3.9,81.64082041020511,67.0,Other,491
Bady and Kids,278.0,1999.0,4.0,86.09304652326163,78.0,Other,278
Bady and Kids,199.0,2500.0,3.8,92.04,99.0,Charm,177
Bady and Kids,499.0,1499.0,4.2,66.711140760507,99.0,Charm,274
Bady and Kids,375.0,1399.0,4.1,73.1951393852752,75.0,Other,242
Bady and Kids,367.0,1999.0,3.9,81.64082041020511,67.0,Other,366
Bady and Kids,399.0,1499.0,3.9,73.3822548365577,99.0,Charm,389
Bady and Kids,292.0,1999.0,4.1,85.39269634817408,92.0,Other,214
Bady and Kids,419.0,1096.0,4.2,61.77007299270073,19.0,Other,315
Bady and Kids,539.0,1499.0,4.8,64.04269513008673,39.0,Other,487
Bady and Kids,429.0,1299.0,4.5,66.97459584295612,29.0,Other,203
Bady and Kids,608.0,1799.0,4.3,66.20344635908837,8.0,Other,198
Bady and Kids,428.0,1499.0,3.7,71.447631754503,28.0,Other,173
Bady and Kids,449.0,1499.0,3.9,70.04669779853235,49.0,Other,50
Bady and Kids,594.0,1599.0,4.3,62.851782363977485,94.0,Other,314
Bady and Kids,269.0,1499.0,3.9,82.05470313542361,69.0,Other,276
Bady and Kids,923.0,1999.0,3.8,53.82691345672836,23.0,Other,433
Bady and Kids,539.0,1499.0,4.4,64.04269513008673,39.0,Other,441
Bady and Kids,366.0,1999.0,4.1,81.69084542271136,66.0,Other,411
Bady and Kids,539.0,1499.0,4.7,64.04269513008673,39.0,Other,384
Bady and Kids,424.0,1999.0,3.6,78.78939469734867,24.0,Other,152
Bady and Kids,564.0,1599.0,4.3,64.72795497185741,64.0,Other,72
Bady and Kids,539.0,1499.0,4.0,64.04269513008673,39.0,Other,126
Bady and Kids,499.0,1199.0,4.1,58.381984987489574,99.0,Charm,398
Bady and Kids,899.0,1599.0,3.9,43.77736085053158,99.0,Charm,473
Bady and Kids,204.0,1499.0,3.8,86.39092728485657,4.0,Other,255
Bady and Kids,499.0,1199.0,4.1,58.381984987489574,99.0,Charm,222
Bady and Kids,549.0,1199.0,4.1,54.21184320266889,49.0,Other,260
Bady and Kids,899.0,1599.0,3.9,43.77736085053158,99.0,Charm,427
Bady and Kids,449.0,1499.0,3.9,70.04669779853235,49.0,Other,75
Bady and Kids,594.0,1799.0,4.3,66.98165647581989,94.0,Other,78
Bady and Kids,610.0,1599.0,4.4,61.85115697310819,10.0,Other,112
Bady and Kids,1199.0,1999.0,3.9,40.0200100050025,99.0,Charm,285
Bady and Kids,375.0,1899.0,4.2,80.25276461295418,75.0,Other,105
Bady and Kids,193.0,1999.0,3.9,90.34517258629315,93.0,Other,128
Bady and Kids,651.0,1899.0,4.2,65.71879936808847,51.0,Other,441
Bady and Kids,899.0,1049.0,4.0,14.299332697807435,99.0,Charm,100
Bady and Kids,417.0,999.0,4.1,58.25825825825825,17.0,Other,314
Bady and Kids,499.0,1299.0,3.8,61.585835257890686,99.0,Charm,382
Bady and Kids,809.0,2499.0,4.1,67.62705082032812,9.0,Other,207
Bady and Kids,399.0,1999.0,4.0,80.040020010005,99.0,Charm,355
Bady and Kids,499.0,1999.0,4.0,75.03751875937968,99.0,Charm,436
Bady and Kids,399.0,1999.0,4.0,80.040020010005,99.0,Charm,367
Bady and Kids,599.0,1999.0,3.9,70.03501750875438,99.0,Charm,473
Bady and Kids,499.0,1299.0,3.8,61.585835257890686,99.0,Charm,102
Bady and Kids,929.0,2699.0,5.0,65.57984438680992,29.0,Other,256
Bady and Kids,929.0,2699.0,4.4,65.57984438680992,29.0,Other,187
Bady and Kids,595.0,999.0,3.8,40.44044044044044,95.0,Other,284
Bady and Kids,649.0,1499.0,4.1,56.70446964643096,49.0,Other,129
Bady and Kids,498.0,1999.0,4.1,75.08754377188595,98.0,Other,226
Bady and Kids,789.0,2499.0,4.3,68.42737094837935,89.0,Other,182
Bady and Kids,739.0,2499.0,4.1,70.4281712685074,39.0,Other,129
Bady and Kids,649.0,1499.0,4.1,56.70446964643096,49.0,Other,65
Bady and Kids,709.0,1999.0,4.1,64.53226613306653,9.0,Other,451
Bady and Kids,929.0,2699.0,4.8,65.57984438680992,29.0,Other,336
Bady and Kids,589.0,1999.0,3.9,70.53526763381691,89.0,Other,262
Bady and Kids,799.0,1999.0,4.0,60.030015007503756,99.0,Charm,377
Bady and Kids,799.0,1999.0,4.0,60.030015007503756,99.0,Charm,323
Bady and Kids,929.0,2699.0,4.0,65.57984438680992,29.0,Other,300
Bady and Kids,929.0,2699.0,4.4,65.57984438680992,29.0,Other,206
Bady and Kids,2829.0,5499.0,4.8,48.55428259683579,29.0,Other,143
Bady and Kids,559.0,1999.0,4.1,72.0360180090045,59.0,Other,110
Bady and Kids,959.0,2799.0,4.4,65.73776348695964,59.0,Other,432
Bady and Kids,929.0,2699.0,4.7,65.57984438680992,29.0,Other,175
Bady and Kids,569.0,1599.0,5.0,64.41525953721076,69.0,Other,437
Bady and Kids,719.0,2299.0,3.4,68.72553284036537,19.0,Other,191
Bady and Kids,589.0,1999.0,4.0,70.53526763381691,89.0,Other,347
Bady and Kids,444.0,1999.0,4.0,77.78889444722361,44.0,Other,106
Bady and Kids,569.0,1599.0,4.1,64.41525953721076,69.0,Other,138
Bady and Kids,659.0,1999.0,4.0,67.03351675837919,59.0,Other,330
Bady and Kids,679.0,1999.0,4.0,66.03301650825412,79.0,Other,460
Bady and Kids,529.0,1999.0,3.7,73.5367683841921,29.0,Other,415
Bady and Kids,599.0,1599.0,4.4,62.539086929330836,99.0,Charm,281
Bady and Kids,748.0,1999.0,4.2,62.58129064532266,48.0,Other,456
Bady and Kids,769.0,1649.0,4.6,53.36567616737417,69.0,Other,184
Bady and Kids,709.0,1499.0,3.8,52.70180120080054,9.0,Other,455
Bady and Kids,779.0,1599.0,4.2,51.28205128205128,79.0,Other,165
Bady and Kids,699.0,3998.0,3.5,82.51625812906454,99.0,Charm,284
Bady and Kids,419.0,1096.0,4.2,61.77007299270073,19.0,Other,177
Bady and Kids,199.0,2500.0,3.8,92.04,99.0,Charm,214
Bady and Kids,399.0,1899.0,4.0,78.98894154818325,99.0,Charm,309
Bady and Kids,563.0,1899.0,4.5,70.35281727224854,63.0,Other,369
Bady and Kids,594.0,1599.0,4.2,62.851782363977485,94.0,Other,238
Bady and Kids,577.0,1499.0,4.1,61.507671781187454,77.0,Other,184
Bady and Kids,350.0,799.0,4.0,56.19524405506884,50.0,Other,245
Bady and Kids,399.0,1299.0,3.9,69.28406466512702,99.0,Charm,226
Bady and Kids,499.0,1499.0,4.2,66.711140760507,99.0,Charm,288
Bady and Kids,599.0,1699.0,4.4,64.74396703943496,99.0,Charm,71
Bady and Kids,322.0,799.0,4.4,59.69962453066333,22.0,Other,381
Bady and Kids,299.0,2500.0,3.9,88.03999999999999,99.0,Charm,418
Bady and Kids,579.0,1899.0,4.2,69.51026856240127,79.0,Other,387
Bady and Kids,465.0,1499.0,4.2,68.97931954636425,65.0,Other,194
Bady and Kids,323.0,799.0,4.0,59.57446808510638,23.0,Other,123
Bady and Kids,594.0,1599.0,4.2,62.851782363977485,94.0,Other,105
Bady and Kids,399.0,1099.0,3.8,63.69426751592356,99.0,Charm,460
Bady and Kids,594.0,1599.0,4.2,62.851782363977485,94.0,Other,331
Bady and Kids,320.0,799.0,4.0,59.94993742177722,20.0,Other,430
Bady and Kids,565.0,1499.0,4.1,62.30820547031354,65.0,Other,261
Bady and Kids,549.0,1499.0,4.2,63.37558372248166,49.0,Other,376
Bady and Kids,292.0,499.0,3.9,41.48296593186373,92.0,Other,444
Bady and Kids,247.0,799.0,3.9,69.0863579474343,47.0,Other,180
Bady and Kids,499.0,1499.0,4.2,66.711140760507,99.0,Charm,226
Bady and Kids,260.0,600.0,4.1,56.666666666666664,60.0,Other,168
Bady and Kids,479.0,1499.0,4.1,68.04536357571715,79.0,Other,158
Bady and Kids,365.0,799.0,4.4,54.31789737171464,65.0,Other,130
Bady and Kids,563.0,1899.0,4.0,70.35281727224854,63.0,Other,137
Bady and Kids,499.0,1999.0,4.1,75.03751875937968,99.0,Charm,450
Bady and Kids,499.0,1899.0,4.3,73.72301211163771,99.0,Charm,98
Bady and Kids,699.0,3998.0,5.0,82.51625812906454,99.0,Charm,98
Bady and Kids,509.0,1499.0,4.8,66.04402935290193,9.0,Other,230
Bady and Kids,359.0,1099.0,3.8,67.33393994540491,59.0,Other,302
Bady and Kids,569.0,1499.0,4.1,62.04136090727152,69.0,Other,146
Bady and Kids,569.0,2199.0,4.9,74.12460209185994,69.0,Other,186
Bady and Kids,299.0,1299.0,4.1,76.98229407236336,99.0,Charm,321
Bady and Kids,265.0,1499.0,4.0,82.32154769846565,65.0,Other,156
Bady and Kids,499.0,1999.0,3.6,75.03751875937968,99.0,Charm,297
Bady and Kids,699.0,3998.0,5.0,82.51625812906454,99.0,Charm,81
Bady and Kids,417.0,999.0,4.1,58.25825825825825,17.0,Other,296
Bady and Kids,499.0,1299.0,3.8,61.585835257890686,99.0,Charm,277
Bady and Kids,809.0,2499.0,4.1,67.62705082032812,9.0,Other,271
Bady and Kids,929.0,2699.0,4.8,65.57984438680992,29.0,Other,177
Bady and Kids,399.0,1999.0,4.0,80.040020010005,99.0,Charm,190
Bady and Kids,499.0,1999.0,4.0,75.03751875937968,99.0,Charm,470
Bady and Kids,399.0,1999.0,4.0,80.040020010005,99.0,Charm,269
Bady and Kids,499.0,1299.0,3.8,61.585835257890686,99.0,Charm,96
Bady and Kids,599.0,1999.0,3.9,70.03501750875438,99.0,Charm,228
Bady and Kids,929.0,2699.0,5.0,65.57984438680992,29.0,Other,206
Bady and Kids,929.0,2699.0,4.4,65.57984438680992,29.0,Other,458
Bady and Kids,649.0,1499.0,4.1,56.70446964643096,49.0,Other,90
Bady and Kids,789.0,2499.0,4.3,68.42737094837935,89.0,Other,349
Bady and Kids,739.0,2499.0,4.1,70.4281712685074,39.0,Other,374
Bady and Kids,498.0,1999.0,4.1,75.08754377188595,98.0,Other,138
Bady and Kids,799.0,1999.0,4.0,60.030015007503756,99.0,Charm,336
Bady and Kids,595.0,999.0,3.8,40.44044044044044,95.0,Other,161
Bady and Kids,709.0,1999.0,4.1,64.53226613306653,9.0,Other,79
Bady and Kids,679.0,1999.0,4.0,66.03301650825412,79.0,Other,233
Bady and Kids,649.0,1499.0,4.1,56.70446964643096,49.0,Other,352
Bady and Kids,589.0,1999.0,3.9,70.53526763381691,89.0,Other,62
Bady and Kids,929.0,2699.0,4.4,65.57984438680992,29.0,Other,179
Bady and Kids,799.0,1999.0,4.0,60.030015007503756,99.0,Charm,421
Bady and Kids,649.0,1499.0,4.1,56.70446964643096,49.0,Other,291
Bady and Kids,929.0,2699.0,4.0,65.57984438680992,29.0,Other,476
Bady and Kids,559.0,1999.0,4.1,72.0360180090045,59.0,Other,316
Bady and Kids,719.0,2299.0,3.4,68.72553284036537,19.0,Other,481
Bady and Kids,2829.0,5499.0,4.8,48.55428259683579,29.0,Other,239
Bady and Kids,929.0,2699.0,4.7,65.57984438680992,29.0,Other,237
Bady and Kids,589.0,1999.0,4.0,70.53526763381691,89.0,Other,179
Bady and Kids,659.0,1999.0,4.0,67.03351675837919,59.0,Other,491
Bady and Kids,539.0,1799.0,4.0,70.03891050583657,39.0,Other,52
Bady and Kids,529.0,1999.0,3.7,73.5367683841921,29.0,Other,378
Bady and Kids,748.0,1999.0,4.2,62.58129064532266,48.0,Other,111
Bady and Kids,769.0,1649.0,4.6,53.36567616737417,69.0,Other,495
Bady and Kids,569.0,1999.0,3.9,71.53576788394197,69.0,Other,406
Bady and Kids,444.0,1999.0,4.0,77.78889444722361,44.0,Other,261
Bady and Kids,709.0,1499.0,3.8,52.70180120080054,9.0,Other,246
Bady and Kids,444.0,1999.0,4.0,77.78889444722361,44.0,Other,76
Bady and Kids,539.0,1799.0,3.3,70.03891050583657,39.0,Other,289
Bady and Kids,1499.0,2299.0,4.4,34.797738147020446,99.0,Charm,270
Bady and Kids,1499.0,2299.0,4.4,34.797738147020446,99.0,Charm,268
Bady and Kids,419.0,1199.0,,65.05421184320267,19.0,Other,405
Bady and Kids,498.0,900.0,3.7,44.666666666666664,98.0,Other,199
Bady and Kids,498.0,900.0,3.7,44.666666666666664,98.0,Other,97
Bady and Kids,424.0,1548.0,3.3,72.60981912144703,24.0,Other,332
Bady and Kids,344.0,999.0,4.2,65.56556556556556,44.0,Other,432
Bady and Kids,1499.0,2299.0,4.4,34.797738147020446,99.0,Charm,198
Bady and Kids,399.0,999.0,3.4,60.06006006006006,99.0,Charm,286
Bady and Kids,419.0,1699.0,3.4,75.33843437316068,19.0,Other,85
Bady and Kids,939.0,1999.0,3.4,53.02651325662831,39.0,Other,125
Bady and Kids,899.0,1474.0,3.9,39.009497964721845,99.0,Charm,162
Bady and Kids,498.0,900.0,3.7,44.666666666666664,98.0,Other,498
Bady and Kids,602.0,999.0,3.8,39.73973973973974,2.0,Other,160
Bady and Kids,485.0,999.0,3.5,51.45145145145145,85.0,Other,413
Bady and Kids,419.0,1799.0,3.5,76.70928293496388,19.0,Other,489
Bady and Kids,428.0,899.0,3.5,52.39154616240267,28.0,Other,104
Bady and Kids,419.0,999.0,3.3,58.05805805805806,19.0,Other,376
Bady and Kids,417.0,1399.0,3.3,70.19299499642602,17.0,Other,144
Bady and Kids,484.0,2999.0,4.0,83.86128709569857,84.0,Other,472
Bady and Kids,489.0,809.0,3.4,39.55500618046972,89.0,Other,314
Bady and Kids,484.0,999.0,4.0,51.551551551551555,84.0,Other,176
Bady and Kids,616.0,1266.0,3.5,51.342812006319114,16.0,Other,284
Bady and Kids,999.0,1599.0,4.0,37.5234521575985,99.0,Charm,239
Bady and Kids,528.0,800.0,3.2,34.0,28.0,Other,132
Bady and Kids,439.0,899.0,3.5,51.16796440489433,39.0,Other,270
Bady and Kids,409.0,899.0,3.3,54.50500556173527,9.0,Other,202
Bady and Kids,629.0,2499.0,3.5,74.82993197278913,29.0,Other,102
Bady and Kids,293.0,999.0,3.5,70.67067067067066,93.0,Other,279
Bady and Kids,1099.0,1599.0,4.0,31.269543464665418,99.0,Charm,104
Bady and Kids,419.0,1799.0,3.3,76.70928293496388,19.0,Other,194
Bady and Kids,399.0,450.0,3.4,11.333333333333332,99.0,Charm,417
Bady and Kids,999.0,1599.0,4.0,37.5234521575985,99.0,Charm,342
Bady and Kids,1299.0,1999.0,3.5,35.01750875437719,99.0,Charm,374
Bady and Kids,419.0,771.0,3.3,45.654993514915695,19.0,Other,249
Bady and Kids,428.0,695.0,3.4,38.41726618705036,28.0,Other,452
Bady and Kids,339.0,999.0,3.4,66.06606606606607,39.0,Other,83
Bady and Kids,484.0,999.0,4.7,51.551551551551555,84.0,Other,63
Bady and Kids,484.0,1426.0,3.5,66.05890603085554,84.0,Other,432
Bady and Kids,616.0,1911.0,3.7,67.76556776556777,16.0,Other,107
Bady and Kids,1834.0,2799.0,3.9,34.47659878528046,34.0,Other,109
Bady and Kids,3149.0,3580.0,4.6,12.039106145251397,49.0,Other,272
Bady and Kids,188.0,1499.0,4.0,87.45830553702469,88.0,Other,268
Bady and Kids,205.0,999.0,3.9,79.47947947947948,5.0,Other,421
Bady and Kids,187.0,799.0,4.0,76.59574468085107,87.0,Other,367
Bady and Kids,187.0,702.0,4.2,73.36182336182337,87.0,Other,414
Bady and Kids,188.0,799.0,4.1,76.47058823529412,88.0,Other,189
Bady and Kids,1929.0,2190.0,4.6,11.917808219178081,29.0,Other,251
Bady and Kids,211.0,1017.0,4.0,79.2527040314651,11.0,Other,396
Bady and Kids,212.0,781.0,3.9,72.85531370038413,12.0,Other,221
Bady and Kids,209.0,613.0,4.0,65.90538336052202,9.0,Other,84
Bady and Kids,239.0,250.0,4.6,4.3999999999999995,39.0,Other,342
Bady and Kids,210.0,400.0,4.0,47.5,10.0,Other,130
Bady and Kids,189.0,500.0,4.2,62.2,89.0,Other,414
Bady and Kids,188.0,899.0,4.0,79.08787541713015,88.0,Other,385
Bady and Kids,786.0,999.0,3.1,21.32132132132132,86.0,Other,74
Bady and Kids,205.0,999.0,3.9,79.47947947947948,5.0,Other,273
Bady and Kids,209.0,976.0,4.0,78.5860655737705,9.0,Other,182
Bady and Kids,211.0,878.0,4.0,75.96810933940775,11.0,Other,78
Bady and Kids,259.0,270.0,4.6,4.074074074074074,59.0,Other,130
Bady and Kids,220.0,999.0,4.0,77.97797797797797,20.0,Other,107
Bady and Kids,289.0,999.0,4.1,71.07107107107107,89.0,Other,195
Bady and Kids,206.0,999.0,4.0,79.37937937937937,6.0,Other,406
Bady and Kids,471.0,599.0,3.1,21.368948247078464,71.0,Other,236
Bady and Kids,189.0,799.0,4.2,76.34543178973718,89.0,Other,299
Bady and Kids,209.0,324.0,4.3,35.49382716049383,9.0,Other,55
Bady and Kids,197.0,973.0,4.1,79.75334018499485,97.0,Other,252
Bady and Kids,489.0,540.0,4.6,9.444444444444445,89.0,Other,160
Bady and Kids,219.0,599.0,4.0,63.43906510851419,19.0,Other,205
Bady and Kids,211.0,1144.0,3.9,81.55594405594405,11.0,Other,75
Bady and Kids,215.0,599.0,4.0,64.10684474123539,15.0,Other,419
Bady and Kids,505.0,560.0,4.6,9.821428571428571,5.0,Other,119
Bady and Kids,214.0,813.0,4.1,73.67773677736777,14.0,Other,415
Bady and Kids,219.0,299.0,3.8,26.755852842809364,19.0,Other,372
Bady and Kids,219.0,868.0,3.9,74.76958525345621,19.0,Other,339
Bady and Kids,259.0,270.0,4.6,4.074074074074074,59.0,Other,228
Bady and Kids,219.0,499.0,4.0,56.1122244488978,19.0,Other,166
Bady and Kids,588.0,999.0,4.2,41.14114114114114,88.0,Other,473
Bady and Kids,255.0,700.0,4.1,63.57142857142857,55.0,Other,397
Bady and Kids,239.0,250.0,4.6,4.3999999999999995,39.0,Other,95
Bady and Kids,499.0,1999.0,4.5,75.03751875937968,99.0,Charm,152
Bady and Kids,749.0,899.0,4.4,16.68520578420467,49.0,Other,123
Bady and Kids,375.0,1599.0,3.8,76.54784240150094,75.0,Other,350
Bady and Kids,399.0,1899.0,3.7,78.98894154818325,99.0,Charm,426
Bady and Kids,399.0,1999.0,3.7,80.040020010005,99.0,Charm,329
Bady and Kids,375.0,1899.0,4.3,80.25276461295418,75.0,Other,164
Bady and Kids,375.0,1999.0,4.0,81.24062031015508,75.0,Other,484
Bady and Kids,998.0,4999.0,4.2,80.03600720144028,98.0,Other,138
Bady and Kids,699.0,2999.0,4.1,76.69223074358119,99.0,Charm,197
Bady and Kids,499.0,2999.0,4.0,83.36112037345782,99.0,Charm,449
Bady and Kids,590.0,2999.0,4.0,80.32677559186395,90.0,Other,259
Bady and Kids,549.0,999.0,4.7,45.04504504504504,49.0,Other,441
Bady and Kids,599.0,2299.0,3.9,73.94519356241844,99.0,Charm,211
Bady and Kids,375.0,1999.0,3.9,81.24062031015508,75.0,Other,246
Bady and Kids,375.0,1899.0,3.8,80.25276461295418,75.0,Other,121
Bady and Kids,623.0,899.0,4.1,30.700778642936594,23.0,Other,203
Bady and Kids,399.0,1899.0,3.9,78.98894154818325,99.0,Charm,472
Bady and Kids,375.0,1999.0,3.8,81.24062031015508,75.0,Other,50
Bady and Kids,399.0,1999.0,3.9,80.040020010005,99.0,Charm,348
Bady and Kids,599.0,699.0,5.0,14.306151645207441,99.0,Charm,139
Bady and Kids,399.0,1899.0,3.6,78.98894154818325,99.0,Charm,269
Bady and Kids,250.0,899.0,4.3,72.19132369299221,50.0,Other,441
Bady and Kids,375.0,999.0,4.4,62.46246246246246,75.0,Other,481
Bady and Kids,399.0,1456.0,4.1,72.59615384615384,99.0,Charm,429
Bady and Kids,219.0,1599.0,3.4,86.30393996247655,19.0,Other,104
Bady and Kids,375.0,1899.0,3.9,80.25276461295418,75.0,Other,411
Bady and Kids,399.0,1999.0,3.6,80.040020010005,99.0,Charm,119
Bady and Kids,375.0,1899.0,3.8,80.25276461295418,75.0,Other,146
Bady and Kids,899.0,2499.0,4.1,64.02561024409763,99.0,Charm,454
Bady and Kids,490.0,1299.0,4.0,62.278675904541956,90.0,Other,459
Bady and Kids,599.0,3499.0,3.9,82.88082309231208,99.0,Charm,198
Bady and Kids,499.0,2988.0,4.2,83.29986613119144,99.0,Charm,317
Bady and Kids,265.0,699.0,3.9,62.08869814020028,65.0,Other,238
Bady and Kids,210.0,999.0,4.3,78.97897897897897,10.0,Other,470
Bady and Kids,375.0,1999.0,4.5,81.24062031015508,75.0,Other,166
Bady and Kids,490.0,949.0,4.1,48.366701791359326,90.0,Other,152
Bady and Kids,370.0,2569.0,4.2,85.5975087582717,70.0,Other,114
Bady and Kids,399.0,1999.0,3.7,80.040020010005,99.0,Charm,220
Bady and Kids,590.0,2999.0,4.1,80.32677559186395,90.0,Other,327
Bady and Kids,470.0,2499.0,4.2,81.19247699079631,70.0,Other,407
Bady and Kids,2989.0,4199.0,4.2,28.816384853536558,89.0,Other,399
Bady and Kids,221.0,600.0,4.0,63.16666666666667,21.0,Other,276
Bady and Kids,569.0,2199.0,3.9,74.12460209185994,69.0,Other,74
Bady and Kids,1209.0,2999.0,4.1,59.6865621873958,9.0,Other,318
Bady and Kids,1209.0,2999.0,4.1,59.6865621873958,9.0,Other,111
Bady and Kids,1499.0,2999.0,4.2,50.01667222407469,99.0,Charm,283
Bady and Kids,1899.0,3599.0,4.8,47.235343150875245,99.0,Charm,482
Bady and Kids,45599.0,47999.0,4.9,5.0001041688368515,99.0,Charm,454
Bady and Kids,485.0,1749.0,3.9,72.26986849628359,85.0,Other,291
Bady and Kids,489.0,1999.0,3.9,75.53776888444223,89.0,Other,366
Bady and Kids,1199.0,2499.0,4.4,52.020808323329334,99.0,Charm,246
Bady and Kids,1340.0,2499.0,4.0,46.37855142056823,40.0,Other,489
Bady and Kids,313.0,644.0,3.8,51.39751552795031,13.0,Other,127
Bady and Kids,1599.0,2570.0,4.1,37.782101167315176,99.0,Charm,291
Bady and Kids,679.0,1899.0,4.2,64.2443391258557,79.0,Other,118
Bady and Kids,1300.0,2499.0,3.9,47.979191676670666,0.0,Round,125
Bady and Kids,499.0,1899.0,4.1,73.72301211163771,99.0,Charm,400
Bady and Kids,1189.0,2499.0,4.1,52.42096838735494,89.0,Other,469
Bady and Kids,470.0,1999.0,3.9,76.48824412206103,70.0,Other,402
Bady and Kids,333.0,1000.0,4.0,66.7,33.0,Other,465
Bady and Kids,499.0,999.0,4.7,50.050050050050054,99.0,Charm,260
Bady and Kids,1259.0,2200.0,4.0,42.77272727272727,59.0,Other,328
Bady and Kids,2099.0,2499.0,4.3,16.00640256102441,99.0,Charm,302
Bady and Kids,252.0,500.0,4.4,49.6,52.0,Other,317
Bady and Kids,1599.0,2570.0,4.8,37.782101167315176,99.0,Charm,412
Bady and Kids,710.0,1899.0,4.2,62.61190100052659,10.0,Other,399
Bady and Kids,1754.0,2100.0,4.2,16.476190476190474,54.0,Other,131
Bady and Kids,749.0,1499.0,3.0,50.03335557038026,49.0,Other,384
Bady and Kids,999.0,2499.0,4.3,60.024009603841534,99.0,Charm,109
Bady and Kids,499.0,1799.0,3.9,72.26236798221234,99.0,Charm,368
Bady and Kids,492.0,1499.0,3.8,67.17811874583055,92.0,Other,339
Bady and Kids,1899.0,2493.0,4.2,23.826714801444044,99.0,Charm,210
Bady and Kids,1569.0,2999.0,4.2,47.68256085361787,69.0,Other,408
Bady and Kids,1379.0,2290.0,3.7,39.78165938864629,79.0,Other,467
Bady and Kids,339.0,999.0,4.0,66.06606606606607,39.0,Other,63
Bady and Kids,19949.0,20999.0,4.9,5.000238106576504,49.0,Other,143
Bady and Kids,1799.0,2665.0,3.9,32.4953095684803,99.0,Charm,295
Bady and Kids,448.0,999.0,3.9,55.15515515515516,48.0,Other,72
Bady and Kids,692.0,1000.0,4.1,30.8,92.0,Other,57
Bady and Kids,274.0,600.0,3.1,54.333333333333336,74.0,Other,390
Bady and Kids,388.0,999.0,4.2,61.16116116116116,88.0,Other,213
Bady and Kids,388.0,999.0,3.8,61.16116116116116,88.0,Other,464
Bady and Kids,267.0,999.0,3.6,73.27327327327328,67.0,Other,95
Bady and Kids,350.0,1199.0,4.2,70.80900750625521,50.0,Other,89
Bady and Kids,499.0,999.0,4.0,50.050050050050054,99.0,Charm,254
Bady and Kids,315.0,699.0,3.9,54.93562231759657,15.0,Other,340
Bady and Kids,340.0,999.0,3.8,65.96596596596596,40.0,Other,360
Bady and Kids,264.0,499.0,4.1,47.09418837675351,64.0,Other,387
Bady and Kids,499.0,999.0,3.7,50.050050050050054,99.0,Charm,202
Bady and Kids,1589.0,3299.0,4.8,51.83388905729009,89.0,Other,358
Bady and Kids,769.0,1299.0,4.1,40.80061585835258,69.0,Other,119
Bady and Kids,375.0,999.0,3.9,62.46246246246246,75.0,Other,157
Bady and Kids,362.0,799.0,3.9,54.69336670838548,62.0,Other,190
Bady and Kids,847.0,2799.0,4.5,69.73919256877457,47.0,Other,65
Bady and Kids,323.0,999.0,3.5,67.66766766766766,23.0,Other,297
Bady and Kids,873.0,999.0,4.2,12.612612612612612,73.0,Other,313
Bady and Kids,295.0,499.0,4.2,40.88176352705411,95.0,Other,418
Bady and Kids,449.0,599.0,3.5,25.041736227045075,49.0,Other,304
Bady and Kids,125.0,449.0,3.8,72.16035634743875,25.0,Other,367
Bady and Kids,554.0,1999.0,4.3,72.28614307153578,54.0,Other,449
Bady and Kids,628.0,1359.0,4.0,53.789551140544525,28.0,Other,192
Bady and Kids,804.0,1699.0,4.2,52.67804590935845,4.0,Other,227
Bady and Kids,399.0,999.0,4.0,60.06006006006006,99.0,Charm,369
Bady and Kids,549.0,899.0,4.0,38.9321468298109,49.0,Other,148
Bady and Kids,997.0,999.0,4.1,0.20020020020020018,97.0,Other,444
Bady and Kids,1349.0,1999.0,4.8,32.51625812906453,49.0,Other,297
Bady and Kids,389.0,1999.0,4.0,80.54027013506754,89.0,Other,253
Bady and Kids,309.0,599.0,4.2,48.41402337228715,9.0,Other,410
Bady and Kids,338.0,999.0,4.6,66.16616616616616,38.0,Other,199
Bady and Kids,449.0,900.0,3.6,50.11111111111111,49.0,Other,422
Bady and Kids,639.0,1199.0,4.6,46.705587989991656,39.0,Other,428
Bady and Kids,264.0,499.0,3.6,47.09418837675351,64.0,Other,495
Bady and Kids,249.0,750.0,4.0,66.8,49.0,Other,227
Bady and Kids,999.0,1199.0,4.2,16.680567139282733,99.0,Charm,365
Bady and Kids,452.0,1199.0,3.6,62.30191826522101,52.0,Other,446
Bady and Kids,929.0,1299.0,4.9,28.48344880677444,29.0,Other,188
Bady and Kids,629.0,699.0,5.0,10.014306151645208,29.0,Other,73
Bady and Kids,425.0,599.0,4.1,29.04841402337229,25.0,Other,205
Bady and Kids,355.0,1249.0,4.1,71.57726180944756,55.0,Other,442
Bady and Kids,371.0,999.0,4.7,62.86286286286287,71.0,Other,456
Bady and Kids,323.0,380.0,3.3,15.0,23.0,Other,218
Bady and Kids,999.0,1799.0,3.7,44.469149527515285,99.0,Charm,222
Bady and Kids,291.0,395.0,4.3,26.329113924050635,91.0,Other,257
Bady and Kids,300.0,,4.2,,0.0,Round,199
Bady and Kids,179.0,286.0,4.3,37.41258741258741,79.0,Other,136
Bady and Kids,1449.0,2999.0,4.2,51.68389463154385,49.0,Other,170
Bady and Kids,230.0,,4.4,,30.0,Other,263
Bady and Kids,649.0,1099.0,4.2,40.94631483166515,49.0,Other,181
Bady and Kids,459.0,599.0,4.5,23.372287145242073,59.0,Other,462
Bady and Kids,275.0,599.0,4.3,54.09015025041736,75.0,Other,292
Bady and Kids,919.0,1499.0,4.6,38.69246164109406,19.0,Other,206
Bady and Kids,999.0,1499.0,4.1,33.3555703802535,99.0,Charm,289
Bady and Kids,798.0,4866.0,4.6,83.60049321824907,98.0,Other,310
Bady and Kids,399.0,999.0,4.1,60.06006006006006,99.0,Charm,249
Bady and Kids,549.0,1299.0,4.2,57.736720554272516,49.0,Other,63
Bady and Kids,699.0,1599.0,4.3,56.28517823639775,99.0,Charm,55
Bady and Kids,529.0,999.0,4.4,47.047047047047045,29.0,Other,91
Bady and Kids,359.0,550.0,3.7,34.72727272727273,59.0,Other,284
Bady and Kids,190.0,699.0,3.8,72.81831187410587,90.0,Other,462
Bady and Kids,1519.0,3099.0,4.3,50.98418844788641,19.0,Other,347
Bady and Kids,1699.0,2999.0,4.8,43.347782594198065,99.0,Charm,460
Bady and Kids,259.0,699.0,4.3,62.94706723891274,59.0,Other,186
Bady and Kids,269.0,499.0,4.2,46.09218436873748,69.0,Other,270
Bady and Kids,220.0,,4.2,,20.0,Other,284
Bady and Kids,569.0,1099.0,4.3,48.22565969062784,69.0,Other,286
Bady and Kids,1059.0,1999.0,3.8,47.02351175587794,59.0,Other,284
Bady and Kids,499.0,999.0,4.3,50.050050050050054,99.0,Charm,465
Bady and Kids,575.0,2599.0,4.2,77.87610619469027,75.0,Other,237
Bady and Kids,399.0,559.0,3.8,28.622540250447226,99.0,Charm,490
Bady and Kids,176.0,399.0,4.2,55.88972431077694,76.0,Other,185
Bady and Kids,1429.0,1999.0,4.8,28.51425712856428,29.0,Other,181
Bady and Kids,169.0,249.0,4.2,32.1285140562249,69.0,Other,109
Bady and Kids,1429.0,1999.0,4.1,28.51425712856428,29.0,Other,414
Bady and Kids,279.0,399.0,4.3,30.075187969924812,79.0,Other,327
Bady and Kids,325.0,699.0,4.2,53.50500715307582,25.0,Other,446
Bady and Kids,310.0,360.0,4.3,13.88888888888889,10.0,Other,78
Bady and Kids,418.0,795.0,3.9,47.42138364779874,18.0,Other,381
Bady and Kids,479.0,1999.0,4.1,76.03801900950475,79.0,Other,390
Bady and Kids,299.0,699.0,3.8,57.224606580829764,99.0,Charm,217
Bady and Kids,459.0,599.0,4.5,23.372287145242073,59.0,Other,372
Bady and Kids,699.0,1999.0,4.0,65.03251625812906,99.0,Charm,209
Bady and Kids,699.0,1999.0,4.0,65.03251625812906,99.0,Charm,417
Bady and Kids,699.0,999.0,4.0,30.03003003003003,99.0,Charm,273
Bady and Kids,525.0,2694.0,4.0,80.51224944320712,25.0,Other,234
Bady and Kids,494.0,1530.0,3.9,67.7124183006536,94.0,Other,104
Bady and Kids,495.0,1999.0,3.6,75.23761880940471,95.0,Other,338
Bady and Kids,599.0,1599.0,4.2,62.539086929330836,99.0,Charm,349
Bady and Kids,999.0,1500.0,4.9,33.4,99.0,Charm,349
Bady and Kids,880.0,1299.0,3.9,32.255581216320245,80.0,Other,138
Bady and Kids,499.0,2315.0,4.0,78.4449244060475,99.0,Charm,424
Bady and Kids,365.0,899.0,3.9,59.399332591768626,65.0,Other,433
Bady and Kids,1099.0,1999.0,3.8,45.02251125562781,99.0,Charm,209
Bady and Kids,880.0,1299.0,3.9,32.255581216320245,80.0,Other,246
Bady and Kids,492.0,1999.0,4.0,75.38769384692347,92.0,Other,105
Bady and Kids,399.0,999.0,4.1,60.06006006006006,99.0,Charm,381
Bady and Kids,749.0,999.0,4.1,25.025025025025027,49.0,Other,358
Bady and Kids,520.0,1540.0,4.1,66.23376623376623,20.0,Other,344
Bady and Kids,368.0,1083.0,3.5,66.02031394275161,68.0,Other,204
Bady and Kids,494.0,1499.0,3.6,67.04469646430954,94.0,Other,202
Bady and Kids,749.0,999.0,4.1,25.025025025025027,49.0,Other,90
Bady and Kids,499.0,1618.0,4.1,69.15945611866502,99.0,Charm,288
Bady and Kids,395.0,899.0,3.7,56.0622914349277,95.0,Other,171
Bady and Kids,378.0,999.0,4.2,62.16216216216216,78.0,Other,245
Bady and Kids,579.0,999.0,4.1,42.04204204204204,79.0,Other,225
Bady and Kids,499.0,1494.0,3.9,66.59973226238286,99.0,Charm,359
Bady and Kids,325.0,599.0,4.3,45.742904841402336,25.0,Other,228
Bady and Kids,699.0,999.0,4.1,30.03003003003003,99.0,Charm,302
Bady and Kids,749.0,1999.0,4.1,62.531265632816414,49.0,Other,456
Bady and Kids,1199.0,1599.0,4.4,25.01563477173233,99.0,Charm,325
Bady and Kids,399.0,699.0,4.8,42.91845493562232,99.0,Charm,149
Bady and Kids,849.0,999.0,3.9,15.015015015015015,49.0,Other,199
Bady and Kids,749.0,1999.0,4.1,62.531265632816414,49.0,Other,152
Bady and Kids,563.0,2009.0,4.0,71.9761075161772,63.0,Other,151
Bady and Kids,564.0,2599.0,3.5,78.2993459022701,64.0,Other,184
Bady and Kids,599.0,999.0,4.3,40.04004004004004,99.0,Charm,112
Bady and Kids,749.0,1999.0,4.1,62.531265632816414,49.0,Other,203
Bady and Kids,584.0,1499.0,4.0,61.04069379586391,84.0,Other,426
Bady and Kids,699.0,1566.0,3.8,55.3639846743295,99.0,Charm,444
Bady and Kids,749.0,999.0,4.0,25.025025025025027,49.0,Other,389
Bady and Kids,749.0,1999.0,4.1,62.531265632816414,49.0,Other,415
Bady and Kids,999.0,,4.3,,99.0,Charm,206
Bady and Kids,999.0,,4.3,,99.0,Charm,191
Bady and Kids,369.0,599.0,4.3,38.397328881469114,69.0,Other,434
Bady and Kids,1279.0,1499.0,4.8,14.676450967311542,79.0,Other,252
Bady and Kids,339.0,799.0,4.3,57.571964956195245,39.0,Other,118
Bady and Kids,389.0,449.0,4.3,13.3630289532294,89.0,Other,437
Bady and Kids,859.0,999.0,4.8,14.014014014014014,59.0,Other,63
Bady and Kids,539.0,699.0,4.3,22.889842632331902,39.0,Other,155
Bady and Kids,1949.0,,4.7,,49.0,Other,364
Bady and Kids,563.0,1599.0,3.7,64.79049405878673,63.0,Other,482
Bady and Kids,1139.0,1999.0,4.6,43.02151075537769,39.0,Other,464
Bady and Kids,643.0,699.0,4.3,8.011444921316166,43.0,Other,334
Bady and Kids,389.0,449.0,4.5,13.3630289532294,89.0,Other,228
Bady and Kids,534.0,1499.0,4.0,64.37625083388926,34.0,Other,339
Bady and Kids,469.0,899.0,4.1,47.830923248053395,69.0,Other,433
Bady and Kids,539.0,699.0,4.3,22.889842632331902,39.0,Other,305
Bady and Kids,463.0,999.0,3.8,53.653653653653656,63.0,Other,490
Bady and Kids,809.0,899.0,5.0,10.011123470522804,9.0,Other,351
Bady and Kids,1949.0,,4.7,,49.0,Other,74
Bady and Kids,539.0,699.0,4.3,22.889842632331902,39.0,Other,104
Bady and Kids,292.0,1199.0,3.6,75.6463719766472,92.0,Other,230
Bady and Kids,1979.0,2199.0,4.8,10.004547521600728,79.0,Other,149
Bady and Kids,469.0,699.0,3.7,32.904148783977114,69.0,Other,291
Bady and Kids,999.0,,4.3,,99.0,Charm,354
Bady and Kids,339.0,599.0,4.3,43.40567612687813,39.0,Other,244
Bady and Kids,495.0,999.0,3.6,50.45045045045045,95.0,Other,92
Bady and Kids,389.0,799.0,4.3,51.31414267834794,89.0,Other,410
Bady and Kids,270.0,999.0,3.7,72.97297297297297,70.0,Other,275
Bady and Kids,399.0,599.0,4.1,33.3889816360601,99.0,Charm,200
Bady and Kids,599.0,999.0,3.9,40.04004004004004,99.0,Charm,452
Bady and Kids,1489.0,2499.0,4.4,40.41616646658663,89.0,Other,329
Bady and Kids,389.0,449.0,4.7,13.3630289532294,89.0,Other,110
Bady and Kids,284.0,699.0,4.9,59.370529327610875,84.0,Other,285
Bady and Kids,472.0,699.0,4.1,32.474964234620884,72.0,Other,380
Bady and Kids,1148.0,1999.0,4.1,42.57128564282141,48.0,Other,89
Bady and Kids,355.0,1270.0,3.8,72.04724409448819,55.0,Other,337
Bady and Kids,261.0,499.0,4.1,47.69539078156313,61.0,Other,81
Bady and Kids,325.0,999.0,4.2,67.46746746746747,25.0,Other,87
Bady and Kids,243.0,899.0,4.3,72.96996662958844,43.0,Other,215
Bady and Kids,585.0,1499.0,3.8,60.9739826551034,85.0,Other,57
Bady and Kids,149.0,678.0,4.1,78.023598820059,49.0,Other,420
Bady and Kids,149.0,499.0,4.1,70.14028056112225,49.0,Other,89
Bady and Kids,174.0,699.0,4.0,75.10729613733905,74.0,Other,267
Bady and Kids,204.0,599.0,4.3,65.9432387312187,4.0,Other,450
Bady and Kids,175.0,499.0,4.2,64.92985971943888,75.0,Other,77
Bady and Kids,225.0,800.0,4.2,71.875,25.0,Other,271
Bady and Kids,178.0,600.0,4.2,70.33333333333334,78.0,Other,273
Bady and Kids,599.0,1299.0,,53.88760585065435,99.0,Charm,402
Bady and Kids,633.0,999.0,4.4,36.63663663663664,33.0,Other,396
Bady and Kids,189.0,300.0,4.2,37.0,89.0,Other,118
Bady and Kids,279.0,799.0,4.3,65.081351689612,79.0,Other,216
Bady and Kids,301.0,499.0,3.9,39.67935871743487,1.0,Other,64
Bady and Kids,240.0,499.0,4.3,51.903807615230455,40.0,Other,220
Bady and Kids,211.0,999.0,3.7,78.87887887887888,11.0,Other,133
Bady and Kids,289.0,800.0,4.1,63.87500000000001,89.0,Other,337
Bady and Kids,291.0,799.0,4.0,63.57947434292866,91.0,Other,205
Bady and Kids,273.0,699.0,4.3,60.94420600858369,73.0,Other,306
Bady and Kids,169.0,699.0,3.9,75.82260371959943,69.0,Other,98
Bady and Kids,299.0,1199.0,4.7,75.0625521267723,99.0,Charm,374
Bady and Kids,594.0,1497.0,4.2,60.320641282565134,94.0,Other,102
Bady and Kids,249.0,999.0,4.1,75.07507507507508,49.0,Other,186
Bady and Kids,484.0,899.0,4.3,46.162402669632925,84.0,Other,53
Bady and Kids,180.0,503.0,3.9,64.21471172962227,80.0,Other,147
Bady and Kids,378.0,699.0,3.7,45.92274678111588,78.0,Other,499
Bady and Kids,299.0,499.0,3.4,40.08016032064128,99.0,Charm,414
Bady and Kids,179.0,494.0,3.9,63.76518218623482,79.0,Other,270
Bady and Kids,172.0,874.0,4.0,80.32036613272311,72.0,Other,173
Bady and Kids,399.0,899.0,4.7,55.61735261401557,99.0,Charm,123
Bady and Kids,292.0,799.0,4.5,63.454317897371716,92.0,Other,422
Bady and Kids,251.0,699.0,4.3,64.09155937052932,51.0,Other,330
Bady and Kids,175.0,499.0,4.1,64.92985971943888,75.0,Other,449
Bady and Kids,199.0,999.0,4.8,80.08008008008008,99.0,Charm,483
Bady and Kids,269.0,346.0,4.1,22.254335260115607,69.0,Other,228
Bady and Kids,279.0,599.0,4.5,53.42237061769616,79.0,Other,481
Bady and Kids,949.0,1199.0,4.4,20.85070892410342,49.0,Other,235
Bady and Kids,301.0,499.0,3.9,39.67935871743487,1.0,Other,99
Bady and Kids,438.0,999.0,4.4,56.15615615615616,38.0,Other,99
Bady and Kids,421.0,799.0,4.3,47.309136420525654,21.0,Other,157
Bady and Kids,299.0,499.0,4.1,40.08016032064128,99.0,Charm,423
Bady and Kids,611.0,1398.0,3.8,56.294706723891274,11.0,Other,326
Bady and Kids,999.0,1499.0,4.2,33.3555703802535,99.0,Charm,112
Bady and Kids,599.0,1149.0,4.1,47.86771105308964,99.0,Charm,67
Bady and Kids,999.0,1499.0,4.1,33.3555703802535,99.0,Charm,363
Bady and Kids,149.0,175.0,4.1,14.857142857142858,49.0,Other,311
Bady and Kids,999.0,1499.0,4.3,33.3555703802535,99.0,Charm,330
Bady and Kids,999.0,1499.0,4.4,33.3555703802535,99.0,Charm,409
Bady and Kids,139.0,249.0,3.9,44.17670682730924,39.0,Other,117
Bady and Kids,139.0,249.0,4.0,44.17670682730924,39.0,Other,188
Bady and Kids,269.0,399.0,4.0,32.581453634085214,69.0,Other,284
Bady and Kids,329.0,575.0,4.5,42.78260869565217,29.0,Other,474
Bady and Kids,265.0,499.0,3.6,46.893787575150306,65.0,Other,305
Bady and Kids,699.0,999.0,4.1,30.03003003003003,99.0,Charm,227
Bady and Kids,499.0,699.0,3.6,28.612303290414882,99.0,Charm,129
Bady and Kids,440.0,599.0,3.8,26.54424040066778,40.0,Other,423
Bady and Kids,5204.0,6765.0,2.7,23.074648928307465,4.0,Other,153
Bady and Kids,3793.0,4930.0,2.7,23.06288032454361,93.0,Other,384
Bady and Kids,3916.0,5090.0,2.7,23.06483300589391,16.0,Other,289
Bady and Kids,3087.0,3395.0,2.7,9.072164948453608,87.0,Other,156
Bady and Kids,589.0,1999.0,4.0,70.53526763381691,89.0,Other,254
Bady and Kids,195.0,499.0,3.3,60.92184368737475,95.0,Other,172
Bady and Kids,299.0,699.0,4.1,57.224606580829764,99.0,Charm,301
Bady and Kids,280.0,999.0,4.2,71.97197197197197,80.0,Other,121
Bady and Kids,269.0,999.0,4.1,73.07307307307308,69.0,Other,348
Bady and Kids,199.0,499.0,4.3,60.120240480961925,99.0,Charm,390
Bady and Kids,199.0,599.0,3.5,66.7779632721202,99.0,Charm,497
Bady and Kids,209.0,599.0,4.1,65.1085141903172,9.0,Other,394
Bady and Kids,539.0,900.0,3.5,40.11111111111111,39.0,Other,284
Bady and Kids,700.0,1299.0,4.7,46.11239414934565,0.0,Round,60
Bady and Kids,399.0,599.0,4.5,33.3889816360601,99.0,Charm,252
Bady and Kids,769.0,900.0,4.0,14.555555555555555,69.0,Other,212
Bady and Kids,2139.0,2999.0,4.5,28.67622540846949,39.0,Other,453
Bady and Kids,155.0,599.0,,74.12353923205343,55.0,Other,143
Bady and Kids,249.0,599.0,3.7,58.43071786310517,49.0,Other,146
Bady and Kids,278.0,791.0,3.4,64.85461441213654,78.0,Other,415
Bady and Kids,205.0,499.0,3.6,58.91783567134269,5.0,Other,194
Bady and Kids,859.0,1499.0,4.5,42.69513008672448,59.0,Other,288
Bady and Kids,1969.0,2699.0,4.4,27.047054464616526,69.0,Other,473
Bady and Kids,209.0,1499.0,3.4,86.05737158105403,9.0,Other,208
Bady and Kids,599.0,999.0,4.2,40.04004004004004,99.0,Charm,216
Bady and Kids,859.0,1499.0,4.5,42.69513008672448,59.0,Other,369
Bady and Kids,833.0,1999.0,3.9,58.32916458229115,33.0,Other,303
Bady and Kids,310.0,499.0,3.4,37.87575150300601,10.0,Other,319
Bady and Kids,245.0,600.0,4.1,59.166666666666664,45.0,Other,292
Bady and Kids,314.0,500.0,4.4,37.2,14.0,Other,270
Bady and Kids,294.0,999.0,4.1,70.57057057057057,94.0,Other,377
Bady and Kids,229.0,699.0,3.5,67.23891273247496,29.0,Other,429
Bady and Kids,999.0,1399.0,4.3,28.591851322373124,99.0,Charm,462
Bady and Kids,299.0,899.0,3.8,66.74082313681868,99.0,Charm,112
Bady and Kids,1069.0,1499.0,4.5,28.685790527018014,69.0,Other,206
Bady and Kids,499.0,999.0,4.7,50.050050050050054,99.0,Charm,182
Bady and Kids,496.0,973.0,4.2,49.023638232271324,96.0,Other,121
Bady and Kids,299.0,499.0,3.8,40.08016032064128,99.0,Charm,66
Bady and Kids,719.0,900.0,3.9,20.11111111111111,19.0,Other,120
Bady and Kids,299.0,699.0,3.7,57.224606580829764,99.0,Charm,129
Bady and Kids,449.0,1499.0,3.7,70.04669779853235,49.0,Other,431
Bady and Kids,399.0,799.0,3.8,50.06257822277848,99.0,Charm,72
Bady and Kids,451.0,1059.0,3.4,57.412653446647774,51.0,Other,406
Bady and Kids,195.0,699.0,3.2,72.1030042918455,95.0,Other,189
Bady and Kids,249.0,899.0,4.6,72.30255839822024,49.0,Other,383
Bady and Kids,349.0,599.0,4.8,41.736227045075125,49.0,Other,471
Bady and Kids,165.0,999.0,3.9,83.48348348348348,65.0,Other,401
Bady and Kids,385.0,999.0,4.0,61.46146146146146,85.0,Other,397
Bady and Kids,214.0,999.0,4.1,78.57857857857859,14.0,Other,171
Bady and Kids,300.0,999.0,4.0,69.96996996996997,0.0,Round,139
Bady and Kids,245.0,799.0,4.2,69.33667083854819,45.0,Other,176
Bady and Kids,1529.0,2599.0,4.2,41.16968064640246,29.0,Other,335
Bady and Kids,249.0,799.0,3.6,68.8360450563204,49.0,Other,360
Bady and Kids,262.0,1299.0,3.9,79.8306389530408,62.0,Other,214
Bady and Kids,310.0,1599.0,3.9,80.61288305190745,10.0,Other,313
Bady and Kids,399.0,999.0,3.8,60.06006006006006,99.0,Charm,149
Bady and Kids,449.0,1499.0,4.0,70.04669779853235,49.0,Other,292
Bady and Kids,163.0,399.0,4.0,59.14786967418546,63.0,Other,214
Bady and Kids,677.0,1499.0,4.0,54.836557705136755,77.0,Other,139
Bady and Kids,632.0,1199.0,4.1,47.289407839866556,32.0,Other,63
Bady and Kids,635.0,999.0,4.2,36.43643643643644,35.0,Other,143
Bady and Kids,193.0,999.0,4.0,80.68068068068068,93.0,Other,130
Bady and Kids,279.0,444.0,4.1,37.16216216216216,79.0,Other,324
Bady and Kids,339.0,999.0,3.8,66.06606606606607,39.0,Other,344
Bady and Kids,277.0,699.0,4.1,60.37195994277539,77.0,Other,184
Bady and Kids,149.0,999.0,4.8,85.08508508508508,49.0,Other,267
Bady and Kids,493.0,993.0,4.2,50.35246727089627,93.0,Other,68
Bady and Kids,229.0,499.0,4.2,54.10821643286573,29.0,Other,332
Bady and Kids,197.0,399.0,4.0,50.6265664160401,97.0,Other,491
Bady and Kids,240.0,899.0,4.1,73.30367074527253,40.0,Other,428
Bady and Kids,196.0,449.0,4.1,56.347438752783965,96.0,Other,467
Bady and Kids,349.0,999.0,3.8,65.06506506506507,49.0,Other,464
Bady and Kids,187.0,563.0,4.1,66.78507992895204,87.0,Other,223
Bady and Kids,184.0,543.0,4.0,66.11418047882137,84.0,Other,384
Bady and Kids,247.0,899.0,4.3,72.52502780867631,47.0,Other,299
Bady and Kids,685.0,950.0,3.8,27.89473684210526,85.0,Other,295
Bady and Kids,225.0,999.0,4.0,77.47747747747748,25.0,Other,255
Bady and Kids,200.0,649.0,4.1,69.18335901386749,0.0,Round,436
Bady and Kids,251.0,800.0,4.2,68.625,51.0,Other,424
Bady and Kids,299.0,359.0,3.2,16.71309192200557,99.0,Charm,322
Bady and Kids,235.0,899.0,3.9,73.85984427141268,35.0,Other,75
Bady and Kids,171.0,499.0,4.4,65.7314629258517,71.0,Other,160
Bady and Kids,195.0,599.0,4.0,67.4457429048414,95.0,Other,386
Bady and Kids,160.0,200.0,4.4,20.0,60.0,Other,377
Bady and Kids,404.0,1108.0,3.9,63.537906137184116,4.0,Other,350
Bady and Kids,499.0,1499.0,4.0,66.711140760507,99.0,Charm,223
Bady and Kids,379.0,599.0,4.0,36.727879799666105,79.0,Other,290
Bady and Kids,439.0,1999.0,3.8,78.03901950975488,39.0,Other,151
Bady and Kids,679.0,1999.0,4.3,66.03301650825412,79.0,Other,132
Bady and Kids,479.0,2999.0,4.0,84.02800933644549,79.0,Other,331
Bady and Kids,549.0,1699.0,4.3,67.68687463213655,49.0,Other,323
Bady and Kids,599.0,1999.0,4.3,70.03501750875438,99.0,Charm,226
Bady and Kids,649.0,1499.0,4.3,56.70446964643096,49.0,Other,173
Bady and Kids,299.0,1499.0,3.9,80.0533689126084,99.0,Charm,443
Bady and Kids,199.0,799.0,3.8,75.09386733416771,99.0,Charm,132
Bady and Kids,299.0,899.0,4.7,66.74082313681868,99.0,Charm,328
Bady and Kids,269.0,799.0,3.8,66.33291614518147,69.0,Other,213
Bady and Kids,629.0,1499.0,4.3,58.0386924616411,29.0,Other,235
Bady and Kids,426.0,799.0,4.0,46.68335419274093,26.0,Other,380
Bady and Kids,599.0,3399.0,4.8,82.37716975581053,99.0,Charm,52
Bady and Kids,646.0,2998.0,4.3,78.45230153435624,46.0,Other,204
Bady and Kids,628.0,2199.0,4.2,71.44156434743066,28.0,Other,270
Bady and Kids,404.0,649.0,4.0,37.750385208012325,4.0,Other,489
Bady and Kids,499.0,999.0,3.3,50.050050050050054,99.0,Charm,358
Bady and Kids,551.0,1699.0,4.3,67.56915832842849,51.0,Other,413
Bady and Kids,195.0,979.0,3.9,80.08171603677222,95.0,Other,411
Bady and Kids,299.0,999.0,4.0,70.07007007007007,99.0,Charm,227
Bady and Kids,1499.0,3999.0,4.2,62.515628907226805,99.0,Charm,174
Bady and Kids,629.0,2199.0,4.2,71.39608913142338,29.0,Other,361
Bady and Kids,212.0,799.0,3.7,73.46683354192741,12.0,Other,293
Bady and Kids,285.0,999.0,4.0,71.47147147147147,85.0,Other,351
Bady and Kids,649.0,3499.0,4.3,81.45184338382396,49.0,Other,62
Bady and Kids,509.0,2999.0,4.0,83.027675891964,9.0,Other,485
Bady and Kids,699.0,1999.0,4.2,65.03251625812906,99.0,Charm,365
Bady and Kids,198.0,899.0,3.8,77.97552836484984,98.0,Other,128
Bady and Kids,589.0,3499.0,4.8,83.16661903400971,89.0,Other,468
Bady and Kids,749.0,2999.0,4.2,75.02500833611204,49.0,Other,51
Bady and Kids,299.0,999.0,4.6,70.07007007007007,99.0,Charm,473
Bady and Kids,399.0,1999.0,4.2,80.040020010005,99.0,Charm,277
Bady and Kids,399.0,1999.0,4.0,80.040020010005,99.0,Charm,85
Bady and Kids,299.0,1499.0,3.8,80.0533689126084,99.0,Charm,437
Bady and Kids,559.0,2199.0,4.1,74.5793542519327,59.0,Other,103
Bady and Kids,449.0,899.0,3.9,50.055617352614014,49.0,Other,242
Bady and Kids,458.0,1899.0,4.4,75.88204318062138,58.0,Other,346
Bady and Kids,193.0,949.0,4.2,79.66280295047419,93.0,Other,277
Bady and Kids,199.0,849.0,4.2,76.56065959952886,99.0,Charm,289
Bady and Kids,724.0,1499.0,4.1,51.70113408939293,24.0,Other,380
Bady and Kids,449.0,699.0,4.3,35.7653791130186,49.0,Other,257
Bady and Kids,835.0,1699.0,4.1,50.853443201883465,35.0,Other,199
Bady and Kids,449.0,899.0,4.0,50.055617352614014,49.0,Other,425
Bady and Kids,199.0,599.0,4.2,66.7779632721202,99.0,Charm,291
Bady and Kids,538.0,888.0,4.8,39.414414414414416,38.0,Other,388
Bady and Kids,139.0,160.0,4.5,13.125,39.0,Other,316
Bady and Kids,449.0,888.0,4.5,49.43693693693694,49.0,Other,279
Bady and Kids,599.0,899.0,5.0,33.37041156840934,99.0,Charm,480
Bady and Kids,295.0,,4.5,,95.0,Other,104
Bady and Kids,299.0,899.0,4.6,66.74082313681868,99.0,Charm,218
Bady and Kids,474.0,900.0,4.5,47.333333333333336,74.0,Other,275
Bady and Kids,379.0,650.0,4.5,41.692307692307686,79.0,Other,495
Bady and Kids,249.0,250.0,4.5,0.4,49.0,Other,301
Bady and Kids,189.0,249.0,3.9,24.096385542168676,89.0,Other,273
Bady and Kids,560.0,2028.0,3.9,72.38658777120315,60.0,Other,460
Bady and Kids,248.0,499.0,4.8,50.300601202404806,48.0,Other,355
Bady and Kids,255.0,699.0,3.8,63.519313304721024,55.0,Other,247
Bady and Kids,359.0,699.0,3.2,48.640915593705294,59.0,Other,309
Bady and Kids,205.0,399.0,3.5,48.62155388471178,5.0,Other,408
Bady and Kids,449.0,999.0,4.2,55.05505505505506,49.0,Other,304
Bady and Kids,449.0,999.0,4.0,55.05505505505506,49.0,Other,413
Bady and Kids,724.0,1299.0,4.3,44.26481909160893,24.0,Other,427
Bady and Kids,835.0,1599.0,4.3,47.779862414008754,35.0,Other,109
Bady and Kids,449.0,999.0,4.1,55.05505505505506,49.0,Other,236
Bady and Kids,280.0,699.0,4.1,59.94277539341917,80.0,Other,375
Bady and Kids,289.0,599.0,3.8,51.75292153589316,89.0,Other,228
Bady and Kids,199.0,549.0,4.9,63.752276867030965,99.0,Charm,91
Bady and Kids,288.0,431.0,4.0,33.17865429234338,88.0,Other,130
Bady and Kids,741.0,1299.0,4.6,42.956120092378754,41.0,Other,344
Bady and Kids,299.0,799.0,4.2,62.57822277847309,99.0,Charm,167
Bady and Kids,464.0,1000.0,3.8,53.6,64.0,Other,278
Bady and Kids,350.0,999.0,5.0,64.96496496496496,50.0,Other,119
Bady and Kids,259.0,999.0,3.6,74.07407407407408,59.0,Other,485
Bady and Kids,399.0,699.0,4.3,42.91845493562232,99.0,Charm,244
Bady and Kids,269.0,499.0,3.9,46.09218436873748,69.0,Other,365
Bady and Kids,340.0,899.0,4.4,62.18020022246941,40.0,Other,63
Bady and Kids,189.0,999.0,4.2,81.08108108108108,89.0,Other,229
Bady and Kids,407.0,999.0,4.7,59.25925925925925,7.0,Other,195
Bady and Kids,399.0,999.0,4.4,60.06006006006006,99.0,Charm,118
Bady and Kids,356.0,445.0,4.3,20.0,56.0,Other,188
Bady and Kids,356.0,445.0,4.2,20.0,56.0,Other,176
Bady and Kids,149.0,290.0,4.2,48.62068965517241,49.0,Other,446
Bady and Kids,275.0,350.0,4.2,21.428571428571427,75.0,Other,461
Bady and Kids,849.0,1285.0,4.5,33.929961089494164,49.0,Other,231
Bady and Kids,409.0,1099.0,4.1,62.78434940855323,9.0,Other,326
Bady and Kids,899.0,1950.0,4.3,53.8974358974359,99.0,Charm,149
Bady and Kids,280.0,350.0,4.2,20.0,80.0,Other,204
Bady and Kids,280.0,350.0,4.2,20.0,80.0,Other,294
Bady and Kids,289.0,549.0,3.9,47.35883424408014,89.0,Other,400
Bady and Kids,899.0,1950.0,4.3,53.8974358974359,99.0,Charm,321
Bady and Kids,380.0,636.0,4.3,40.25157232704403,80.0,Other,472
Bady and Kids,899.0,1950.0,4.3,53.8974358974359,99.0,Charm,429
Bady and Kids,409.0,1099.0,4.1,62.78434940855323,9.0,Other,331
Bady and Kids,615.0,770.0,4.0,20.12987012987013,15.0,Other,450
Bady and Kids,499.0,817.0,4.2,38.922888616891065,99.0,Charm,204
Bady and Kids,380.0,636.0,4.3,40.25157232704403,80.0,Other,109
Bady and Kids,490.0,700.0,4.1,30.0,90.0,Other,386
Bady and Kids,340.0,999.0,4.0,65.96596596596596,40.0,Other,429
Bady and Kids,149.0,290.0,4.2,48.62068965517241,49.0,Other,196
Bady and Kids,499.0,999.0,4.6,50.050050050050054,99.0,Charm,354
Bady and Kids,379.0,799.0,3.4,52.56570713391739,79.0,Other,173
Bady and Kids,499.0,625.0,4.1,20.16,99.0,Charm,421
Bady and Kids,356.0,445.0,4.2,20.0,56.0,Other,452
Bady and Kids,501.0,1599.0,3.9,68.66791744840526,1.0,Other,494
Bady and Kids,199.0,499.0,4.7,60.120240480961925,99.0,Charm,389
Bady and Kids,528.0,660.0,3.9,20.0,28.0,Other,242
Bady and Kids,499.0,817.0,4.2,38.922888616891065,99.0,Charm,408
Bady and Kids,528.0,660.0,4.0,20.0,28.0,Other,388
Bady and Kids,2159.0,2399.0,4.8,10.00416840350146,59.0,Other,185
Bady and Kids,749.0,940.0,4.3,20.319148936170212,49.0,Other,205
Bady and Kids,899.0,1800.0,4.3,50.05555555555555,99.0,Charm,161
Bady and Kids,499.0,662.0,4.0,24.622356495468278,99.0,Charm,53
Bady and Kids,499.0,899.0,3.9,44.493882091212456,99.0,Charm,167
Bady and Kids,399.0,999.0,4.4,60.06006006006006,99.0,Charm,298
Bady and Kids,240.0,385.0,3.9,37.66233766233766,40.0,Other,468
Bady and Kids,404.0,999.0,4.0,59.55955955955956,4.0,Other,405
Bady and Kids,211.0,549.0,3.9,61.56648451730419,11.0,Other,183
Bady and Kids,1394.0,1549.0,4.4,10.00645577792124,94.0,Other,264
Bady and Kids,671.0,1399.0,4.0,52.03716940671909,71.0,Other,356
Bady and Kids,919.0,2198.0,4.1,58.18926296633303,19.0,Other,441
Bady and Kids,579.0,1099.0,4.2,47.315741583257505,79.0,Other,469
Bady and Kids,919.0,2198.0,4.1,58.18926296633303,19.0,Other,339
Bady and Kids,549.0,1099.0,4.1,50.04549590536852,49.0,Other,374
Bady and Kids,549.0,1099.0,4.1,50.04549590536852,49.0,Other,271
Bady and Kids,363.0,699.0,4.0,48.06866952789699,63.0,Other,383
Bady and Kids,919.0,2198.0,4.1,58.18926296633303,19.0,Other,181
Bady and Kids,714.0,1299.0,4.3,45.03464203233256,14.0,Other,234
Bady and Kids,549.0,1099.0,4.1,50.04549590536852,49.0,Other,152
Bady and Kids,94.0,105.0,4.2,10.476190476190476,94.0,Other,188
Bady and Kids,579.0,1099.0,4.2,47.315741583257505,79.0,Other,81
Bady and Kids,549.0,1099.0,4.1,50.04549590536852,49.0,Other,202
Bady and Kids,929.0,1499.0,4.4,38.02535023348899,29.0,Other,221
Bady and Kids,549.0,1099.0,4.0,50.04549590536852,49.0,Other,182
Bady and Kids,974.0,1499.0,4.4,35.023348899266175,74.0,Other,321
Bady and Kids,1238.0,1998.0,4.4,38.03803803803804,38.0,Other,163
Bady and Kids,853.0,1399.0,4.3,39.02787705503931,53.0,Other,290
Bady and Kids,828.0,1275.0,4.3,35.05882352941177,28.0,Other,466
Bady and Kids,549.0,1099.0,4.1,50.04549590536852,49.0,Other,277
Bady and Kids,919.0,2198.0,4.1,58.18926296633303,19.0,Other,123
Bady and Kids,669.0,998.0,4.2,32.965931863727455,69.0,Other,78
Bady and Kids,671.0,1399.0,4.0,52.03716940671909,71.0,Other,214
Bady and Kids,285.0,499.0,4.2,42.88577154308617,85.0,Other,432
Bady and Kids,579.0,1099.0,4.2,47.315741583257505,79.0,Other,93
Bady and Kids,1379.0,3297.0,4.1,58.174097664543524,79.0,Other,104
Bady and Kids,1120.0,2198.0,4.2,49.044585987261144,20.0,Other,313
Bady and Kids,646.0,1150.0,4.2,43.826086956521735,46.0,Other,378
Bady and Kids,589.0,858.0,4.2,31.35198135198135,89.0,Other,470
Bady and Kids,895.0,1399.0,4.3,36.02573266619014,95.0,Other,315
Bady and Kids,671.0,1399.0,4.0,52.03716940671909,71.0,Other,95
Bady and Kids,895.0,1399.0,4.3,36.02573266619014,95.0,Other,185
Bady and Kids,1379.0,3197.0,4.1,56.86581169846732,79.0,Other,433
Bady and Kids,895.0,1399.0,4.3,36.02573266619014,95.0,Other,295
Bady and Kids,549.0,1099.0,4.0,50.04549590536852,49.0,Other,203
Bady and Kids,565.0,798.0,4.2,29.19799498746867,65.0,Other,247
Bady and Kids,731.0,1125.0,4.3,35.02222222222222,31.0,Other,355
Bady and Kids,275.0,429.0,4.2,35.8974358974359,75.0,Other,366
Bady and Kids,923.0,2099.0,4.0,56.026679371129106,23.0,Other,140
Bady and Kids,221.0,340.0,4.3,35.0,21.0,Other,137
Bady and Kids,489.0,699.0,4.6,30.042918454935624,89.0,Other,276
Bady and Kids,268.0,537.0,4.4,50.09310986964618,68.0,Other,153
Bady and Kids,193.0,585.0,4.4,67.008547008547,93.0,Other,227
Bady and Kids,367.0,1170.0,4.5,68.63247863247864,67.0,Other,274
Bady and Kids,648.0,1350.0,4.5,52.0,48.0,Other,228
Bady and Kids,262.0,350.0,4.5,25.142857142857146,62.0,Other,302
Bady and Kids,189.0,474.0,4.3,60.12658227848101,89.0,Other,56
Bady and Kids,160.0,200.0,4.4,20.0,60.0,Other,387
Bady and Kids,1169.0,1170.0,4.5,0.08547008547008547,69.0,Other,275
Bady and Kids,178.0,447.0,4.3,60.178970917225946,78.0,Other,473
Bady and Kids,350.0,894.0,4.3,60.85011185682326,50.0,Other,409
Bady and Kids,77.0,190.0,4.4,59.473684210526315,77.0,Other,486
Bady and Kids,331.0,950.0,4.4,65.15789473684211,31.0,Other,291
Bady and Kids,185.0,387.0,4.3,52.19638242894057,85.0,Other,247
Bady and Kids,780.0,1200.0,4.5,35.0,80.0,Other,489
Bady and Kids,265.0,760.0,4.4,65.13157894736842,65.0,Other,407
Bady and Kids,165.0,440.0,4.5,62.5,65.0,Other,280
Bady and Kids,67.0,158.0,4.3,57.59493670886076,67.0,Other,154
Bady and Kids,482.0,1341.0,4.3,64.05667412378821,82.0,Other,291
Bady and Kids,329.0,645.0,4.5,48.992248062015506,29.0,Other,365
Bady and Kids,348.0,774.0,4.3,55.03875968992248,48.0,Other,220
Bady and Kids,235.0,327.0,4.4,28.134556574923547,35.0,Other,248
Bady and Kids,330.0,894.0,4.3,63.08724832214765,30.0,Other,172
Bady and Kids,313.0,436.0,4.4,28.211009174311926,13.0,Other,467
Bady and Kids,438.0,654.0,4.4,33.02752293577982,38.0,Other,107
Bady and Kids,298.0,460.0,4.4,35.21739130434783,98.0,Other,362
Bady and Kids,170.0,198.0,4.3,14.14141414141414,70.0,Other,174
Bady and Kids,85.0,220.0,4.5,61.36363636363637,85.0,Other,84
Bady and Kids,356.0,594.0,4.3,40.06734006734007,56.0,Other,495
Bady and Kids,259.0,396.0,4.3,34.5959595959596,59.0,Other,167
Bady and Kids,149.0,299.0,4.6,50.16722408026756,49.0,Other,355
Bady and Kids,215.0,539.0,4.3,60.1113172541744,15.0,Other,152
Bady and Kids,228.0,449.0,4.3,49.220489977728285,28.0,Other,150
Bady and Kids,188.0,650.0,4.4,71.07692307692308,88.0,Other,264
Bady and Kids,278.0,447.0,4.4,37.8076062639821,78.0,Other,410
Bady and Kids,290.0,645.0,4.3,55.03875968992248,90.0,Other,341
Bady and Kids,234.0,255.0,4.5,8.235294117647058,34.0,Other,73
Bady and Kids,231.0,345.0,4.4,33.04347826086956,31.0,Other,348
Bady and Kids,299.0,399.0,4.6,25.062656641604008,99.0,Charm,179
Bady and Kids,780.0,1335.0,4.5,41.57303370786517,80.0,Other,361
Bady and Kids,631.0,770.0,4.5,18.051948051948052,31.0,Other,477
Bady and Kids,201.0,300.0,4.5,33.0,1.0,Other,383
Bady and Kids,202.0,260.0,4.5,22.30769230769231,2.0,Other,445
Bady and Kids,107.0,215.0,4.4,50.23255813953489,7.0,Other,469
Bady and Kids,297.0,425.0,4.4,30.117647058823525,97.0,Other,203
Bady and Kids,149.0,199.0,4.4,25.125628140703515,49.0,Other,395
Bady and Kids,77.0,125.0,4.3,38.4,77.0,Other,424
Bady and Kids,160.0,180.0,4.4,11.11111111111111,60.0,Other,190
Bady and Kids,198.0,199.0,4.4,0.5025125628140703,98.0,Other,60
Bady and Kids,153.0,170.0,4.4,10.0,53.0,Other,149
Bady and Kids,122.0,349.0,4.5,65.0429799426934,22.0,Other,300
Bady and Kids,299.0,399.0,4.3,25.062656641604008,99.0,Charm,344
Bady and Kids,198.0,275.0,4.3,28.000000000000004,98.0,Other,440
Bady and Kids,654.0,770.0,4.5,15.064935064935064,54.0,Other,103
Bady and Kids,187.0,250.0,4.5,25.2,87.0,Other,434
Bady and Kids,294.0,440.0,4.5,33.18181818181819,94.0,Other,470
Bady and Kids,186.0,249.0,4.4,25.301204819277107,86.0,Other,257
Bady and Kids,149.0,199.0,4.4,25.125628140703515,49.0,Other,387
Bady and Kids,140.0,150.0,4.4,6.666666666666667,40.0,Other,239
Bady and Kids,160.0,200.0,4.5,20.0,60.0,Other,397
Bady and Kids,149.0,199.0,4.3,25.125628140703515,49.0,Other,342
Bady and Kids,455.0,637.0,4.3,28.57142857142857,55.0,Other,255
Bady and Kids,122.0,349.0,4.6,65.0429799426934,22.0,Other,206
Bady and Kids,494.0,760.0,4.5,35.0,94.0,Other,416
Bady and Kids,478.0,996.0,4.5,52.00803212851406,78.0,Other,331
Bady and Kids,185.0,265.0,4.3,30.18867924528302,85.0,Other,88
Bady and Kids,218.0,230.0,4.3,5.217391304347826,18.0,Other,96
Bady and Kids,107.0,215.0,4.3,50.23255813953489,7.0,Other,160
Bady and Kids,335.0,430.0,4.5,22.093023255813954,35.0,Other,307
Bady and Kids,220.0,249.0,4.8,11.646586345381527,20.0,Other,338
Bady and Kids,179.0,279.0,3.7,35.842293906810035,79.0,Other,300
Bady and Kids,339.0,399.0,4.4,15.037593984962406,39.0,Other,406
Bady and Kids,198.0,265.0,4.3,25.28301886792453,98.0,Other,144
Bady and Kids,127.0,150.0,4.5,15.333333333333332,27.0,Other,168
Bady and Kids,125.0,179.0,4.3,30.16759776536313,25.0,Other,483
Bady and Kids,152.0,195.0,4.3,22.05128205128205,52.0,Other,135
Bady and Kids,127.0,150.0,4.3,15.333333333333332,27.0,Other,389
Bady and Kids,239.0,284.0,4.4,15.845070422535212,39.0,Other,245
Bady and Kids,336.0,449.0,4.4,25.16703786191537,36.0,Other,479
Bady and Kids,159.0,199.0,3.9,20.100502512562816,59.0,Other,313
Bady and Kids,159.0,199.0,4.0,20.100502512562816,59.0,Other,238
Bady and Kids,192.0,599.0,4.2,67.9465776293823,92.0,Other,382
Bady and Kids,191.0,499.0,4.2,61.72344689378757,91.0,Other,208
Bady and Kids,486.0,825.0,4.0,41.090909090909086,86.0,Other,185
Bady and Kids,99.0,167.0,4.4,40.7185628742515,99.0,Charm,470
Bady and Kids,191.0,499.0,4.1,61.72344689378757,91.0,Other,169
Bady and Kids,109.0,139.0,4.1,21.58273381294964,9.0,Other,369
Bady and Kids,191.0,249.0,4.5,23.293172690763054,91.0,Other,76
Bady and Kids,166.0,275.0,4.2,39.63636363636363,66.0,Other,327
Bady and Kids,195.0,399.0,4.2,51.127819548872175,95.0,Other,408
Bady and Kids,219.0,399.0,4.1,45.11278195488722,19.0,Other,78
Bady and Kids,166.0,275.0,4.2,39.63636363636363,66.0,Other,499
Bady and Kids,191.0,599.0,4.2,68.11352253756262,91.0,Other,186
Bady and Kids,129.0,153.0,4.5,15.686274509803921,29.0,Other,57
Bady and Kids,223.0,285.0,4.1,21.75438596491228,23.0,Other,364
Bady and Kids,189.0,249.0,4.2,24.096385542168676,89.0,Other,149
Bady and Kids,109.0,155.0,3.9,29.677419354838708,9.0,Other,435
Bady and Kids,179.0,,4.3,,79.0,Other,83
Bady and Kids,175.0,499.0,3.2,64.92985971943888,75.0,Other,65
Bady and Kids,197.0,999.0,4.0,80.28028028028028,97.0,Other,102
Bady and Kids,299.0,499.0,4.1,40.08016032064128,99.0,Charm,358
Bady and Kids,169.0,299.0,3.6,43.47826086956522,69.0,Other,465
Bady and Kids,99.0,100.0,3.2,1.0,99.0,Charm,190
Bady and Kids,290.0,1999.0,4.0,85.49274637318659,90.0,Other,257
Bady and Kids,349.0,499.0,3.7,30.060120240480963,49.0,Other,50
Bady and Kids,195.0,399.0,4.1,51.127819548872175,95.0,Other,424
Bady and Kids,199.0,249.0,3.3,20.080321285140563,99.0,Charm,259
Bady and Kids,423.0,588.0,4.1,28.061224489795915,23.0,Other,470
Bady and Kids,210.0,499.0,4.0,57.91583166332666,10.0,Other,361
Bady and Kids,185.0,399.0,4.2,53.63408521303258,85.0,Other,95
Bady and Kids,255.0,499.0,3.9,48.897795591182366,55.0,Other,271
Bady and Kids,354.0,468.0,4.3,24.358974358974358,54.0,Other,441
Bady and Kids,195.0,599.0,4.1,67.4457429048414,95.0,Other,329
Bady and Kids,179.0,199.0,4.0,10.050251256281408,79.0,Other,229
Bady and Kids,249.0,599.0,3.9,58.43071786310517,49.0,Other,271
Bady and Kids,260.0,499.0,4.1,47.89579158316633,60.0,Other,260
Bady and Kids,411.0,699.0,3.7,41.201716738197426,11.0,Other,237
Bady and Kids,100.0,129.0,4.4,22.48062015503876,0.0,Round,266
Bady and Kids,239.0,299.0,4.1,20.066889632107024,39.0,Other,291
Bady and Kids,9974.0,15999.0,4.2,37.658603662728915,74.0,Other,350
Bady and Kids,999.0,1899.0,4.3,47.39336492890995,99.0,Charm,448
Bady and Kids,494.0,999.0,4.2,50.550550550550554,94.0,Other,376
Bady and Kids,281.0,900.0,4.2,68.77777777777779,81.0,Other,205
Bady and Kids,359.0,999.0,3.9,64.06406406406407,59.0,Other,167
Bady and Kids,146.0,225.0,4.2,35.11111111111111,46.0,Other,165
Bady and Kids,205.0,999.0,3.7,79.47947947947948,5.0,Other,362
Bady and Kids,897.0,1299.0,4.0,30.94688221709007,97.0,Other,401
Bady and Kids,329.0,999.0,4.2,67.06706706706707,29.0,Other,334
Bady and Kids,599.0,999.0,4.1,40.04004004004004,99.0,Charm,348
Bady and Kids,203.0,598.0,3.7,66.05351170568562,3.0,Other,80
Bady and Kids,149.0,599.0,3.6,75.12520868113522,49.0,Other,208
Bady and Kids,335.0,1499.0,4.1,77.65176784523015,35.0,Other,456
Bady and Kids,329.0,999.0,4.2,67.06706706706707,29.0,Other,455
Bady and Kids,373.0,999.0,3.8,62.66266266266266,73.0,Other,52
Bady and Kids,2184.0,4999.0,3.9,56.31126225245049,84.0,Other,334
Bady and Kids,191.0,210.0,4.1,9.047619047619047,91.0,Other,290
Bady and Kids,349.0,999.0,4.1,65.06506506506507,49.0,Other,366
Bady and Kids,549.0,1499.0,4.5,63.37558372248166,49.0,Other,272
Bady and Kids,169.0,399.0,3.2,57.64411027568922,69.0,Other,203
Bady and Kids,186.0,499.0,2.8,62.725450901803605,86.0,Other,430
Bady and Kids,329.0,999.0,4.3,67.06706706706707,29.0,Other,86
Bady and Kids,699.0,1999.0,4.1,65.03251625812906,99.0,Charm,444
Bady and Kids,897.0,1299.0,3.9,30.94688221709007,97.0,Other,433
Bady and Kids,191.0,210.0,4.1,9.047619047619047,91.0,Other,445
Bady and Kids,180.0,999.0,3.8,81.98198198198197,80.0,Other,123
Bady and Kids,189.0,699.0,3.9,72.96137339055794,89.0,Other,95
Bady and Kids,1599.0,1998.0,4.2,19.96996996996997,99.0,Charm,322
Bady and Kids,189.0,699.0,4.4,72.96137339055794,89.0,Other,164
Bady and Kids,299.0,599.0,4.1,50.08347245409015,99.0,Charm,247
Bady and Kids,329.0,999.0,4.2,67.06706706706707,29.0,Other,118
Bady and Kids,199.0,699.0,3.9,71.5307582260372,99.0,Charm,88
Bady and Kids,339.0,1499.0,4.5,77.38492328218813,39.0,Other,396
Bady and Kids,599.0,1499.0,3.6,60.04002668445631,99.0,Charm,467
Bady and Kids,549.0,1499.0,4.2,63.37558372248166,49.0,Other,81
Bady and Kids,8499.0,13999.0,4.2,39.2885206086149,99.0,Charm,98
Bady and Kids,369.0,999.0,4.2,63.06306306306306,69.0,Other,65
Bady and Kids,359.0,999.0,2.6,64.06406406406407,59.0,Other,232
Bady and Kids,379.0,699.0,3.6,45.779685264663804,79.0,Other,482
Bady and Kids,1353.0,1692.0,4.2,20.0354609929078,53.0,Other,323
Bady and Kids,431.0,575.0,4.5,25.043478260869566,31.0,Other,183
Bady and Kids,617.0,775.0,4.4,20.387096774193548,17.0,Other,80
Bady and Kids,179.0,230.0,4.3,22.17391304347826,79.0,Other,199
Bady and Kids,229.0,999.0,4.1,77.07707707707708,29.0,Other,486
Bady and Kids,322.0,400.0,4.4,19.5,22.0,Other,299
Bady and Kids,805.0,1150.0,4.5,30.0,5.0,Other,174
Bady and Kids,500.0,610.0,4.5,18.0327868852459,0.0,Round,400
Bady and Kids,228.0,1199.0,4.2,80.98415346121767,28.0,Other,253
Bady and Kids,199.0,999.0,4.1,80.08008008008008,99.0,Charm,462
Bady and Kids,175.0,999.0,4.1,82.48248248248248,75.0,Other,430
Bady and Kids,243.0,324.0,4.3,25.0,43.0,Other,423
Bady and Kids,383.0,798.0,4.5,52.00501253132832,83.0,Other,307
Bady and Kids,195.0,230.0,4.3,15.217391304347828,95.0,Other,491
Bady and Kids,273.0,899.0,4.2,69.6329254727475,73.0,Other,309
Bady and Kids,170.0,219.0,4.2,22.37442922374429,70.0,Other,363
Bady and Kids,1016.0,1195.0,4.4,14.979079497907948,16.0,Other,214
Bady and Kids,273.0,849.0,4.1,67.84452296819788,73.0,Other,356
Bady and Kids,448.0,598.0,4.4,25.08361204013378,48.0,Other,312
Bady and Kids,273.0,899.0,4.1,69.6329254727475,73.0,Other,301
Bady and Kids,1631.0,2399.0,4.4,32.01333889120467,31.0,Other,167
Bady and Kids,397.0,398.0,4.4,0.25125628140703515,97.0,Other,63
Bady and Kids,383.0,798.0,4.4,52.00501253132832,83.0,Other,436
Bady and Kids,349.0,1299.0,3.9,73.13317936874519,49.0,Other,146
Bady and Kids,554.0,799.0,4.0,30.663329161451813,54.0,Other,471
Bady and Kids,179.0,548.0,4.4,67.33576642335767,79.0,Other,435
Bady and Kids,203.0,899.0,4.1,77.41935483870968,3.0,Other,333
Bady and Kids,235.0,999.0,4.1,76.47647647647648,35.0,Other,74
Bady and Kids,140.0,150.0,4.4,6.666666666666667,40.0,Other,335
Bady and Kids,383.0,798.0,4.4,52.00501253132832,83.0,Other,432
Bady and Kids,756.0,1050.0,4.3,28.000000000000004,56.0,Other,271
Bady and Kids,262.0,899.0,4.1,70.85650723025584,62.0,Other,322
Bady and Kids,419.0,900.0,4.1,53.44444444444445,19.0,Other,276
Bady and Kids,304.0,999.0,4.6,69.56956956956957,4.0,Other,58
Bady and Kids,187.0,699.0,4.2,73.24749642346208,87.0,Other,56
Bady and Kids,183.0,999.0,3.8,81.68168168168168,83.0,Other,171
Bady and Kids,489.0,699.0,3.3,30.042918454935624,89.0,Other,496
Bady and Kids,397.0,398.0,4.3,0.25125628140703515,97.0,Other,114
Bady and Kids,549.0,999.0,4.2,45.04504504504504,49.0,Other,298
Bady and Kids,314.0,999.0,4.3,68.56856856856857,14.0,Other,187
Bady and Kids,699.0,999.0,4.5,30.03003003003003,99.0,Charm,436
Bady and Kids,98.0,245.0,4.5,60.0,98.0,Other,373
Bady and Kids,123.0,158.0,4.1,22.151898734177212,23.0,Other,210
Bady and Kids,111.0,149.0,4.3,25.503355704697988,11.0,Other,386
Bady and Kids,92.0,149.0,4.2,38.25503355704698,92.0,Other,330
Bady and Kids,67.0,93.0,4.4,27.956989247311824,67.0,Other,93
Bady and Kids,197.0,399.0,4.3,50.6265664160401,97.0,Other,468
Bady and Kids,127.0,149.0,4.3,14.76510067114094,27.0,Other,347
Bady and Kids,123.0,200.0,4.3,38.5,23.0,Other,85
Bady and Kids,134.0,149.0,4.3,10.06711409395973,34.0,Other,329
Bady and Kids,126.0,299.0,4.1,57.859531772575245,26.0,Other,215
Bady and Kids,134.0,149.0,4.3,10.06711409395973,34.0,Other,368
Bady and Kids,123.0,195.0,4.2,36.92307692307693,23.0,Other,321
Bady and Kids,146.0,179.0,4.3,18.435754189944134,46.0,Other,163
Bady and Kids,72.0,99.0,4.4,27.27272727272727,72.0,Other,406
Bady and Kids,143.0,169.0,4.0,15.384615384615385,43.0,Other,349
Bady and Kids,223.0,298.0,4.4,25.16778523489933,23.0,Other,136
Bady and Kids,94.0,179.0,4.5,47.486033519553075,94.0,Other,314
Bady and Kids,232.0,299.0,3.9,22.40802675585284,32.0,Other,370
Bady and Kids,186.0,267.0,4.3,30.337078651685395,86.0,Other,107
Bady and Kids,220.0,,4.4,,20.0,Other,360
Bady and Kids,175.0,599.0,4.0,70.78464106844741,75.0,Other,152
Bady and Kids,186.0,239.0,4.0,22.17573221757322,86.0,Other,158
Bady and Kids,132.0,256.0,4.5,48.4375,32.0,Other,297
Bady and Kids,230.0,,4.3,,30.0,Other,429
Bady and Kids,141.0,178.0,4.4,20.786516853932586,41.0,Other,79
Bady and Kids,180.0,,4.2,,80.0,Other,416
Bady and Kids,198.0,330.0,4.4,40.0,98.0,Other,213
Bady and Kids,220.0,,4.3,,20.0,Other,456
Bady and Kids,180.0,229.0,4.2,21.397379912663755,80.0,Other,463
Bady and Kids,242.0,399.0,4.3,39.34837092731829,42.0,Other,263
Bady and Kids,62.0,79.0,4.4,21.518987341772153,62.0,Other,91
Bady and Kids,169.0,399.0,4.2,57.64411027568922,69.0,Other,204
Bady and Kids,370.0,569.0,4.1,34.973637961335676,70.0,Other,338
Bady and Kids,94.0,179.0,4.3,47.486033519553075,94.0,Other,451
Bady and Kids,170.0,180.0,4.4,5.555555555555555,70.0,Other,420
Bady and Kids,180.0,396.0,4.8,54.54545454545454,80.0,Other,432
Bady and Kids,146.0,179.0,4.2,18.435754189944134,46.0,Other,360
Bady and Kids,171.0,349.0,4.3,51.00286532951289,71.0,Other,202
Bady and Kids,134.0,199.0,4.2,32.663316582914575,34.0,Other,129
Bady and Kids,199.0,300.0,4.2,33.666666666666664,99.0,Charm,206
Bady and Kids,564.0,699.0,3.3,19.313304721030043,64.0,Other,264
Bady and Kids,297.0,349.0,4.3,14.899713467048711,97.0,Other,395
Bady and Kids,583.0,799.0,3.9,27.033792240300375,83.0,Other,184
Bady and Kids,171.0,199.0,4.2,14.07035175879397,71.0,Other,88
Bady and Kids,349.0,850.0,4.1,58.94117647058823,49.0,Other,245
Bady and Kids,285.0,349.0,3.9,18.33810888252149,85.0,Other,364
Bady and Kids,436.0,649.0,3.9,32.81972265023113,36.0,Other,92
Bady and Kids,161.0,299.0,3.9,46.15384615384615,61.0,Other,50
Bady and Kids,499.0,850.0,3.9,41.294117647058826,99.0,Charm,363
Bady and Kids,125.0,179.0,4.2,30.16759776536313,25.0,Other,404
Bady and Kids,257.0,399.0,4.1,35.58897243107769,57.0,Other,74
Bady and Kids,249.0,799.0,3.6,68.8360450563204,49.0,Other,310
Bady and Kids,2939.0,3995.0,4.0,26.433041301627036,39.0,Other,215
Bady and Kids,271.0,349.0,3.7,22.349570200573066,71.0,Other,474
Bady and Kids,137.0,199.0,4.1,31.155778894472363,37.0,Other,225
Bady and Kids,664.0,1399.0,4.3,52.53752680486061,64.0,Other,271
Bady and Kids,166.0,299.0,3.3,44.481605351170565,66.0,Other,281
Bady and Kids,159.0,199.0,4.0,20.100502512562816,59.0,Other,357
Bady and Kids,2591.0,3595.0,3.7,27.92767732962448,91.0,Other,263
Bady and Kids,1440.0,1590.0,4.2,9.433962264150944,40.0,Other,461
Bady and Kids,116.0,129.0,4.1,10.077519379844961,16.0,Other,455
Bady and Kids,257.0,399.0,4.0,35.58897243107769,57.0,Other,177
Bady and Kids,769.0,1499.0,4.1,48.69913275517012,69.0,Other,73
Bady and Kids,1386.0,1699.0,4.4,18.42260153031195,86.0,Other,487
Bady and Kids,549.0,950.0,4.0,42.21052631578948,49.0,Other,260
Bady and Kids,599.0,950.0,3.8,36.94736842105264,99.0,Charm,145
Bady and Kids,2876.0,4095.0,3.7,29.76800976800977,76.0,Other,89
Bady and Kids,1440.0,1590.0,4.2,9.433962264150944,40.0,Other,123
Bady and Kids,154.0,199.0,3.1,22.613065326633166,54.0,Other,196
Bady and Kids,166.0,279.0,3.2,40.50179211469534,66.0,Other,51
Bady and Kids,274.0,296.0,4.3,7.4324324324324325,74.0,Other,162
Bady and Kids,1386.0,1699.0,4.0,18.42260153031195,86.0,Other,473
Bady and Kids,219.0,249.0,4.3,12.048192771084338,19.0,Other,341
Bady and Kids,499.0,850.0,3.9,41.294117647058826,99.0,Charm,268
Bady and Kids,243.0,399.0,4.3,39.097744360902254,43.0,Other,389
Bady and Kids,262.0,339.0,4.3,22.71386430678466,62.0,Other,132
Bady and Kids,160.0,179.0,4.4,10.614525139664805,60.0,Other,106
Bady and Kids,499.0,1500.0,3.8,66.73333333333333,99.0,Charm,339
Bady and Kids,379.0,565.0,3.3,32.92035398230089,79.0,Other,118
Bady and Kids,1299.0,2500.0,4.0,48.04,99.0,Charm,349
Bady and Kids,199.0,,4.7,,99.0,Charm,359
Bady and Kids,354.0,,4.8,,54.0,Other,370
Bady and Kids,302.0,303.0,4.5,0.33003300330033003,2.0,Other,464
Bady and Kids,725.0,,4.5,,25.0,Other,394
Bady and Kids,799.0,,4.5,,99.0,Charm,275
Bady and Kids,314.0,315.0,4.3,0.31746031746031744,14.0,Other,311
Bady and Kids,795.0,,4.6,,95.0,Other,391
Bady and Kids,259.0,,4.0,,59.0,Other,122
Bady and Kids,297.0,305.0,4.5,2.622950819672131,97.0,Other,429
Bady and Kids,585.0,,4.4,,85.0,Other,164
Bady and Kids,795.0,,4.6,,95.0,Other,330
Bady and Kids,299.0,,4.1,,99.0,Charm,326
Bady and Kids,799.0,,4.6,,99.0,Charm,260
Bady and Kids,670.0,,4.3,,70.0,Other,361
Bady and Kids,415.0,475.0,4.5,12.631578947368421,15.0,Other,63
Bady and Kids,175.0,,3.7,,75.0,Other,254
Bady and Kids,799.0,,4.6,,99.0,Charm,435
Bady and Kids,715.0,,4.5,,15.0,Other,475
Bady and Kids,390.0,,4.4,,90.0,Other,278
Bady and Kids,199.0,,4.3,,99.0,Charm,294
Bady and Kids,760.0,,4.4,,60.0,Other,473
Bady and Kids,670.0,,4.5,,70.0,Other,381
Bady and Kids,795.0,850.0,3.7,6.470588235294119,95.0,Other,143
Bady and Kids,349.0,375.0,4.4,6.933333333333333,49.0,Other,56
Bady and Kids,475.0,,4.4,,75.0,Other,150
Bady and Kids,670.0,,4.4,,70.0,Other,153
Bady and Kids,399.0,400.0,4.0,0.25,99.0,Charm,478
Bady and Kids,449.0,,3.8,,49.0,Other,194
Bady and Kids,670.0,,4.3,,70.0,Other,313
Bady and Kids,510.0,535.0,4.4,4.672897196261682,10.0,Other,239
Bady and Kids,539.0,599.0,4.0,10.01669449081803,39.0,Other,94
Bady and Kids,175.0,,3.8,,75.0,Other,454
Bady and Kids,760.0,,4.3,,60.0,Other,284
Bady and Kids,387.0,430.0,4.0,10.0,87.0,Other,64
Bady and Kids,399.0,400.0,4.3,0.25,99.0,Charm,135
Bady and Kids,299.0,,4.0,,99.0,Charm,190
Bady and Kids,344.0,345.0,4.5,0.2898550724637681,44.0,Other,155
Bady and Kids,358.0,,4.3,,58.0,Other,60
Bady and Kids,670.0,,4.2,,70.0,Other,89
Bady and Kids,300.0,,4.1,,0.0,Round,92
Bady and Kids,422.0,445.0,4.1,5.168539325842696,22.0,Other,248
Bady and Kids,579.0,,4.3,,79.0,Other,96
Bady and Kids,179.0,450.0,4.2,60.22222222222222,79.0,Other,431
Bady and Kids,479.0,,4.4,,79.0,Other,61
Bady and Kids,499.0,,4.5,,99.0,Charm,408
Bady and Kids,219.0,800.0,4.3,72.625,19.0,Other,320
Bady and Kids,155.0,,4.3,,55.0,Other,485
Bady and Kids,296.0,399.0,3.4,25.81453634085213,96.0,Other,156
Bady and Kids,125.0,,4.3,,25.0,Other,461
Bady and Kids,150.0,,4.2,,50.0,Other,498
Bady and Kids,280.0,,4.4,,80.0,Other,286
Bady and Kids,616.0,649.0,4.2,5.084745762711865,16.0,Other,151
Bady and Kids,210.0,215.0,4.3,2.3255813953488373,10.0,Other,339
Bady and Kids,399.0,,4.0,,99.0,Charm,286
Bady and Kids,159.0,189.0,4.3,15.873015873015872,59.0,Other,134
Bady and Kids,270.0,,4.4,,70.0,Other,394
Bady and Kids,155.0,,4.3,,55.0,Other,277
Bady and Kids,99.0,,4.3,,99.0,Charm,410
Bady and Kids,499.0,,4.1,,99.0,Charm,258
Bady and Kids,299.0,598.0,4.4,50.0,99.0,Charm,390
Bady and Kids,349.0,,3.6,,49.0,Other,196
Bady and Kids,580.0,599.0,4.2,3.1719532554257093,80.0,Other,128
Bady and Kids,349.0,,3.6,,49.0,Other,415
Bady and Kids,479.0,,3.8,,79.0,Other,105
Bady and Kids,190.0,,4.2,,90.0,Other,297
Bady and Kids,199.0,,4.2,,99.0,Charm,254
Bady and Kids,206.0,229.0,4.3,10.043668122270741,6.0,Other,256
Bady and Kids,499.0,,4.1,,99.0,Charm,391
Bady and Kids,290.0,,4.2,,90.0,Other,133
Bady and Kids,260.0,,4.3,,60.0,Other,255
Bady and Kids,335.0,,3.9,,35.0,Other,291
Bady and Kids,325.0,,4.3,,25.0,Other,378
Bady and Kids,374.0,375.0,4.3,0.26666666666666666,74.0,Other,339
Bady and Kids,149.0,,4.3,,49.0,Other,192
Bady and Kids,149.0,,4.4,,49.0,Other,418
Bady and Kids,297.0,,4.2,,97.0,Other,300
Bady and Kids,299.0,,4.3,,99.0,Charm,66
Bady and Kids,230.0,,4.1,,30.0,Other,386
Bady and Kids,125.0,,4.3,,25.0,Other,102
Bady and Kids,295.0,,3.9,,95.0,Other,451
Bady and Kids,917.0,1296.0,4.4,29.24382716049383,17.0,Other,440
Bady and Kids,189.0,249.0,4.2,24.096385542168676,89.0,Other,274
Bady and Kids,170.0,219.0,4.2,22.37442922374429,70.0,Other,374
Bady and Kids,193.0,259.0,4.2,25.482625482625483,93.0,Other,109
Bady and Kids,169.0,399.0,4.1,57.64411027568922,69.0,Other,314
Bady and Kids,160.0,499.0,4.1,67.93587174348697,60.0,Other,321
Bady and Kids,199.0,599.0,4.2,66.7779632721202,99.0,Charm,368
Bady and Kids,399.0,540.0,4.3,26.111111111111114,99.0,Charm,58
Bady and Kids,232.0,315.0,4.3,26.34920634920635,32.0,Other,174
Bady and Kids,211.0,799.0,4.0,73.59198998748435,11.0,Other,81
Bady and Kids,269.0,,4.1,,69.0,Other,260
Bady and Kids,258.0,369.0,4.2,30.081300813008134,58.0,Other,184
Bady and Kids,183.0,249.0,4.3,26.506024096385545,83.0,Other,347
Bady and Kids,263.0,399.0,4.5,34.08521303258145,63.0,Other,93
Bady and Kids,193.0,259.0,4.3,25.482625482625483,93.0,Other,353
Bady and Kids,249.0,297.0,4.0,16.161616161616163,49.0,Other,227
Bady and Kids,379.0,499.0,4.4,24.04809619238477,79.0,Other,179
Bady and Kids,241.0,249.0,4.1,3.2128514056224895,41.0,Other,53
Bady and Kids,170.0,219.0,4.2,22.37442922374429,70.0,Other,404
Bady and Kids,399.0,540.0,4.4,26.111111111111114,99.0,Charm,207
Bady and Kids,242.0,319.0,4.1,24.137931034482758,42.0,Other,182
Bady and Kids,209.0,249.0,4.4,16.06425702811245,9.0,Other,76
Bady and Kids,263.0,399.0,4.6,34.08521303258145,63.0,Other,305
Bady and Kids,899.0,,4.7,,99.0,Charm,188
Bady and Kids,209.0,499.0,4.1,58.116232464929865,9.0,Other,159
Bady and Kids,165.0,299.0,4.1,44.81605351170568,65.0,Other,184
Bady and Kids,175.0,219.0,3.8,20.091324200913242,75.0,Other,440
Bady and Kids,288.0,600.0,4.3,52.0,88.0,Other,359
Bady and Kids,198.0,239.0,3.8,17.154811715481173,98.0,Other,292
Bady and Kids,123.0,159.0,4.4,22.641509433962266,23.0,Other,256
Bady and Kids,159.0,199.0,4.1,20.100502512562816,59.0,Other,334
Bady and Kids,499.0,699.0,4.3,28.612303290414882,99.0,Charm,80
Bady and Kids,224.0,299.0,4.3,25.08361204013378,24.0,Other,455
Bady and Kids,157.0,229.0,4.0,31.4410480349345,57.0,Other,433
Bady and Kids,279.0,350.0,4.2,20.285714285714285,79.0,Other,199
Bady and Kids,399.0,540.0,4.3,26.111111111111114,99.0,Charm,175
Bady and Kids,186.0,249.0,4.4,25.301204819277107,86.0,Other,215
Bady and Kids,193.0,259.0,4.2,25.482625482625483,93.0,Other,211
Bady and Kids,279.0,399.0,4.0,30.075187969924812,79.0,Other,437
Bady and Kids,425.0,1200.0,4.6,64.58333333333334,25.0,Other,490
Bady and Kids,5414.0,5999.0,4.1,9.75162527087848,14.0,Other,496
Bady and Kids,1332.0,2999.0,4.3,55.58519506502167,32.0,Other,180
Bady and Kids,299.0,555.0,4.1,46.126126126126124,99.0,Charm,420
Bady and Kids,223.0,299.0,4.2,25.418060200668897,23.0,Other,219
Bady and Kids,277.0,899.0,4.2,69.18798665183537,77.0,Other,212
Bady and Kids,225.0,299.0,3.7,24.74916387959866,25.0,Other,187
Bady and Kids,153.0,185.0,4.0,17.2972972972973,53.0,Other,180
Bady and Kids,1332.0,2999.0,4.3,55.58519506502167,32.0,Other,449
Bady and Kids,549.0,1499.0,4.3,63.37558372248166,49.0,Other,462
Bady and Kids,329.0,999.0,4.2,67.06706706706707,29.0,Other,80
Bady and Kids,124.0,199.0,4.0,37.68844221105528,24.0,Other,181
Bady and Kids,469.0,1899.0,3.8,75.30279094260138,69.0,Other,160
Bady and Kids,241.0,358.0,4.2,32.68156424581006,41.0,Other,405
Bady and Kids,299.0,799.0,4.1,62.57822277847309,99.0,Charm,390
Bady and Kids,349.0,1200.0,4.0,70.91666666666666,49.0,Other,435
Bady and Kids,1196.0,2999.0,4.1,60.120040013337785,96.0,Other,258
Bady and Kids,640.0,1999.0,4.2,67.983991995998,40.0,Other,117
Bady and Kids,415.0,999.0,4.2,58.45845845845846,15.0,Other,364
Bady and Kids,902.0,1999.0,4.2,54.87743871935968,2.0,Other,370
Bady and Kids,476.0,649.0,4.6,26.656394453004623,76.0,Other,309
Bady and Kids,299.0,899.0,4.2,66.74082313681868,99.0,Charm,181
Bady and Kids,349.0,475.0,4.2,26.526315789473685,49.0,Other,461
Bady and Kids,358.0,999.0,4.0,64.16416416416416,58.0,Other,112
Bady and Kids,959.0,1499.0,4.7,36.02401601067378,59.0,Other,367
Bady and Kids,329.0,999.0,4.2,67.06706706706707,29.0,Other,232
Bady and Kids,329.0,999.0,4.2,67.06706706706707,29.0,Other,339
Bady and Kids,285.0,599.0,4.0,52.42070116861436,85.0,Other,130
Bady and Kids,586.0,839.0,4.3,30.154946364719905,86.0,Other,274
Bady and Kids,549.0,1499.0,4.3,63.37558372248166,49.0,Other,229
Bady and Kids,299.0,598.0,4.1,50.0,99.0,Charm,198
Bady and Kids,487.0,795.0,4.3,38.742138364779876,87.0,Other,259
Bady and Kids,996.0,2499.0,4.5,60.14405762304922,96.0,Other,479
Bady and Kids,284.0,799.0,4.0,64.4555694618273,84.0,Other,311
Bady and Kids,333.0,555.0,4.2,40.0,33.0,Other,477
Bady and Kids,329.0,599.0,4.2,45.07512520868113,29.0,Other,401
Bady and Kids,474.0,699.0,4.1,32.18884120171674,74.0,Other,260
Bady and Kids,220.0,339.0,4.0,35.10324483775811,20.0,Other,80
Bady and Kids,349.0,475.0,4.2,26.526315789473685,49.0,Other,149
Bady and Kids,349.0,999.0,4.3,65.06506506506507,49.0,Other,262
Bady and Kids,299.0,1799.0,4.0,83.37965536409116,99.0,Charm,97
Bady and Kids,449.0,1599.0,4.0,71.91994996873046,49.0,Other,270
Bady and Kids,499.0,1499.0,4.7,66.711140760507,99.0,Charm,399
Bady and Kids,1279.0,2399.0,4.0,46.686119216340145,79.0,Other,466
Bady and Kids,1560.0,3999.0,4.2,60.99024756189048,60.0,Other,200
Bady and Kids,645.0,1299.0,4.0,50.34642032332564,45.0,Other,478
Bady and Kids,340.0,1599.0,3.8,78.73671044402751,40.0,Other,93
Bady and Kids,1699.0,2999.0,3.8,43.347782594198065,99.0,Charm,414
Bady and Kids,3699.0,4995.0,4.3,25.945945945945947,99.0,Charm,238
Bady and Kids,1359.0,2999.0,3.8,54.68489496498833,59.0,Other,433
Bady and Kids,645.0,1299.0,4.0,50.34642032332564,45.0,Other,173
Bady and Kids,425.0,1299.0,3.8,67.28252501924558,25.0,Other,120
Bady and Kids,1433.0,4199.0,3.9,65.87282686353893,33.0,Other,292
Bady and Kids,340.0,1299.0,3.7,73.82602001539645,40.0,Other,194
Bady and Kids,1279.0,2099.0,4.1,39.066222010481184,79.0,Other,214
Bady and Kids,2070.0,4250.0,4.0,51.294117647058826,70.0,Other,182
Bady and Kids,499.0,1499.0,4.3,66.711140760507,99.0,Charm,135
Bady and Kids,1359.0,2999.0,3.8,54.68489496498833,59.0,Other,498
Bady and Kids,1279.0,2399.0,4.1,46.686119216340145,79.0,Other,51
Bady and Kids,779.0,1799.0,3.8,56.69816564758199,79.0,Other,311
Bady and Kids,8969.0,12999.0,4.1,31.00238479883068,69.0,Other,297
Bady and Kids,1359.0,2999.0,3.8,54.68489496498833,59.0,Other,384
Bady and Kids,399.0,1299.0,3.8,69.28406466512702,99.0,Charm,313
Bady and Kids,2944.0,6999.0,4.4,57.93684812116017,44.0,Other,232
Bady and Kids,1434.0,4199.0,3.9,65.8490116694451,34.0,Other,220
Bady and Kids,299.0,999.0,4.0,70.07007007007007,99.0,Charm,498
Bady and Kids,1699.0,2999.0,3.8,43.347782594198065,99.0,Charm,142
Bady and Kids,492.0,1599.0,3.8,69.23076923076923,92.0,Other,266
Bady and Kids,3419.0,5999.0,4.4,43.00716786131022,19.0,Other,306
Bady and Kids,849.0,2000.0,4.1,57.550000000000004,49.0,Other,449
Bady and Kids,3099.0,4100.0,4.1,24.414634146341463,99.0,Charm,293
Bady and Kids,849.0,2000.0,4.1,57.550000000000004,49.0,Other,493
Bady and Kids,1434.0,4199.0,3.9,65.8490116694451,34.0,Other,280
Bady and Kids,806.0,2000.0,4.1,59.699999999999996,6.0,Other,421
Bady and Kids,336.0,1295.0,3.7,74.05405405405405,36.0,Other,351
Bady and Kids,355.0,853.0,3.8,58.38218053927315,55.0,Other,278
Bady and Kids,6499.0,9999.0,5.0,35.003500350035004,99.0,Charm,373
Bady and Kids,399.0,999.0,3.2,60.06006006006006,99.0,Charm,309
Bady and Kids,424.0,1599.0,3.5,73.48342714196373,24.0,Other,85
Bady and Kids,299.0,999.0,3.7,70.07007007007007,99.0,Charm,269
Bady and Kids,5850.0,9999.0,4.2,41.494149414941496,50.0,Other,305
Bady and Kids,1999.0,2799.0,4.1,28.5816362986781,99.0,Charm,324
Bady and Kids,3775.0,5299.0,5.0,28.760143423287417,75.0,Other,267
Bady and Kids,222.0,297.0,4.2,25.252525252525253,22.0,Other,187
Bady and Kids,74.0,99.0,4.0,25.252525252525253,74.0,Other,249
Bady and Kids,222.0,297.0,4.4,25.252525252525253,22.0,Other,481
Bady and Kids,169.0,199.0,3.9,15.07537688442211,69.0,Other,102
Bady and Kids,1149.0,2500.0,4.2,54.04,49.0,Other,155
Bady and Kids,2199.0,4999.0,3.8,56.011202240448085,99.0,Charm,87
Bady and Kids,121.0,150.0,4.1,19.333333333333332,21.0,Other,465
Bady and Kids,239.0,999.0,4.0,76.07607607607608,39.0,Other,485
Bady and Kids,249.0,500.0,4.2,50.2,49.0,Other,220
Bady and Kids,168.0,198.0,4.1,15.151515151515152,68.0,Other,205
Bady and Kids,169.0,199.0,4.4,15.07537688442211,69.0,Other,200
Bady and Kids,84.0,99.0,4.0,15.151515151515152,84.0,Other,406
Bady and Kids,299.0,360.0,4.3,16.944444444444446,99.0,Charm,50
Bady and Kids,3869.0,4699.0,4.9,17.663332623962546,69.0,Other,179
Bady and Kids,499.0,1200.0,4.2,58.416666666666664,99.0,Charm,106
Bady and Kids,300.0,,4.0,,0.0,Round,108
Bady and Kids,169.0,199.0,3.8,15.07537688442211,69.0,Other,399
Bady and Kids,3062.0,4299.0,4.3,28.774133519423124,62.0,Other,398
Bady and Kids,2450.0,3750.0,4.5,34.66666666666667,50.0,Other,235
Bady and Kids,254.0,299.0,4.0,15.050167224080269,54.0,Other,330
Bady and Kids,84.0,99.0,4.1,15.151515151515152,84.0,Other,100
Bady and Kids,1709.0,2493.0,3.8,31.448054552747696,9.0,Other,344
Bady and Kids,1199.0,2500.0,4.3,52.04,99.0,Charm,417
Bady and Kids,152.0,210.0,3.8,27.61904761904762,52.0,Other,355
Bady and Kids,399.0,500.0,4.2,20.200000000000003,99.0,Charm,406
Bady and Kids,360.0,,5.0,,60.0,Other,489
Bady and Kids,211.0,249.0,4.1,15.261044176706829,11.0,Other,395
Bady and Kids,126.0,205.0,4.6,38.53658536585366,26.0,Other,341
Bady and Kids,279.0,350.0,4.2,20.285714285714285,79.0,Other,296
Bady and Kids,360.0,,5.0,,60.0,Other,312
Bady and Kids,227.0,250.0,4.2,9.2,27.0,Other,488
Bady and Kids,179.0,240.0,3.8,25.416666666666664,79.0,Other,447
Bady and Kids,363.0,619.0,3.6,41.35702746365105,63.0,Other,129
Bady and Kids,360.0,,4.9,,60.0,Other,207
Bady and Kids,449.0,550.0,4.3,18.363636363636363,49.0,Other,57
Bady and Kids,337.0,350.0,4.2,3.7142857142857144,37.0,Other,124
Bady and Kids,213.0,329.0,3.2,35.25835866261398,13.0,Other,459
Bady and Kids,302.0,336.0,4.0,10.119047619047619,2.0,Other,401
Bady and Kids,208.0,319.0,3.3,34.79623824451411,8.0,Other,207
Bady and Kids,1139.0,1499.0,4.1,24.016010673782525,39.0,Other,111
Bady and Kids,199.0,400.0,3.9,50.24999999999999,99.0,Charm,265
Bady and Kids,199.0,450.0,3.9,55.77777777777778,99.0,Charm,437
Bady and Kids,303.0,695.0,4.2,56.402877697841724,3.0,Other,450
Bady and Kids,248.0,450.0,3.6,44.888888888888886,48.0,Other,140
Bady and Kids,217.0,388.0,3.9,44.072164948453604,17.0,Other,303
Bady and Kids,1473.0,2699.0,4.3,45.424231196739534,73.0,Other,346
Bady and Kids,375.0,499.0,3.9,24.849699398797593,75.0,Other,402
Bady and Kids,129.0,500.0,3.7,74.2,29.0,Other,284
Bady and Kids,161.0,499.0,3.9,67.73547094188376,61.0,Other,373
Bady and Kids,1587.0,3398.0,4.2,53.29605650382578,87.0,Other,497
Bady and Kids,289.0,599.0,4.1,51.75292153589316,89.0,Other,277
Bady and Kids,199.0,400.0,3.8,50.24999999999999,99.0,Charm,192
Bady and Kids,1647.0,4399.0,4.1,62.559672652875655,47.0,Other,445
Bady and Kids,449.0,599.0,3.9,25.041736227045075,49.0,Other,473
Bady and Kids,303.0,785.0,4.3,61.401273885350314,3.0,Other,375
Bady and Kids,166.0,299.0,4.0,44.481605351170565,66.0,Other,256
Bady and Kids,125.0,179.0,3.9,30.16759776536313,25.0,Other,232
Bady and Kids,449.0,799.0,3.9,43.80475594493116,49.0,Other,104
Bady and Kids,152.0,299.0,4.1,49.163879598662206,52.0,Other,102
Bady and Kids,279.0,599.0,4.3,53.42237061769616,79.0,Other,92
Bady and Kids,193.0,400.0,3.8,51.74999999999999,93.0,Other,313
Bady and Kids,199.0,399.0,3.9,50.125313283208015,99.0,Charm,477
Bady and Kids,179.0,399.0,4.0,55.13784461152882,79.0,Other,227
Bady and Kids,349.0,500.0,3.9,30.2,49.0,Other,256
Bady and Kids,253.0,299.0,4.3,15.384615384615385,53.0,Other,212
Bady and Kids,185.0,699.0,3.8,73.53361945636624,85.0,Other,365
Bady and Kids,199.0,400.0,3.9,50.24999999999999,99.0,Charm,177
Bady and Kids,199.0,750.0,3.9,73.46666666666667,99.0,Charm,269
Bady and Kids,199.0,450.0,3.8,55.77777777777778,99.0,Charm,386
Bady and Kids,4464.0,8798.0,4.1,49.26119572630143,64.0,Other,281
Bady and Kids,252.0,899.0,4.0,71.96885428253616,52.0,Other,456
Bady and Kids,359.0,549.0,3.9,34.60837887067395,59.0,Other,333
Bady and Kids,191.0,450.0,3.5,57.55555555555556,91.0,Other,241
Bady and Kids,1671.0,3398.0,4.1,50.82401412595644,71.0,Other,361
Bady and Kids,359.0,599.0,3.1,40.06677796327212,59.0,Other,492
Bady and Kids,258.0,399.0,4.1,35.338345864661655,58.0,Other,75
Bady and Kids,255.0,799.0,4.1,68.08510638297872,55.0,Other,238
Bady and Kids,449.0,699.0,3.9,35.7653791130186,49.0,Other,388
Bady and Kids,224.0,299.0,4.3,25.08361204013378,24.0,Other,443
Bady and Kids,486.0,649.0,4.5,25.115562403698,86.0,Other,370
Bady and Kids,239.0,299.0,4.4,20.066889632107024,39.0,Other,302
Bady and Kids,192.0,215.0,4.4,10.69767441860465,92.0,Other,351
Bady and Kids,517.0,649.0,4.5,20.33898305084746,17.0,Other,327
Bady and Kids,392.0,549.0,4.4,28.59744990892532,92.0,Other,483
Bady and Kids,304.0,479.0,4.3,36.53444676409186,4.0,Other,213
Bady and Kids,299.0,399.0,4.4,25.062656641604008,99.0,Charm,494
Bady and Kids,278.0,349.0,4.3,20.34383954154728,78.0,Other,210
Bady and Kids,233.0,299.0,4.2,22.073578595317723,33.0,Other,185
Bady and Kids,299.0,475.0,4.4,37.05263157894737,99.0,Charm,184
Bady and Kids,248.0,349.0,4.4,28.939828080229223,48.0,Other,88
Bady and Kids,324.0,479.0,4.4,32.35908141962422,24.0,Other,91
Bady and Kids,349.0,649.0,4.3,46.22496147919877,49.0,Other,236
Bady and Kids,308.0,429.0,4.1,28.205128205128204,8.0,Other,415
Bady and Kids,279.0,349.0,4.3,20.057306590257877,79.0,Other,220
Bady and Kids,161.0,170.0,4.3,5.294117647058823,61.0,Other,492
Bady and Kids,234.0,249.0,4.3,6.024096385542169,34.0,Other,132
Bady and Kids,398.0,669.0,4.1,40.50822122571002,98.0,Other,246
Bady and Kids,272.0,349.0,4.4,22.063037249283667,72.0,Other,420
Bady and Kids,714.0,1299.0,4.1,45.03464203233256,14.0,Other,176
Bady and Kids,478.0,669.0,4.4,28.550074738415542,78.0,Other,440
Bady and Kids,306.0,340.0,4.4,10.0,6.0,Other,290
Bady and Kids,841.0,1034.0,4.6,18.665377176015475,41.0,Other,107
Bady and Kids,509.0,599.0,4.4,15.025041736227045,9.0,Other,388
Bady and Kids,382.0,549.0,4.1,30.418943533697636,82.0,Other,151
Bady and Kids,479.0,,4.5,,79.0,Other,182
Bady and Kids,879.0,1098.0,3.9,19.94535519125683,79.0,Other,298
Bady and Kids,545.0,699.0,4.3,22.031473533619454,45.0,Other,56
Bady and Kids,522.0,599.0,4.4,12.85475792988314,22.0,Other,162
Bady and Kids,162.0,499.0,4.2,67.53507014028057,62.0,Other,432
Bady and Kids,486.0,649.0,4.4,25.115562403698,86.0,Other,253
Bady and Kids,379.0,449.0,4.5,15.590200445434299,79.0,Other,406
Bady and Kids,326.0,435.0,4.1,25.057471264367813,26.0,Other,262
Bady and Kids,411.0,510.0,4.4,19.411764705882355,11.0,Other,369
Bady and Kids,615.0,799.0,4.3,23.028785982478098,15.0,Other,393
Bady and Kids,261.0,349.0,4.5,25.214899713467048,61.0,Other,452
Bady and Kids,467.0,599.0,4.4,22.036727879799667,67.0,Other,191
Bady and Kids,510.0,549.0,4.3,7.103825136612022,10.0,Other,332
Bady and Kids,474.0,599.0,4.3,20.868113522537563,74.0,Other,125
Home and Furniture,219.0,940.0,4.1,76.70212765957447,19.0,Other,237
Home and Furniture,559.0,1249.0,4.4,55.24419535628503,59.0,Other,152
Home and Furniture,263.0,699.0,3.9,62.374821173104436,63.0,Other,349
Home and Furniture,207.0,950.0,3.9,78.21052631578948,7.0,Other,402
Home and Furniture,275.0,699.0,3.9,60.65808297567954,75.0,Other,355
Home and Furniture,289.0,499.0,3.1,42.08416833667334,89.0,Other,352
Home and Furniture,474.0,1280.0,4.2,62.96874999999999,74.0,Other,334
Home and Furniture,399.0,639.0,4.1,37.558685446009385,99.0,Charm,405
Home and Furniture,429.0,1099.0,4.2,60.96451319381255,29.0,Other,415
Home and Furniture,320.0,758.0,3.8,57.78364116094987,20.0,Other,482
Home and Furniture,699.0,950.0,4.3,26.421052631578945,99.0,Charm,420
Home and Furniture,399.0,1050.0,4.2,62.0,99.0,Charm,254
Home and Furniture,359.0,999.0,4.4,64.06406406406407,59.0,Other,477
Home and Furniture,429.0,950.0,4.0,54.84210526315789,29.0,Other,147
Home and Furniture,263.0,875.0,3.9,69.94285714285714,63.0,Other,298
Home and Furniture,449.0,1645.0,3.8,72.70516717325228,49.0,Other,429
Home and Furniture,579.0,585.0,4.1,1.0256410256410255,79.0,Other,343
Home and Furniture,499.0,900.0,3.9,44.55555555555556,99.0,Charm,448
Home and Furniture,262.0,875.0,3.8,70.05714285714286,62.0,Other,384
Home and Furniture,449.0,1082.0,3.7,58.50277264325323,49.0,Other,139
Home and Furniture,1599.0,2999.0,3.6,46.68222740913638,99.0,Charm,275
Home and Furniture,258.0,875.0,4.0,70.51428571428572,58.0,Other,442
Home and Furniture,468.0,1299.0,4.0,63.972286374133944,68.0,Other,483
Home and Furniture,499.0,1099.0,3.8,54.5950864422202,99.0,Charm,325
Home and Furniture,397.0,1399.0,4.4,71.62258756254467,97.0,Other,382
Home and Furniture,349.0,999.0,3.9,65.06506506506507,49.0,Other,336
Home and Furniture,229.0,699.0,4.1,67.23891273247496,29.0,Other,134
Home and Furniture,449.0,1149.0,3.8,60.92254134029591,49.0,Other,235
Home and Furniture,263.0,629.0,4.0,58.18759936406995,63.0,Other,302
Home and Furniture,219.0,810.0,4.2,72.96296296296296,19.0,Other,215
Home and Furniture,499.0,1499.0,4.0,66.711140760507,99.0,Charm,57
Home and Furniture,474.0,1350.0,4.1,64.88888888888889,74.0,Other,98
Home and Furniture,569.0,999.0,4.1,43.04304304304304,69.0,Other,374
Home and Furniture,249.0,1199.0,3.7,79.232693911593,49.0,Other,222
Home and Furniture,559.0,1450.0,4.2,61.44827586206897,59.0,Other,108
Home and Furniture,449.0,1445.0,4.0,68.92733564013841,49.0,Other,255
Home and Furniture,380.0,440.0,4.4,13.636363636363635,80.0,Other,220
Home and Furniture,349.0,799.0,3.9,56.32040050062578,49.0,Other,335
Home and Furniture,470.0,895.0,4.1,47.486033519553075,70.0,Other,229
Home and Furniture,999.0,2499.0,3.9,60.024009603841534,99.0,Charm,315
Home and Furniture,470.0,630.0,4.1,25.396825396825395,70.0,Other,170
Home and Furniture,449.0,1645.0,3.8,72.70516717325228,49.0,Other,205
Home and Furniture,299.0,599.0,4.1,50.08347245409015,99.0,Charm,160
Home and Furniture,249.0,1190.0,4.1,79.07563025210084,49.0,Other,170
Home and Furniture,299.0,570.0,4.1,47.54385964912281,99.0,Charm,104
Home and Furniture,299.0,600.0,4.1,50.16666666666667,99.0,Charm,359
Home and Furniture,,,5.0,,,Other,415
Home and Furniture,249.0,799.0,4.0,68.8360450563204,49.0,Other,449
Home and Furniture,199.0,685.0,3.8,70.94890510948905,99.0,Charm,252
Home and Furniture,299.0,600.0,4.1,50.16666666666667,99.0,Charm,214
Home and Furniture,579.0,1199.0,4.1,51.70975813177648,79.0,Other,342
Home and Furniture,449.0,799.0,4.1,43.80475594493116,49.0,Other,245
Home and Furniture,299.0,570.0,4.1,47.54385964912281,99.0,Charm,375
Home and Furniture,219.0,1050.0,4.1,79.14285714285715,19.0,Other,411
Home and Furniture,299.0,600.0,4.1,50.16666666666667,99.0,Charm,390
Home and Furniture,249.0,874.0,4.0,71.51029748283753,49.0,Other,409
Home and Furniture,439.0,730.0,4.0,39.863013698630134,39.0,Other,384
Home and Furniture,599.0,1440.0,4.2,58.40277777777778,99.0,Charm,139
Home and Furniture,299.0,599.0,4.1,50.08347245409015,99.0,Charm,225
Home and Furniture,449.0,1490.0,4.0,69.86577181208054,49.0,Other,183
Home and Furniture,609.0,1999.0,4.2,69.53476738369184,9.0,Other,244
Home and Furniture,419.0,1499.0,4.1,72.04803202134757,19.0,Other,414
Home and Furniture,499.0,1350.0,4.1,63.03703703703704,99.0,Charm,421
Home and Furniture,449.0,799.0,3.2,43.80475594493116,49.0,Other,144
Home and Furniture,299.0,570.0,4.1,47.54385964912281,99.0,Charm,498
Home and Furniture,289.0,950.0,4.8,69.57894736842105,89.0,Other,72
Home and Furniture,499.0,1449.0,4.1,65.5624568668047,99.0,Charm,482
Home and Furniture,249.0,1015.0,3.8,75.4679802955665,49.0,Other,294
Home and Furniture,799.0,2050.0,4.2,61.02439024390244,99.0,Charm,393
Home and Furniture,494.0,900.0,3.7,45.111111111111114,94.0,Other,464
Home and Furniture,429.0,999.0,4.1,57.05705705705706,29.0,Other,268
Home and Furniture,249.0,940.0,3.9,73.51063829787235,49.0,Other,280
Home and Furniture,299.0,850.0,4.0,64.8235294117647,99.0,Charm,114
Home and Furniture,419.0,949.0,4.1,55.84826132771338,19.0,Other,246
Home and Furniture,299.0,570.0,4.1,47.54385964912281,99.0,Charm,224
Home and Furniture,449.0,1299.0,3.7,65.43494996150885,49.0,Other,423
Home and Furniture,1199.0,1320.0,4.3,9.166666666666666,99.0,Charm,337
Home and Furniture,286.0,999.0,4.0,71.37137137137137,86.0,Other,424
Home and Furniture,1505.0,1675.0,4.5,10.149253731343283,5.0,Other,101
Home and Furniture,249.0,925.0,4.0,73.08108108108108,49.0,Other,110
Home and Furniture,999.0,2959.0,4.3,66.23859411963501,99.0,Charm,391
Home and Furniture,799.0,3899.0,4.3,79.50756604257502,99.0,Charm,227
Home and Furniture,1499.0,3099.0,4.0,51.6295579219103,99.0,Charm,400
Home and Furniture,2599.0,4995.0,4.2,47.967967967967965,99.0,Charm,247
Home and Furniture,1699.0,2395.0,4.1,29.060542797494783,99.0,Charm,301
Home and Furniture,549.0,1490.0,4.0,63.15436241610738,49.0,Other,491
Home and Furniture,1149.0,2195.0,4.3,47.653758542141226,49.0,Other,221
Home and Furniture,849.0,2959.0,3.8,71.30787428185198,49.0,Other,321
Home and Furniture,2399.0,4995.0,4.1,51.971971971971975,99.0,Charm,151
Home and Furniture,695.0,1195.0,4.1,41.84100418410041,95.0,Other,415
Home and Furniture,745.0,1295.0,4.1,42.471042471042466,45.0,Other,180
Home and Furniture,549.0,1540.0,4.0,64.35064935064935,49.0,Other,69
Home and Furniture,2099.0,5495.0,4.0,61.801637852593274,99.0,Charm,483
Home and Furniture,729.0,1195.0,4.0,38.99581589958159,29.0,Other,432
Home and Furniture,999.0,1545.0,4.0,35.33980582524272,99.0,Charm,57
Home and Furniture,2799.0,5599.0,4.2,50.00893016610108,99.0,Charm,92
Home and Furniture,2099.0,3249.0,4.1,35.39550630963373,99.0,Charm,494
Home and Furniture,1934.0,2050.0,4.4,5.658536585365854,34.0,Other,492
Home and Furniture,2006.0,2425.0,4.4,17.278350515463917,6.0,Other,328
Home and Furniture,749.0,1890.0,4.0,60.370370370370374,49.0,Other,264
Home and Furniture,749.0,1599.0,4.0,53.15822388993121,49.0,Other,335
Home and Furniture,579.0,899.0,4.0,35.595105672969964,79.0,Other,184
Home and Furniture,1311.0,1575.0,4.4,16.761904761904763,11.0,Other,354
Home and Furniture,699.0,1859.0,4.3,62.39913932221624,99.0,Charm,201
Home and Furniture,2599.0,4410.0,4.1,41.06575963718821,99.0,Charm,430
Home and Furniture,1912.0,2225.0,4.4,14.06741573033708,12.0,Other,435
Home and Furniture,1500.0,1675.0,4.4,10.44776119402985,0.0,Round,107
Home and Furniture,999.0,3045.0,4.3,67.19211822660098,99.0,Charm,270
Home and Furniture,1995.0,3495.0,4.2,42.91845493562232,95.0,Other,92
Home and Furniture,2599.0,4995.0,4.0,47.967967967967965,99.0,Charm,213
Home and Furniture,2549.0,4600.0,4.0,44.58695652173913,49.0,Other,50
Home and Furniture,549.0,1399.0,4.0,60.757684060042884,49.0,Other,245
Home and Furniture,1849.0,2635.0,4.0,29.8292220113852,49.0,Other,155
Home and Furniture,1124.0,1250.0,4.3,10.08,24.0,Other,388
Home and Furniture,1999.0,2290.0,4.2,12.707423580786026,99.0,Charm,228
Home and Furniture,1099.0,3635.0,3.9,69.76616231086658,99.0,Charm,312
Home and Furniture,979.0,1295.0,4.2,24.4015444015444,79.0,Other,212
Home and Furniture,1949.0,2170.0,4.3,10.184331797235023,49.0,Other,336
Home and Furniture,999.0,2395.0,4.2,58.28810020876827,99.0,Charm,407
Home and Furniture,899.0,3399.0,3.8,73.55104442483083,99.0,Charm,414
Home and Furniture,449.0,899.0,4.1,50.055617352614014,49.0,Other,168
Home and Furniture,299.0,599.0,4.3,50.08347245409015,99.0,Charm,173
Home and Furniture,178.0,199.0,3.9,10.552763819095476,78.0,Other,283
Home and Furniture,199.0,499.0,3.9,60.120240480961925,99.0,Charm,203
Home and Furniture,149.0,1199.0,4.0,87.57297748123436,49.0,Other,432
Home and Furniture,199.0,499.0,3.8,60.120240480961925,99.0,Charm,152
Home and Furniture,149.0,999.0,4.0,85.08508508508508,49.0,Other,285
Home and Furniture,158.0,447.0,4.1,64.65324384787472,58.0,Other,372
Home and Furniture,288.0,850.0,3.8,66.11764705882352,88.0,Other,416
Home and Furniture,129.0,169.0,4.2,23.668639053254438,29.0,Other,488
Home and Furniture,162.0,499.0,4.1,67.53507014028057,62.0,Other,277
Home and Furniture,203.0,399.0,4.0,49.122807017543856,3.0,Other,136
Home and Furniture,149.0,700.0,4.3,78.71428571428571,49.0,Other,280
Home and Furniture,219.0,899.0,4.1,75.63959955506118,19.0,Other,112
Home and Furniture,59.0,75.0,3.6,21.333333333333336,59.0,Other,329
Home and Furniture,521.0,1500.0,4.0,65.26666666666667,21.0,Other,388
Home and Furniture,149.0,417.0,4.1,64.26858513189448,49.0,Other,399
Home and Furniture,499.0,1499.0,4.1,66.711140760507,99.0,Charm,425
Home and Furniture,203.0,499.0,4.0,59.318637274549104,3.0,Other,297
Home and Furniture,589.0,1299.0,4.7,54.65742879137798,89.0,Other,299
Home and Furniture,169.0,175.0,4.0,3.428571428571429,69.0,Other,265
Home and Furniture,579.0,999.0,4.0,42.04204204204204,79.0,Other,430
Home and Furniture,209.0,599.0,3.5,65.1085141903172,9.0,Other,476
Home and Furniture,171.0,300.0,4.1,43.0,71.0,Other,115
Home and Furniture,245.0,800.0,4.0,69.375,45.0,Other,439
Home and Furniture,202.0,299.0,3.5,32.441471571906355,2.0,Other,451
Home and Furniture,169.0,399.0,4.0,57.64411027568922,69.0,Other,319
Home and Furniture,664.0,1499.0,4.0,55.70380253502335,64.0,Other,56
Home and Furniture,190.0,735.0,4.1,74.14965986394559,90.0,Other,232
Home and Furniture,168.0,499.0,4.0,66.33266533066133,68.0,Other,82
Home and Furniture,799.0,2999.0,4.0,73.35778592864288,99.0,Charm,234
Home and Furniture,499.0,899.0,3.2,44.493882091212456,99.0,Charm,429
Home and Furniture,131.0,299.0,3.6,56.187290969899664,31.0,Other,303
Home and Furniture,359.0,399.0,3.9,10.025062656641603,59.0,Other,464
Home and Furniture,469.0,1099.0,4.4,57.324840764331206,69.0,Other,316
Home and Furniture,1799.0,1999.0,3.2,10.005002501250624,99.0,Charm,417
Home and Furniture,179.0,499.0,4.0,64.12825651302605,79.0,Other,424
Home and Furniture,143.0,499.0,4.3,71.34268537074149,43.0,Other,498
Home and Furniture,275.0,399.0,4.1,31.07769423558897,75.0,Other,302
Home and Furniture,499.0,999.0,3.5,50.050050050050054,99.0,Charm,211
Home and Furniture,1899.0,3599.0,4.1,47.235343150875245,99.0,Charm,118
Home and Furniture,3099.0,4995.0,4.1,37.95795795795796,99.0,Charm,246
Home and Furniture,1299.0,4299.0,4.1,69.78367062107466,99.0,Charm,101
Home and Furniture,1999.0,10000.0,4.2,80.01,99.0,Charm,419
Home and Furniture,1549.0,2999.0,4.1,48.349449816605535,49.0,Other,304
Home and Furniture,2099.0,4594.0,4.2,54.309969525468006,99.0,Charm,300
Home and Furniture,1649.0,9000.0,4.2,81.67777777777778,49.0,Other,345
Home and Furniture,8160.0,13490.0,4.3,39.510748702742774,60.0,Other,115
Home and Furniture,1599.0,3899.0,4.3,58.98948448320082,99.0,Charm,242
Home and Furniture,2149.0,4999.0,4.1,57.01140228045609,49.0,Other,244
Home and Furniture,2149.0,4995.0,4.2,56.97697697697698,49.0,Other,259
Home and Furniture,298.0,399.0,4.2,25.31328320802005,98.0,Other,304
Home and Furniture,1199.0,8000.0,4.2,85.0125,99.0,Charm,428
Home and Furniture,3099.0,6495.0,4.2,52.28637413394919,99.0,Charm,441
Home and Furniture,1749.0,5199.0,4.1,66.35891517599538,49.0,Other,384
Home and Furniture,9490.0,14990.0,4.3,36.69112741827885,90.0,Other,310
Home and Furniture,999.0,3199.0,3.9,68.77149109096592,99.0,Charm,287
Home and Furniture,1699.0,7500.0,4.1,77.34666666666666,99.0,Charm,274
Home and Furniture,2999.0,5494.0,4.2,45.41317801237714,99.0,Charm,264
Home and Furniture,1199.0,8000.0,4.2,85.0125,99.0,Charm,184
Home and Furniture,2199.0,4699.0,4.3,53.20280910832091,99.0,Charm,235
Home and Furniture,759.0,1299.0,4.5,41.570438799076214,59.0,Other,176
Home and Furniture,1349.0,8000.0,4.2,83.1375,49.0,Other,101
Home and Furniture,999.0,3349.0,4.1,70.17020005971932,99.0,Charm,187
Home and Furniture,1099.0,1799.0,3.9,38.91050583657588,99.0,Charm,287
Home and Furniture,1649.0,9000.0,4.2,81.67777777777778,49.0,Other,60
Home and Furniture,3699.0,7995.0,4.2,53.733583489681045,99.0,Charm,242
Home and Furniture,3899.0,6500.0,4.3,40.01538461538461,99.0,Charm,380
Home and Furniture,791.0,4000.0,4.2,80.22500000000001,91.0,Other,479
Home and Furniture,2649.0,8150.0,4.4,67.49693251533742,49.0,Other,195
Home and Furniture,1799.0,9000.0,4.2,80.0111111111111,99.0,Charm,458
Home and Furniture,2649.0,7299.0,4.2,63.707357172215374,49.0,Other,459
Home and Furniture,2981.0,6149.0,4.3,51.52057245080501,81.0,Other,64
Home and Furniture,2799.0,7499.0,4.3,62.67502333644486,99.0,Charm,134
Home and Furniture,2899.0,4800.0,4.3,39.60416666666667,99.0,Charm,331
Home and Furniture,1349.0,2799.0,4.2,51.80421579135406,49.0,Other,194
Home and Furniture,2649.0,7199.0,4.2,63.203222669815254,49.0,Other,88
Home and Furniture,1999.0,10000.0,4.2,80.01,99.0,Charm,229
Home and Furniture,743.0,1999.0,4.0,62.83141570785392,43.0,Other,229
Home and Furniture,1619.0,4499.0,4.2,64.01422538341853,19.0,Other,233
Home and Furniture,316.0,599.0,4.2,47.24540901502504,16.0,Other,100
Home and Furniture,285.0,599.0,4.4,52.42070116861436,85.0,Other,393
Home and Furniture,199.0,999.0,4.3,80.08008008008008,99.0,Charm,189
Home and Furniture,261.0,599.0,4.2,56.42737896494157,61.0,Other,459
Home and Furniture,664.0,830.0,4.3,20.0,64.0,Other,135
Home and Furniture,189.0,999.0,4.2,81.08108108108108,89.0,Other,368
Home and Furniture,259.0,699.0,4.3,62.94706723891274,59.0,Other,239
Home and Furniture,449.0,1199.0,4.2,62.55212677231026,49.0,Other,292
Home and Furniture,189.0,999.0,4.2,81.08108108108108,89.0,Other,265
Home and Furniture,253.0,499.0,4.6,49.298597194388776,53.0,Other,276
Home and Furniture,245.0,499.0,4.6,50.901803607214426,45.0,Other,263
Home and Furniture,184.0,999.0,4.7,81.58158158158159,84.0,Other,429
Home and Furniture,664.0,830.0,4.3,20.0,64.0,Other,465
Home and Furniture,664.0,830.0,4.3,20.0,64.0,Other,63
Home and Furniture,281.0,699.0,4.1,59.7997138769671,81.0,Other,449
Home and Furniture,420.0,549.0,3.7,23.497267759562842,20.0,Other,299
Home and Furniture,298.0,699.0,4.2,57.36766809728183,98.0,Other,161
Home and Furniture,189.0,999.0,4.2,81.08108108108108,89.0,Other,227
Home and Furniture,249.0,960.0,4.2,74.0625,49.0,Other,223
Home and Furniture,579.0,1199.0,3.9,51.70975813177648,79.0,Other,236
Home and Furniture,155.0,599.0,4.2,74.12353923205343,55.0,Other,265
Home and Furniture,166.0,499.0,4.4,66.73346693386773,66.0,Other,51
Home and Furniture,569.0,999.0,4.3,43.04304304304304,69.0,Other,486
Home and Furniture,599.0,1199.0,4.0,50.0417014178482,99.0,Charm,345
Home and Furniture,338.0,799.0,4.5,57.69712140175219,38.0,Other,408
Home and Furniture,349.0,599.0,4.7,41.736227045075125,49.0,Other,159
Home and Furniture,177.0,599.0,4.2,70.4507512520868,77.0,Other,63
Home and Furniture,379.0,400.0,4.5,5.25,79.0,Other,421
Home and Furniture,349.0,999.0,4.7,65.06506506506507,49.0,Other,463
Home and Furniture,395.0,1200.0,4.6,67.08333333333333,95.0,Other,482
Home and Furniture,205.0,600.0,4.3,65.83333333333333,5.0,Other,460
Home and Furniture,177.0,999.0,4.7,82.28228228228228,77.0,Other,233
Home and Furniture,199.0,699.0,4.4,71.5307582260372,99.0,Charm,219
Home and Furniture,349.0,999.0,4.7,65.06506506506507,49.0,Other,77
Home and Furniture,349.0,999.0,4.7,65.06506506506507,49.0,Other,330
Home and Furniture,363.0,799.0,4.3,54.56821026282853,63.0,Other,167
Home and Furniture,499.0,1299.0,4.1,61.585835257890686,99.0,Charm,291
Home and Furniture,229.0,598.0,4.1,61.7056856187291,29.0,Other,479
Home and Furniture,199.0,599.0,4.7,66.7779632721202,99.0,Charm,86
Home and Furniture,199.0,1299.0,3.7,84.68052347959969,99.0,Charm,328
Home and Furniture,8760.0,15350.0,4.3,42.93159609120521,60.0,Other,95
Home and Furniture,499.0,999.0,4.1,50.050050050050054,99.0,Charm,194
Home and Furniture,1299.0,7500.0,4.3,82.67999999999999,99.0,Charm,402
Home and Furniture,1299.0,7500.0,4.3,82.67999999999999,99.0,Charm,483
Home and Furniture,2443.0,5999.0,4.1,59.27654609101517,43.0,Other,386
Home and Furniture,1299.0,1895.0,4.3,31.45118733509235,99.0,Charm,222
Home and Furniture,1099.0,3389.0,4.3,67.5715550309826,99.0,Charm,169
Home and Furniture,1639.0,2999.0,4.3,45.348449483161055,39.0,Other,188
Home and Furniture,293.0,999.0,4.3,70.67067067067066,93.0,Other,152
Home and Furniture,2564.0,3649.0,4.4,29.734173746231846,64.0,Other,350
Home and Furniture,829.0,1529.0,3.7,45.781556572923485,29.0,Other,132
Home and Furniture,1620.0,2999.0,4.3,45.98199399799933,20.0,Other,124
Home and Furniture,650.0,2599.0,3.9,74.99038091573682,50.0,Other,100
Home and Furniture,299.0,1349.0,4.4,77.83543365455893,99.0,Charm,115
Home and Furniture,799.0,1699.0,3.5,52.97233666862861,99.0,Charm,496
Home and Furniture,599.0,1499.0,4.0,60.04002668445631,99.0,Charm,87
Home and Furniture,799.0,1499.0,4.1,46.6977985323549,99.0,Charm,196
Home and Furniture,1799.0,3999.0,4.2,55.01375343835959,99.0,Charm,160
Home and Furniture,599.0,1100.0,4.0,45.54545454545455,99.0,Charm,360
Home and Furniture,4139.0,5499.0,4.2,24.731769412620476,39.0,Other,411
Home and Furniture,939.0,2999.0,4.3,68.68956318772923,39.0,Other,463
Home and Furniture,1399.0,1525.0,4.3,8.262295081967213,99.0,Charm,143
Home and Furniture,1299.0,2099.0,4.3,38.11338732729872,99.0,Charm,444
Home and Furniture,1619.0,3999.0,4.2,59.51487871967992,19.0,Other,331
Home and Furniture,2899.0,5999.0,4.2,51.675279213202195,99.0,Charm,244
Home and Furniture,270.0,599.0,4.1,54.92487479131887,70.0,Other,173
Home and Furniture,1199.0,1599.0,4.1,25.01563477173233,99.0,Charm,457
Home and Furniture,2575.0,5499.0,4.2,53.17330423713402,75.0,Other,71
Home and Furniture,2912.0,8049.0,4.2,63.8215927444403,12.0,Other,305
Home and Furniture,669.0,1499.0,4.0,55.37024683122082,69.0,Other,148
Home and Furniture,275.0,1299.0,4.0,78.82986913010008,75.0,Other,340
Home and Furniture,2759.0,5499.0,4.2,49.82724131660302,59.0,Other,406
Home and Furniture,599.0,999.0,4.0,40.04004004004004,99.0,Charm,160
Home and Furniture,827.0,2499.0,3.6,66.90676270508203,27.0,Other,318
Home and Furniture,899.0,1999.0,3.6,55.02751375687844,99.0,Charm,476
Home and Furniture,1699.0,3499.0,3.9,51.44326950557302,99.0,Charm,281
Home and Furniture,299.0,1097.0,3.8,72.74384685505926,99.0,Charm,215
Home and Furniture,1399.0,1895.0,4.3,26.17414248021108,99.0,Charm,272
Home and Furniture,299.0,599.0,4.1,50.08347245409015,99.0,Charm,294
Home and Furniture,499.0,1299.0,3.5,61.585835257890686,99.0,Charm,133
Home and Furniture,2501.0,6999.0,4.4,64.26632376053722,1.0,Other,382
Home and Furniture,369.0,599.0,4.3,38.397328881469114,69.0,Other,458
Home and Furniture,299.0,750.0,4.6,60.13333333333334,99.0,Charm,421
Home and Furniture,149.0,299.0,4.2,50.16722408026756,49.0,Other,454
Home and Furniture,184.0,299.0,4.1,38.46153846153847,84.0,Other,237
Home and Furniture,225.0,749.0,3.9,69.95994659546061,25.0,Other,423
Home and Furniture,161.0,299.0,4.3,46.15384615384615,61.0,Other,120
Home and Furniture,515.0,1499.0,4.3,65.64376250833888,15.0,Other,421
Home and Furniture,299.0,750.0,4.3,60.13333333333334,99.0,Charm,168
Home and Furniture,210.0,499.0,4.3,57.91583166332666,10.0,Other,312
Home and Furniture,278.0,499.0,4.4,44.28857715430862,78.0,Other,224
Home and Furniture,3689.0,9500.0,4.2,61.16842105263159,89.0,Other,288
Home and Furniture,409.0,1499.0,4.2,72.71514342895263,9.0,Other,370
Home and Furniture,199.0,450.0,4.1,55.77777777777778,99.0,Charm,74
Home and Furniture,1242.0,1999.0,3.9,37.868934467233615,42.0,Other,100
Home and Furniture,369.0,599.0,4.3,38.397328881469114,69.0,Other,62
Home and Furniture,171.0,550.0,4.4,68.9090909090909,71.0,Other,236
Home and Furniture,169.0,1099.0,4.1,84.6223839854413,69.0,Other,292
Home and Furniture,439.0,550.0,4.1,20.18181818181818,39.0,Other,327
Home and Furniture,359.0,599.0,3.5,40.06677796327212,59.0,Other,182
Home and Furniture,197.0,299.0,3.7,34.11371237458194,97.0,Other,65
Home and Furniture,178.0,299.0,4.2,40.468227424749166,78.0,Other,469
Home and Furniture,1259.0,2199.0,4.1,42.74670304683947,59.0,Other,366
Home and Furniture,8499.0,9000.0,4.0,5.566666666666667,99.0,Charm,163
Home and Furniture,399.0,1150.0,4.2,65.30434782608697,99.0,Charm,482
Home and Furniture,375.0,1150.0,4.3,67.3913043478261,75.0,Other,315
Home and Furniture,119.0,399.0,4.3,70.17543859649122,19.0,Other,483
Home and Furniture,323.0,599.0,3.8,46.07679465776294,23.0,Other,215
Home and Furniture,224.0,699.0,4.3,67.95422031473534,24.0,Other,223
Home and Furniture,387.0,599.0,4.7,35.39232053422371,87.0,Other,204
Home and Furniture,474.0,1150.0,4.4,58.78260869565217,74.0,Other,465
Home and Furniture,359.0,599.0,3.8,40.06677796327212,59.0,Other,265
Home and Furniture,199.0,999.0,4.1,80.08008008008008,99.0,Charm,146
Home and Furniture,699.0,999.0,4.2,30.03003003003003,99.0,Charm,88
Home and Furniture,284.0,503.0,4.5,43.538767395626245,84.0,Other,308
Home and Furniture,1800.0,2999.0,3.9,39.97999333111037,0.0,Round,76
Home and Furniture,379.0,672.0,4.6,43.601190476190474,79.0,Other,58
Home and Furniture,489.0,732.0,4.7,33.19672131147541,89.0,Other,253
Home and Furniture,179.0,550.0,4.6,67.45454545454545,79.0,Other,84
Home and Furniture,488.0,995.0,4.8,50.95477386934674,88.0,Other,381
Home and Furniture,399.0,999.0,4.8,60.06006006006006,99.0,Charm,256
Home and Furniture,299.0,998.0,3.8,70.04008016032064,99.0,Charm,391
Home and Furniture,763.0,1025.0,4.1,25.5609756097561,63.0,Other,110
Home and Furniture,249.0,1999.0,3.8,87.54377188594297,49.0,Other,292
Home and Furniture,964.0,1205.0,4.2,20.0,64.0,Other,376
Home and Furniture,399.0,699.0,3.9,42.91845493562232,99.0,Charm,54
Home and Furniture,249.0,1299.0,4.1,80.83140877598153,49.0,Other,159
Home and Furniture,299.0,599.0,4.8,50.08347245409015,99.0,Charm,288
Home and Furniture,385.0,587.0,3.9,34.41226575809199,85.0,Other,368
Home and Furniture,351.0,561.0,4.2,37.4331550802139,51.0,Other,489
Home and Furniture,699.0,1235.0,4.1,43.40080971659919,99.0,Charm,261
Home and Furniture,245.0,799.0,4.6,69.33667083854819,45.0,Other,320
Home and Furniture,879.0,1199.0,4.4,26.688907422852377,79.0,Other,50
Home and Furniture,279.0,420.0,4.1,33.57142857142857,79.0,Other,306
Home and Furniture,1160.0,1450.0,4.3,20.0,60.0,Other,59
Home and Furniture,499.0,1199.0,2.5,58.381984987489574,99.0,Charm,181
Home and Furniture,369.0,549.0,4.0,32.78688524590164,69.0,Other,264
Home and Furniture,449.0,2069.0,4.3,78.29869502174964,49.0,Other,51
Home and Furniture,338.0,524.0,3.8,35.49618320610687,38.0,Other,235
Home and Furniture,449.0,1965.0,3.8,77.1501272264631,49.0,Other,104
Home and Furniture,387.0,799.0,4.4,51.56445556946183,87.0,Other,289
Home and Furniture,398.0,549.0,4.0,27.504553734061933,98.0,Other,90
Home and Furniture,380.0,567.0,3.9,32.98059964726631,80.0,Other,152
Home and Furniture,449.0,1499.0,3.8,70.04669779853235,49.0,Other,215
Home and Furniture,140.0,215.0,4.4,34.883720930232556,40.0,Other,330
Home and Furniture,199.0,275.0,4.2,27.636363636363637,99.0,Charm,211
Home and Furniture,399.0,799.0,3.5,50.06257822277848,99.0,Charm,202
Home and Furniture,489.0,899.0,4.6,45.60622914349277,89.0,Other,65
Home and Furniture,864.0,1080.0,4.3,20.0,64.0,Other,151
Home and Furniture,799.0,1025.0,4.0,22.04878048780488,99.0,Charm,148
Home and Furniture,304.0,395.0,4.2,23.037974683544306,4.0,Other,321
Home and Furniture,325.0,599.0,3.9,45.742904841402336,25.0,Other,479
Home and Furniture,499.0,800.0,4.0,37.625,99.0,Charm,133
Home and Furniture,386.0,999.0,3.9,61.36136136136137,86.0,Other,52
Home and Furniture,399.0,999.0,3.9,60.06006006006006,99.0,Charm,446
Home and Furniture,299.0,499.0,4.8,40.08016032064128,99.0,Charm,356
Home and Furniture,382.0,899.0,4.0,57.50834260289211,82.0,Other,452
Home and Furniture,299.0,1249.0,4.0,76.06084867894315,99.0,Charm,165
Home and Furniture,349.0,999.0,4.1,65.06506506506507,49.0,Other,138
Home and Furniture,1020.0,2170.0,4.2,52.995391705069125,20.0,Other,149
Home and Furniture,740.0,1185.0,4.2,37.552742616033754,40.0,Other,197
Home and Furniture,399.0,699.0,4.4,42.91845493562232,99.0,Charm,260
Home and Furniture,149.0,290.0,4.2,48.62068965517241,49.0,Other,154
Home and Furniture,356.0,445.0,4.3,20.0,56.0,Other,350
Home and Furniture,356.0,445.0,4.2,20.0,56.0,Other,205
Home and Furniture,899.0,1950.0,4.3,53.8974358974359,99.0,Charm,443
Home and Furniture,615.0,770.0,4.0,20.12987012987013,15.0,Other,337
Home and Furniture,407.0,999.0,4.7,59.25925925925925,7.0,Other,117
Home and Furniture,899.0,1950.0,4.3,53.8974358974359,99.0,Charm,190
Home and Furniture,849.0,1285.0,4.5,33.929961089494164,49.0,Other,335
Home and Furniture,420.0,455.0,4.2,7.6923076923076925,20.0,Other,332
Home and Furniture,540.0,899.0,4.2,39.93325917686318,40.0,Other,497
Home and Furniture,299.0,499.0,4.0,40.08016032064128,99.0,Charm,119
Home and Furniture,339.0,499.0,4.1,32.06412825651302,39.0,Other,434
Home and Furniture,280.0,350.0,4.2,20.0,80.0,Other,357
Home and Furniture,590.0,965.0,4.1,38.860103626943,90.0,Other,331
Home and Furniture,280.0,350.0,4.2,20.0,80.0,Other,99
Home and Furniture,499.0,662.0,4.0,24.622356495468278,99.0,Charm,436
Home and Furniture,149.0,290.0,4.2,48.62068965517241,49.0,Other,392
Home and Furniture,999.0,1699.0,3.2,41.20070629782225,99.0,Charm,197
Home and Furniture,404.0,999.0,4.0,59.55955955955956,4.0,Other,111
Home and Furniture,275.0,350.0,4.2,21.428571428571427,75.0,Other,161
Home and Furniture,339.0,499.0,4.1,32.06412825651302,39.0,Other,415
Home and Furniture,409.0,1099.0,4.1,62.78434940855323,9.0,Other,430
Home and Furniture,340.0,999.0,4.0,65.96596596596596,40.0,Other,178
Home and Furniture,750.0,1185.0,4.1,36.708860759493675,50.0,Other,344
Home and Furniture,479.0,599.0,4.0,20.03338898163606,79.0,Other,473
Home and Furniture,379.0,799.0,3.4,52.56570713391739,79.0,Other,431
Home and Furniture,335.0,499.0,4.1,32.86573146292585,35.0,Other,300
Home and Furniture,499.0,817.0,4.2,38.922888616891065,99.0,Charm,147
Home and Furniture,499.0,999.0,4.6,50.050050050050054,99.0,Charm,90
Home and Furniture,409.0,1099.0,4.1,62.78434940855323,9.0,Other,180
Home and Furniture,240.0,385.0,3.9,37.66233766233766,40.0,Other,278
Home and Furniture,188.0,235.0,4.3,20.0,88.0,Other,110
Home and Furniture,409.0,675.0,4.4,39.407407407407405,9.0,Other,497
Home and Furniture,289.0,549.0,3.9,47.35883424408014,89.0,Other,454
Home and Furniture,292.0,515.0,3.9,43.30097087378641,92.0,Other,491
Home and Furniture,899.0,1800.0,4.3,50.05555555555555,99.0,Charm,249
Home and Furniture,528.0,660.0,3.9,20.0,28.0,Other,123
Home and Furniture,399.0,999.0,4.4,60.06006006006006,99.0,Charm,452
Home and Furniture,331.0,593.0,2.8,44.18212478920742,31.0,Other,470
Home and Furniture,999.0,2150.0,3.0,53.53488372093024,99.0,Charm,340
Home and Furniture,964.0,1205.0,4.3,20.0,64.0,Other,249
Home and Furniture,799.0,1210.0,3.6,33.96694214876033,99.0,Charm,435
Home and Furniture,599.0,1095.0,3.9,45.29680365296804,99.0,Charm,442
Home and Furniture,899.0,1319.0,4.4,31.842304776345713,99.0,Charm,75
Home and Furniture,648.0,810.0,4.3,20.0,48.0,Other,174
Home and Furniture,1440.0,1885.0,4.6,23.607427055702917,40.0,Other,337
Home and Furniture,449.0,1560.0,3.9,71.21794871794872,49.0,Other,119
Home and Furniture,679.0,1300.0,4.3,47.76923076923077,79.0,Other,114
Home and Furniture,868.0,1085.0,4.3,20.0,68.0,Other,229
Home and Furniture,999.0,2099.0,4.6,52.40590757503573,99.0,Charm,461
Home and Furniture,749.0,1195.0,4.3,37.32217573221757,49.0,Other,164
Home and Furniture,278.0,799.0,3.7,65.20650813516896,78.0,Other,172
Home and Furniture,1349.0,2919.0,4.3,53.78554299417608,49.0,Other,396
Home and Furniture,809.0,1075.0,4.5,24.74418604651163,9.0,Other,239
Home and Furniture,649.0,1099.0,4.2,40.94631483166515,49.0,Other,172
Home and Furniture,648.0,810.0,4.3,20.0,48.0,Other,466
Home and Furniture,559.0,995.0,3.9,43.81909547738693,59.0,Other,337
Home and Furniture,399.0,699.0,3.2,42.91845493562232,99.0,Charm,203
Home and Furniture,1125.0,1450.0,4.4,22.413793103448278,25.0,Other,237
Home and Furniture,932.0,1165.0,4.3,20.0,32.0,Other,435
Home and Furniture,872.0,1195.0,4.2,27.029288702928874,72.0,Other,260
Home and Furniture,719.0,855.0,4.5,15.906432748538013,19.0,Other,240
Home and Furniture,679.0,1090.0,4.3,37.706422018348626,79.0,Other,213
Home and Furniture,349.0,528.0,3.9,33.90151515151515,49.0,Other,311
Home and Furniture,729.0,1180.0,4.3,38.22033898305085,29.0,Other,59
Home and Furniture,599.0,685.0,3.0,12.554744525547445,99.0,Charm,278
Home and Furniture,932.0,1165.0,4.3,20.0,32.0,Other,258
Home and Furniture,932.0,1165.0,4.3,20.0,32.0,Other,410
Home and Furniture,386.0,587.0,3.9,34.241908006814306,86.0,Other,56
Home and Furniture,379.0,535.0,3.9,29.1588785046729,79.0,Other,434
Home and Furniture,901.0,1259.0,4.3,28.435266084193806,1.0,Other,201
Home and Furniture,496.0,999.0,3.9,50.35035035035035,96.0,Other,172
Home and Furniture,1792.0,2240.0,4.2,20.0,92.0,Other,217
Home and Furniture,510.0,595.0,3.0,14.285714285714285,10.0,Other,107
Home and Furniture,699.0,1195.0,4.1,41.50627615062761,99.0,Charm,333
Home and Furniture,769.0,1199.0,4.2,35.86321934945788,69.0,Other,298
Home and Furniture,1709.0,2200.0,4.4,22.318181818181817,9.0,Other,98
Home and Furniture,779.0,920.0,4.3,15.32608695652174,79.0,Other,425
Home and Furniture,1538.0,2199.0,,30.05911778080946,38.0,Other,182
Home and Furniture,1299.0,2999.0,4.0,56.68556185395131,99.0,Charm,163
Home and Furniture,249.0,429.0,3.9,41.95804195804196,49.0,Other,99
Home and Furniture,999.0,2999.0,4.1,66.68889629876625,99.0,Charm,74
Home and Furniture,599.0,1299.0,4.0,53.88760585065435,99.0,Charm,465
Home and Furniture,599.0,1299.0,4.0,53.88760585065435,99.0,Charm,349
Home and Furniture,599.0,1299.0,4.0,53.88760585065435,99.0,Charm,272
Home and Furniture,499.0,999.0,3.9,50.050050050050054,99.0,Charm,105
Home and Furniture,599.0,1299.0,4.0,53.88760585065435,99.0,Charm,179
Home and Furniture,649.0,1399.0,4.1,53.609721229449605,49.0,Other,422
Home and Furniture,379.0,475.0,4.2,20.210526315789473,79.0,Other,284
Home and Furniture,1299.0,2999.0,4.0,56.68556185395131,99.0,Charm,450
Home and Furniture,699.0,1399.0,4.1,50.03573981415297,99.0,Charm,57
Home and Furniture,342.0,1279.0,4.0,73.26035965598123,42.0,Other,387
Home and Furniture,329.0,699.0,4.1,52.93276108726752,29.0,Other,343
Home and Furniture,885.0,1288.0,3.7,31.288819875776397,85.0,Other,417
Home and Furniture,319.0,475.0,4.2,32.8421052631579,19.0,Other,176
Home and Furniture,379.0,699.0,4.2,45.779685264663804,79.0,Other,368
Home and Furniture,,,,,,Other,419
Home and Furniture,710.0,999.0,3.7,28.928928928928926,10.0,Other,333
Home and Furniture,290.0,370.0,3.9,21.62162162162162,90.0,Other,266
Home and Furniture,489.0,1599.0,4.0,69.41838649155723,89.0,Other,468
Home and Furniture,792.0,1105.0,4.0,28.32579185520362,92.0,Other,102
Home and Furniture,1799.0,1999.0,4.2,10.005002501250624,99.0,Charm,167
Home and Furniture,529.0,1399.0,4.0,62.18727662616155,29.0,Other,284
Home and Furniture,1130.0,1545.0,4.4,26.860841423948216,30.0,Other,414
Home and Furniture,265.0,699.0,3.7,62.08869814020028,65.0,Other,389
Home and Furniture,799.0,2499.0,3.9,68.02721088435374,99.0,Charm,255
Home and Furniture,699.0,1399.0,4.3,50.03573981415297,99.0,Charm,57
Home and Furniture,549.0,1599.0,4.0,65.66604127579737,49.0,Other,308
Home and Furniture,290.0,370.0,3.9,21.62162162162162,90.0,Other,287
Home and Furniture,1249.0,2999.0,3.5,58.352784261420474,49.0,Other,469
Home and Furniture,792.0,945.0,3.8,16.19047619047619,92.0,Other,122
Home and Furniture,579.0,725.0,4.3,20.137931034482758,79.0,Other,155
Home and Furniture,529.0,769.0,4.2,31.209362808842656,29.0,Other,486
Home and Furniture,699.0,774.0,4.3,9.689922480620156,99.0,Charm,63
Home and Furniture,699.0,1399.0,4.1,50.03573981415297,99.0,Charm,307
Home and Furniture,1299.0,1820.0,4.3,28.626373626373624,99.0,Charm,467
Home and Furniture,599.0,769.0,4.2,22.106631989596877,99.0,Charm,87
Home and Furniture,1499.0,1799.0,4.2,16.67593107281823,99.0,Charm,218
Home and Furniture,719.0,2499.0,4.8,71.22849139655862,19.0,Other,94
Home and Furniture,719.0,2499.0,4.5,71.22849139655862,19.0,Other,282
Home and Furniture,399.0,1699.0,4.5,76.51559741024133,99.0,Charm,321
Home and Furniture,299.0,1485.0,4.2,79.86531986531986,99.0,Charm,123
Home and Furniture,230.0,708.0,4.2,67.51412429378531,30.0,Other,152
Home and Furniture,299.0,1249.0,4.2,76.06084867894315,99.0,Charm,180
Home and Furniture,299.0,1369.0,4.1,78.15924032140248,99.0,Charm,70
Home and Furniture,719.0,2499.0,4.5,71.22849139655862,19.0,Other,138
Home and Furniture,379.0,999.0,4.3,62.06206206206206,79.0,Other,434
Home and Furniture,299.0,999.0,4.0,70.07007007007007,99.0,Charm,61
Home and Furniture,299.0,747.0,4.1,59.97322623828648,99.0,Charm,174
Home and Furniture,499.0,999.0,4.2,50.050050050050054,99.0,Charm,185
Home and Furniture,699.0,2799.0,4.5,75.02679528403002,99.0,Charm,142
Home and Furniture,476.0,1299.0,4.3,63.35642802155505,76.0,Other,161
Home and Furniture,387.0,899.0,4.2,56.95216907675194,87.0,Other,250
Home and Furniture,299.0,999.0,4.2,70.07007007007007,99.0,Charm,499
Home and Furniture,180.0,695.0,4.3,74.10071942446042,80.0,Other,453
Home and Furniture,158.0,649.0,4.2,75.65485362095532,58.0,Other,199
Home and Furniture,379.0,719.0,4.1,47.28789986091794,79.0,Other,417
Home and Furniture,385.0,800.0,4.4,51.87500000000001,85.0,Other,472
Home and Furniture,380.0,1399.0,4.5,72.83774124374554,80.0,Other,152
Home and Furniture,579.0,1199.0,4.4,51.70975813177648,79.0,Other,123
Home and Furniture,799.0,1849.0,4.5,56.78745267712277,99.0,Charm,204
Home and Furniture,5910.0,12988.0,4.2,54.49645826917154,10.0,Other,308
Home and Furniture,189.0,499.0,3.8,62.124248496993985,89.0,Other,329
Home and Furniture,649.0,1314.0,4.5,50.60882800608828,49.0,Other,483
Home and Furniture,280.0,599.0,4.2,53.255425709515855,80.0,Other,301
Home and Furniture,1099.0,2199.0,4.5,50.022737608003645,99.0,Charm,305
Home and Furniture,449.0,1314.0,4.5,65.82952815829528,49.0,Other,410
Home and Furniture,149.0,650.0,4.3,77.07692307692308,49.0,Other,73
Home and Furniture,497.0,1499.0,4.5,66.84456304202801,97.0,Other,93
Home and Furniture,1061.0,1599.0,4.4,33.646028767979985,61.0,Other,80
Home and Furniture,379.0,729.0,4.2,48.010973936899866,79.0,Other,450
Home and Furniture,199.0,799.0,3.6,75.09386733416771,99.0,Charm,76
Home and Furniture,499.0,1199.0,4.4,58.381984987489574,99.0,Charm,179
Home and Furniture,499.0,999.0,4.8,50.050050050050054,99.0,Charm,197
Home and Furniture,399.0,1499.0,4.2,73.3822548365577,99.0,Charm,231
Home and Furniture,699.0,1999.0,4.5,65.03251625812906,99.0,Charm,100
Home and Furniture,499.0,865.0,4.4,42.3121387283237,99.0,Charm,209
Home and Furniture,329.0,499.0,4.0,34.06813627254509,29.0,Other,444
Home and Furniture,1260.0,2499.0,3.9,49.57983193277311,60.0,Other,301
Home and Furniture,909.0,1699.0,3.9,46.49793996468511,9.0,Other,437
Home and Furniture,619.0,1499.0,4.0,58.70580386924617,19.0,Other,276
Home and Furniture,169.0,464.0,3.9,63.577586206896555,69.0,Other,161
Home and Furniture,169.0,642.0,3.8,73.67601246105919,69.0,Other,244
Home and Furniture,969.0,1999.0,4.3,51.52576288144072,69.0,Other,427
Home and Furniture,169.0,499.0,3.9,66.13226452905812,69.0,Other,168
Home and Furniture,349.0,699.0,4.4,50.07153075822603,49.0,Other,434
Home and Furniture,176.0,219.0,4.0,19.63470319634703,76.0,Other,379
Home and Furniture,169.0,499.0,4.2,66.13226452905812,69.0,Other,54
Home and Furniture,1299.0,2999.0,4.3,56.68556185395131,99.0,Charm,334
Home and Furniture,306.0,600.0,4.1,49.0,6.0,Other,354
Home and Furniture,169.0,449.0,3.7,62.360801781737194,69.0,Other,373
Home and Furniture,799.0,2999.0,4.0,73.35778592864288,99.0,Charm,415
Home and Furniture,169.0,299.0,3.9,43.47826086956522,69.0,Other,68
Home and Furniture,179.0,399.0,4.3,55.13784461152882,79.0,Other,59
Home and Furniture,151.0,432.0,3.6,65.04629629629629,51.0,Other,333
Home and Furniture,230.0,720.0,3.9,68.05555555555556,30.0,Other,239
Home and Furniture,169.0,299.0,4.1,43.47826086956522,69.0,Other,171
Home and Furniture,999.0,1199.0,4.4,16.680567139282733,99.0,Charm,341
Home and Furniture,681.0,1299.0,3.9,47.57505773672055,81.0,Other,306
Home and Furniture,169.0,299.0,4.1,43.47826086956522,69.0,Other,111
Home and Furniture,1299.0,2999.0,4.3,56.68556185395131,99.0,Charm,131
Home and Furniture,507.0,1000.0,3.8,49.3,7.0,Other,123
Home and Furniture,116.0,299.0,3.9,61.20401337792642,16.0,Other,363
Home and Furniture,169.0,499.0,4.5,66.13226452905812,69.0,Other,53
Home and Furniture,169.0,499.0,4.4,66.13226452905812,69.0,Other,241
Home and Furniture,299.0,999.0,3.8,70.07007007007007,99.0,Charm,492
Home and Furniture,263.0,345.0,4.3,23.768115942028984,63.0,Other,247
Home and Furniture,140.0,160.0,4.2,12.5,40.0,Other,123
Home and Furniture,169.0,499.0,4.0,66.13226452905812,69.0,Other,304
Home and Furniture,249.0,499.0,3.9,50.1002004008016,49.0,Other,55
Home and Furniture,199.0,215.0,4.4,7.441860465116279,99.0,Charm,226
Home and Furniture,169.0,299.0,4.0,43.47826086956522,69.0,Other,322
Home and Furniture,299.0,699.0,3.7,57.224606580829764,99.0,Charm,478
Home and Furniture,759.0,1999.0,4.0,62.03101550775387,59.0,Other,281
Home and Furniture,269.0,600.0,4.0,55.166666666666664,69.0,Other,470
Home and Furniture,249.0,499.0,4.3,50.1002004008016,49.0,Other,435
Home and Furniture,199.0,330.0,4.1,39.696969696969695,99.0,Charm,315
Home and Furniture,789.0,1999.0,4.4,60.530265132566285,89.0,Other,302
Home and Furniture,17160.0,22000.0,4.3,22.0,60.0,Other,415
Home and Furniture,21175.0,27500.0,4.3,23.0,75.0,Other,342
Home and Furniture,15290.0,22999.0,3.8,33.51884864559329,90.0,Other,413
Home and Furniture,9890.0,13999.0,4.0,29.352096578327025,90.0,Other,266
Home and Furniture,13590.0,15299.0,4.0,11.17066474933002,90.0,Other,103
Home and Furniture,6990.0,9399.0,4.1,25.630386211299072,90.0,Other,233
Home and Furniture,6159.0,11000.0,3.8,44.00909090909091,59.0,Other,86
Home and Furniture,22991.0,30251.0,4.3,23.999206637797098,91.0,Other,462
Home and Furniture,13490.0,27999.0,4.0,51.81970784670881,90.0,Other,474
Home and Furniture,13536.0,31000.0,3.9,56.33548387096774,36.0,Other,433
Home and Furniture,14590.0,22999.0,4.0,36.56245923735815,90.0,Other,219
Home and Furniture,29499.0,58598.0,4.3,49.65869142291546,99.0,Charm,192
Home and Furniture,13086.0,30000.0,3.7,56.379999999999995,86.0,Other,491
Home and Furniture,6790.0,9999.0,4.1,32.09320932093209,90.0,Other,214
Home and Furniture,12990.0,34990.0,4.1,62.87510717347814,90.0,Other,268
Home and Furniture,21175.0,27500.0,4.3,23.0,75.0,Other,277
Home and Furniture,14499.0,36358.0,4.3,60.12156884317069,99.0,Charm,492
Home and Furniture,16490.0,16660.0,3.8,1.0204081632653061,90.0,Other,398
Home and Furniture,13999.0,21210.0,3.8,33.998114097124,99.0,Charm,247
Home and Furniture,22999.0,49999.0,3.3,54.00108002160044,99.0,Charm,435
Home and Furniture,7291.0,18000.0,4.0,59.49444444444445,91.0,Other,211
Home and Furniture,5790.0,8099.0,4.1,28.509692554636374,90.0,Other,149
Home and Furniture,9943.0,24899.0,3.7,60.06666934415037,43.0,Other,196
Home and Furniture,10709.0,21999.0,4.5,51.32051456884403,9.0,Other,115
Home and Furniture,14490.0,23899.0,3.8,39.369848110799616,90.0,Other,84
Home and Furniture,15390.0,20999.0,4.0,26.710795752178672,90.0,Other,50
Home and Furniture,3799.0,9999.0,4.3,62.006200620062,99.0,Charm,109
Home and Furniture,7499.0,10000.0,3.9,25.009999999999998,99.0,Charm,491
Home and Furniture,9090.0,10999.0,4.1,17.356123283934906,90.0,Other,364
Home and Furniture,14395.0,32000.0,3.9,55.015625,95.0,Other,102
Home and Furniture,6599.0,8600.0,4.3,23.267441860465116,99.0,Charm,63
Home and Furniture,14999.0,66999.0,4.1,77.61309870296571,99.0,Charm,183
Home and Furniture,14999.0,34999.0,3.8,57.14448984256693,99.0,Charm,424
Home and Furniture,34999.0,35000.0,3.9,0.002857142857142857,99.0,Charm,99
Home and Furniture,13790.0,15299.0,4.0,9.863389764036864,90.0,Other,421
Home and Furniture,7599.0,10000.0,4.3,24.01,99.0,Charm,437
Home and Furniture,14890.0,19999.0,4.0,25.546277313865694,90.0,Other,260
Home and Furniture,9990.0,16199.0,4.0,38.329526513982344,90.0,Other,110
Home and Furniture,8454.0,18000.0,4.0,53.03333333333333,54.0,Other,151
Home and Furniture,6199.0,7800.0,4.3,20.525641025641026,99.0,Charm,200
Home and Furniture,6967.0,8708.0,2.7,19.99310978410657,67.0,Other,472
Home and Furniture,15920.0,19899.0,2.7,19.995979697472237,20.0,Other,445
Home and Furniture,1420.0,4999.0,3.6,71.59431886377276,20.0,Other,153
Home and Furniture,10191.0,16526.0,4.2,38.333535035701324,91.0,Other,428
Home and Furniture,13998.0,17999.0,4.3,22.22901272292905,98.0,Other,457
Home and Furniture,764.0,1569.0,3.7,51.306564690885914,64.0,Other,490
Home and Furniture,8498.0,10999.0,4.4,22.73843076643331,98.0,Other,421
Home and Furniture,6437.0,8046.0,2.7,19.997514292816305,37.0,Other,450
Home and Furniture,8616.0,20399.0,4.2,57.76263542330506,16.0,Other,441
Home and Furniture,8998.0,11499.0,4.4,21.74971736672754,98.0,Other,232
Home and Furniture,8035.0,11805.0,4.2,31.935620499788225,35.0,Other,125
Home and Furniture,12734.0,15917.0,2.7,19.997486963623796,34.0,Other,418
Home and Furniture,854.0,1499.0,3.6,43.028685790527014,54.0,Other,404
Home and Furniture,764.0,1299.0,3.7,41.18552732871439,64.0,Other,364
Home and Furniture,854.0,1499.0,3.6,43.028685790527014,54.0,Other,237
Home and Furniture,12431.0,15538.0,2.7,19.99613849916334,31.0,Other,69
Home and Furniture,949.0,1299.0,4.3,26.943802925327176,49.0,Other,362
Home and Furniture,15798.0,20499.0,4.3,22.93282599151178,98.0,Other,246
Home and Furniture,4838.0,7224.0,4.0,33.02879291251384,38.0,Other,422
Home and Furniture,7959.0,9948.0,3.9,19.993968636911944,59.0,Other,97
Home and Furniture,13599.0,15999.0,4.4,15.000937558597412,99.0,Charm,455
Home and Furniture,6830.0,14374.0,4.0,52.48365103659385,30.0,Other,190
Home and Furniture,1180.0,2500.0,4.0,52.800000000000004,80.0,Other,114
Home and Furniture,13499.0,29102.0,4.2,53.61487183011477,99.0,Charm,403
Home and Furniture,12445.0,21387.0,4.2,41.81044559779305,45.0,Other,67
Home and Furniture,7762.0,23847.0,3.9,67.45083238981843,62.0,Other,176
Home and Furniture,8903.0,12856.0,4.0,30.7482887367766,3.0,Other,471
Home and Furniture,35695.0,64900.0,4.2,45.0,95.0,Other,222
Home and Furniture,7109.0,8999.0,4.4,21.002333592621405,9.0,Other,371
Home and Furniture,5821.0,12699.0,4.2,54.16174501929286,21.0,Other,231
Home and Furniture,975.0,2550.0,3.9,61.76470588235294,75.0,Other,197
Home and Furniture,16247.0,20308.0,2.7,19.997045499310616,47.0,Other,492
Home and Furniture,10298.0,12999.0,4.4,20.77852142472498,98.0,Other,422
Home and Furniture,9899.0,17289.0,4.3,42.74394123431083,99.0,Charm,146
Home and Furniture,8708.0,12070.0,4.0,27.854183927091963,8.0,Other,244
Home and Furniture,13904.0,17380.0,2.7,20.0,4.0,Other,384
Home and Furniture,4833.0,7199.0,4.2,32.86567578830393,33.0,Other,401
Home and Furniture,1563.0,1699.0,4.2,8.004708652148322,63.0,Other,141
Home and Furniture,7998.0,9999.0,4.4,20.01200120012001,98.0,Other,52
Home and Furniture,7937.0,11332.0,4.2,29.959406989057534,37.0,Other,467
Home and Furniture,2299.0,4999.0,5.0,54.01080216043208,99.0,Charm,468
Home and Furniture,1199.0,3999.0,5.0,70.01750437609402,99.0,Charm,56
Home and Furniture,1095.0,2999.0,4.3,63.48782927642548,95.0,Other,212
Home and Furniture,1097.0,5480.0,3.6,79.98175182481752,97.0,Other,473
Home and Furniture,659.0,2499.0,3.5,73.62945178071229,59.0,Other,431
Home and Furniture,1095.0,2999.0,4.3,63.48782927642548,95.0,Other,360
Home and Furniture,684.0,1999.0,3.5,65.78289144572285,84.0,Other,196
Home and Furniture,22409.0,37699.0,4.6,40.55810498952227,9.0,Other,333
Home and Furniture,495.0,999.0,3.6,50.45045045045045,95.0,Other,346
Home and Furniture,585.0,3824.0,3.5,84.70188284518828,85.0,Other,397
Home and Furniture,999.0,3999.0,3.5,75.01875468867217,99.0,Charm,92
Home and Furniture,11699.0,17799.0,4.5,34.27158829147705,99.0,Charm,52
Home and Furniture,675.0,2999.0,3.6,77.49249749916639,75.0,Other,115
Home and Furniture,599.0,2500.0,5.0,76.03999999999999,99.0,Charm,450
Home and Furniture,1119.0,3999.0,3.3,72.01800450112528,19.0,Other,270
Home and Furniture,1189.0,1999.0,3.9,40.52026013006503,89.0,Other,220
Home and Furniture,1574.0,4999.0,4.0,68.51370274054811,74.0,Other,134
Home and Furniture,1274.0,2199.0,3.6,42.064574806730334,74.0,Other,437
Home and Furniture,654.0,2499.0,3.5,73.8295318127251,54.0,Other,373
Home and Furniture,2469.0,5550.0,3.6,55.513513513513516,69.0,Other,329
Home and Furniture,699.0,1499.0,3.6,53.36891260840561,99.0,Charm,209
Home and Furniture,649.0,1690.0,3.5,61.59763313609468,49.0,Other,166
Home and Furniture,940.0,3785.0,4.0,75.16512549537649,40.0,Other,222
Home and Furniture,1119.0,2999.0,3.4,62.68756252084028,19.0,Other,119
Home and Furniture,539.0,1799.0,3.5,70.03891050583657,39.0,Other,209
Home and Furniture,999.0,2499.0,3.7,60.024009603841534,99.0,Charm,499
Home and Furniture,598.0,1999.0,3.6,70.08504252126063,98.0,Other,452
Home and Furniture,1299.0,3999.0,3.6,67.51687921980495,99.0,Charm,479
Home and Furniture,923.0,1999.0,3.5,53.82691345672836,23.0,Other,315
Home and Furniture,1078.0,1199.0,3.5,10.091743119266056,78.0,Other,493
Home and Furniture,2469.0,5899.0,3.7,58.14544838108154,69.0,Other,213
Home and Furniture,1205.0,5828.0,3.5,79.32395332875772,5.0,Other,299
Home and Furniture,655.0,1799.0,3.5,63.590883824346854,55.0,Other,433
Home and Furniture,439.0,999.0,3.9,56.05605605605606,39.0,Other,266
Home and Furniture,502.0,1999.0,3.5,74.88744372186093,2.0,Other,246
Home and Furniture,3514.0,7599.0,3.5,53.75707329911831,14.0,Other,189
Home and Furniture,1219.0,3999.0,3.4,69.5173793448362,19.0,Other,482
Home and Furniture,487.0,1299.0,3.5,62.509622786759046,87.0,Other,307
Home and Furniture,599.0,1199.0,3.7,50.0417014178482,99.0,Charm,377
Home and Furniture,611.0,1999.0,3.5,69.43471735867934,11.0,Other,181
Home and Furniture,24822.0,31890.0,4.1,22.163687676387582,22.0,Other,71
Home and Furniture,13200.0,24000.0,4.7,45.0,0.0,Round,73
Home and Furniture,1519.0,2150.0,3.4,29.348837209302324,19.0,Other,165
Home and Furniture,7999.0,19000.0,3.9,57.9,99.0,Charm,60
Home and Furniture,1234.0,1800.0,3.8,31.444444444444446,34.0,Other,100
Home and Furniture,12499.0,22725.0,4.3,44.998899889989,99.0,Charm,60
Home and Furniture,7999.0,19000.0,3.9,57.9,99.0,Charm,96
Home and Furniture,20999.0,41818.0,4.7,49.784781672963796,99.0,Charm,289
Home and Furniture,1784.0,4999.0,3.9,64.3128625725145,84.0,Other,172
Home and Furniture,1675.0,2500.0,3.6,33.0,75.0,Other,404
Home and Furniture,7999.0,19000.0,3.9,57.9,99.0,Charm,63
Home and Furniture,13200.0,24000.0,4.0,45.0,0.0,Round,121
Home and Furniture,6999.0,14999.0,4.0,53.33688912594173,99.0,Charm,353
Home and Furniture,5699.0,5999.0,4.3,5.0008334722453744,99.0,Charm,284
Home and Furniture,2999.0,3700.0,3.8,18.945945945945947,99.0,Charm,54
Home and Furniture,12732.0,19590.0,4.2,35.00765696784073,32.0,Other,163
Home and Furniture,1660.0,2700.0,3.8,38.51851851851852,60.0,Other,467
Home and Furniture,6999.0,14999.0,4.0,53.33688912594173,99.0,Charm,355
Home and Furniture,648.0,1499.0,3.5,56.77118078719147,48.0,Other,197
Home and Furniture,13200.0,24000.0,4.7,45.0,0.0,Round,59
Home and Furniture,2199.0,3199.0,4.6,31.259768677711786,99.0,Charm,142
Home and Furniture,6999.0,14999.0,4.0,53.33688912594173,99.0,Charm,400
Home and Furniture,13000.0,23630.0,4.2,44.98518831993229,0.0,Round,481
Home and Furniture,26000.0,49091.0,3.9,47.03713511641645,0.0,Round,234
Home and Furniture,6999.0,14999.0,4.0,53.33688912594173,99.0,Charm,389
Home and Furniture,18049.0,48700.0,4.0,62.93839835728953,49.0,Other,384
Home and Furniture,12499.0,22725.0,4.3,44.998899889989,99.0,Charm,347
Home and Furniture,20999.0,41818.0,4.7,49.784781672963796,99.0,Charm,72
Home and Furniture,12499.0,22725.0,4.3,44.998899889989,99.0,Charm,115
Home and Furniture,11399.0,15999.0,3.9,28.751796987311707,99.0,Charm,261
Home and Furniture,4999.0,5499.0,4.3,9.092562284051645,99.0,Charm,166
Home and Furniture,20999.0,41818.0,4.7,49.784781672963796,99.0,Charm,260
Home and Furniture,1478.0,3000.0,3.7,50.73333333333333,78.0,Other,301
Home and Furniture,8999.0,34999.0,3.9,74.28783679533701,99.0,Charm,144
Home and Furniture,21599.0,79999.0,3.6,73.0009125114064,99.0,Charm,403
Home and Furniture,20207.0,31090.0,4.5,35.004824702476675,7.0,Other,142
Home and Furniture,18074.0,79999.0,3.6,77.40721759021987,74.0,Other,145
Home and Furniture,13599.0,29999.0,4.1,54.66848894963165,99.0,Charm,171
Home and Furniture,18999.0,45999.0,3.9,58.69692819409118,99.0,Charm,210
Home and Furniture,13999.0,49999.0,3.3,72.00144002880057,99.0,Charm,455
Home and Furniture,8412.0,15295.0,4.1,45.00163452108532,12.0,Other,300
Home and Furniture,11250.0,20455.0,4.1,45.001222195062326,50.0,Other,107
Home and Furniture,7299.0,19999.0,4.2,63.50317515875794,99.0,Charm,373
Home and Furniture,6640.0,12073.0,4.4,45.00124244181231,40.0,Other,392
Home and Furniture,9822.0,20899.0,4.3,53.00253600650748,22.0,Other,282
Home and Furniture,14096.0,29999.0,4.3,53.01176705890196,96.0,Other,239
Home and Furniture,10499.0,18000.0,4.5,41.672222222222224,99.0,Charm,353
Home and Furniture,15299.0,27816.0,3.9,44.999280989358645,99.0,Charm,253
Home and Furniture,9178.0,19529.0,4.5,53.00322597163193,78.0,Other,119
Home and Furniture,6440.0,11727.0,4.3,45.08399420141554,40.0,Other,185
Home and Furniture,15161.0,32259.0,4.0,53.0022629343749,61.0,Other,384
Home and Furniture,20077.0,30890.0,4.4,35.0048559404338,77.0,Other,274
Home and Furniture,16999.0,31999.0,4.0,46.876464889527796,99.0,Charm,311
Home and Furniture,8412.0,15295.0,4.3,45.00163452108532,12.0,Other,297
Home and Furniture,9290.0,19999.0,4.3,53.5476773838692,90.0,Other,310
Home and Furniture,8412.0,15295.0,4.3,45.00163452108532,12.0,Other,203
Home and Furniture,8412.0,17899.0,4.0,53.002961059277055,12.0,Other,363
Home and Furniture,16990.0,26399.0,4.0,35.64150157202924,90.0,Other,450
Home and Furniture,4899.0,9271.0,4.3,47.1578039046489,99.0,Charm,104
Home and Furniture,12689.0,19999.0,3.5,36.55182759137957,89.0,Other,176
Home and Furniture,7299.0,18999.0,4.2,61.582188536238746,99.0,Charm,208
Home and Furniture,7299.0,18999.0,4.2,61.582188536238746,99.0,Charm,149
Home and Furniture,4252.0,11200.0,4.0,62.035714285714285,52.0,Other,297
Home and Furniture,15299.0,27816.0,3.9,44.999280989358645,99.0,Charm,85
Home and Furniture,25759.0,44919.0,3.0,42.65455597853915,59.0,Other,137
Home and Furniture,17490.0,26399.0,4.0,33.74749043524376,90.0,Other,372
Home and Furniture,7726.0,16439.0,4.0,53.00200742137599,26.0,Other,496
Home and Furniture,15299.0,27816.0,3.9,44.999280989358645,99.0,Charm,447
Home and Furniture,4375.0,9309.0,4.3,53.00247072725319,75.0,Other,375
Home and Furniture,9999.0,15000.0,4.3,33.339999999999996,99.0,Charm,228
Home and Furniture,9490.0,19999.0,4.1,52.54762738136907,90.0,Other,457
Home and Furniture,11250.0,20455.0,4.1,45.001222195062326,50.0,Other,449
Home and Furniture,4375.0,9309.0,4.3,53.00247072725319,75.0,Other,485
Home and Furniture,6499.0,12000.0,4.1,45.84166666666666,99.0,Charm,444
Home and Furniture,18890.0,26399.0,4.0,28.444259252244404,90.0,Other,139
Home and Furniture,39999.0,69999.0,3.7,42.8577551107873,99.0,Charm,443
Home and Furniture,17090.0,26399.0,4.0,35.26269934467215,90.0,Other,489
Home and Furniture,9190.0,19999.0,4.3,54.04770238511926,90.0,Other,58
Home and Furniture,14249.0,19999.0,4.3,28.751437571878597,49.0,Other,67
Home and Furniture,15299.0,27816.0,3.9,44.999280989358645,99.0,Charm,458
Home and Furniture,3815.0,8118.0,4.1,53.00566642030057,15.0,Other,466
Home and Furniture,1999.0,4999.0,3.9,60.01200240048009,99.0,Charm,434
Home and Furniture,4028.0,10999.0,4.1,63.378488953541236,28.0,Other,422
Home and Furniture,5390.0,9999.0,4.1,46.094609460946096,90.0,Other,119
Home and Furniture,2014.0,4999.0,4.2,59.71194238847769,14.0,Other,63
Home and Furniture,1709.0,3899.0,4.3,56.16824826878687,9.0,Other,281
Home and Furniture,1999.0,2999.0,4.0,33.344448149383126,99.0,Charm,83
Home and Furniture,1999.0,4999.0,3.8,60.01200240048009,99.0,Charm,162
Home and Furniture,1249.0,1999.0,4.3,37.51875937968984,49.0,Other,321
Home and Furniture,1614.0,3299.0,3.9,51.07608366171568,14.0,Other,83
Home and Furniture,14690.0,19599.0,4.2,25.04719628552477,90.0,Other,400
Home and Furniture,14955.0,28500.0,4.3,47.526315789473685,55.0,Other,228
Home and Furniture,6190.0,9999.0,4.1,38.09380938093809,90.0,Other,58
Home and Furniture,4028.0,10999.0,4.0,63.378488953541236,28.0,Other,478
Home and Furniture,2352.0,4999.0,4.0,52.9505901180236,52.0,Other,155
Home and Furniture,2399.0,4899.0,4.1,51.03082261686058,99.0,Charm,173
Home and Furniture,4790.0,6999.0,4.1,31.561651664523506,90.0,Other,426
Home and Furniture,4028.0,10999.0,3.9,63.378488953541236,28.0,Other,113
Home and Furniture,10116.0,21900.0,4.2,53.8082191780822,16.0,Other,156
Home and Furniture,13899.0,21708.0,2.9,35.97291321171918,99.0,Charm,479
Home and Furniture,1254.0,2199.0,3.6,42.97407912687585,54.0,Other,137
Home and Furniture,1614.0,3299.0,3.9,51.07608366171568,14.0,Other,452
Home and Furniture,2990.0,4499.0,4.2,33.54078684152034,90.0,Other,409
Home and Furniture,9898.0,17599.0,4.7,43.75816807773169,98.0,Other,217
Home and Furniture,5499.0,7947.0,4.2,30.804077010192525,99.0,Charm,276
Home and Furniture,2969.0,5400.0,3.9,45.01851851851852,69.0,Other,75
Home and Furniture,1166.0,2499.0,3.9,53.341336534613845,66.0,Other,187
Home and Furniture,13062.0,29999.0,2.9,56.458548618287274,62.0,Other,389
Home and Furniture,6890.0,9999.0,4.1,31.093109310931094,90.0,Other,141
Home and Furniture,2099.0,4999.0,4.2,58.01160232046409,99.0,Charm,253
Home and Furniture,1091.0,1998.0,4.3,45.3953953953954,91.0,Other,431
Home and Furniture,11999.0,21999.0,2.9,45.45661166416655,99.0,Charm,197
Home and Furniture,3990.0,8000.0,4.3,50.125,90.0,Other,90
Home and Furniture,2973.0,8999.0,4.0,66.96299588843205,73.0,Other,437
Home and Furniture,2014.0,4999.0,4.2,59.71194238847769,14.0,Other,60
Home and Furniture,13998.0,21499.0,2.9,34.889994883482956,98.0,Other,343
Home and Furniture,7790.0,10999.0,4.2,29.175379579961813,90.0,Other,460
Home and Furniture,740.0,1099.0,4.2,32.666060054595086,40.0,Other,200
Home and Furniture,1239.0,2399.0,3.8,48.35348061692372,39.0,Other,289
Home and Furniture,999.0,1899.0,4.1,47.39336492890995,99.0,Charm,132
Home and Furniture,19900.0,40100.0,3.9,50.374064837905244,0.0,Round,316
Home and Furniture,42999.0,51999.0,3.7,17.30802515432989,99.0,Charm,491
Home and Furniture,1234.0,2799.0,4.2,55.91282600928903,34.0,Other,342
Home and Furniture,1954.0,2999.0,4.1,34.844948316105366,54.0,Other,305
Home and Furniture,1899.0,3499.0,4.3,45.727350671620464,99.0,Charm,239
Home and Furniture,14690.0,15499.0,4.1,5.219691593006001,90.0,Other,390
Home and Furniture,1423.0,4099.0,4.0,65.28421566235667,23.0,Other,242
Home and Furniture,23999.0,32999.0,4.3,27.273553744052847,99.0,Charm,349
Home and Furniture,11200.0,24999.0,4.0,55.19820792831713,0.0,Round,494
Home and Furniture,19590.0,19999.0,4.1,2.045102255112756,90.0,Other,119
Home and Furniture,18121.0,35000.0,4.0,48.22571428571429,21.0,Other,401
Home and Furniture,27900.0,55300.0,4.0,49.54792043399638,0.0,Round,486
Home and Furniture,1871.0,2499.0,4.3,25.130052020808325,71.0,Other,488
Home and Furniture,1599.0,4999.0,4.4,68.01360272054411,99.0,Charm,168
Home and Furniture,20699.0,49999.0,3.9,58.601172023440476,99.0,Charm,356
Home and Furniture,16999.0,33999.0,4.0,50.00147063148916,99.0,Charm,157
Home and Furniture,22399.0,41999.0,4.3,46.66777780423344,99.0,Charm,345
Home and Furniture,1899.0,3500.0,4.1,45.74285714285714,99.0,Charm,141
Home and Furniture,16999.0,,4.4,,99.0,Charm,497
Home and Furniture,16149.0,35999.0,4.1,55.14042056723798,49.0,Other,261
Home and Furniture,2944.0,6999.0,4.3,57.93684812116017,44.0,Other,352
Home and Furniture,3006.0,6999.0,4.3,57.05100728675525,6.0,Other,337
Home and Furniture,15501.0,41999.0,4.3,63.09197838043763,1.0,Other,98
Home and Furniture,40599.0,51999.0,3.7,21.923498528817863,99.0,Charm,217
Home and Furniture,18121.0,35000.0,4.0,48.22571428571429,21.0,Other,155
Home and Furniture,12254.0,19990.0,4.2,38.69934967483742,54.0,Other,274
Home and Furniture,14939.0,30000.0,4.2,50.20333333333333,39.0,Other,287
Home and Furniture,15599.0,21999.0,4.3,29.092231465066593,99.0,Charm,292
Home and Furniture,2749.0,3499.0,4.4,21.434695627322093,49.0,Other,382
Home and Furniture,2449.0,2999.0,4.3,18.33944648216072,49.0,Other,365
Home and Furniture,5984.0,7500.0,4.2,20.213333333333335,84.0,Other,119
Home and Furniture,27450.0,50840.0,4.0,46.00708103855232,50.0,Other,251
Home and Furniture,16879.0,50000.0,4.4,66.242,79.0,Other,398
Home and Furniture,2519.0,5200.0,3.6,51.55769230769231,19.0,Other,281
Home and Furniture,13080.0,31999.0,4.6,59.12372261633176,80.0,Other,247
Home and Furniture,42999.0,51999.0,3.7,17.30802515432989,99.0,Charm,86
Home and Furniture,1599.0,4999.0,4.4,68.01360272054411,99.0,Charm,151
Home and Furniture,8299.0,18999.0,4.6,56.3187536186115,99.0,Charm,348
Home and Furniture,1599.0,4999.0,4.4,68.01360272054411,99.0,Charm,380
Home and Furniture,16620.0,27700.0,3.3,40.0,20.0,Other,348
Home and Furniture,1999.0,9999.0,3.1,80.00800080008,99.0,Charm,63
Home and Furniture,3471.0,4890.0,5.0,29.01840490797546,71.0,Other,234
Home and Furniture,749.0,999.0,3.8,25.025025025025027,49.0,Other,375
Home and Furniture,899.0,999.0,4.2,10.01001001001001,99.0,Charm,286
Home and Furniture,1054.0,2499.0,4.0,57.82312925170068,54.0,Other,168
Home and Furniture,2685.0,9000.0,4.5,70.16666666666667,85.0,Other,107
Home and Furniture,749.0,999.0,3.7,25.025025025025027,49.0,Other,204
Home and Furniture,2429.0,4599.0,3.9,47.1841704718417,29.0,Other,201
Home and Furniture,3490.0,4719.0,4.4,26.04365331638059,90.0,Other,247
Home and Furniture,342.0,800.0,3.7,57.25,42.0,Other,93
Home and Furniture,899.0,999.0,4.1,10.01001001001001,99.0,Charm,392
Home and Furniture,9999.0,26999.0,4.2,62.965295010926326,99.0,Charm,297
Home and Furniture,4590.0,6999.0,4.4,34.41920274324903,90.0,Other,278
Home and Furniture,575.0,1299.0,3.5,55.73518090839107,75.0,Other,249
Home and Furniture,5990.0,8999.0,4.4,33.43704856095122,90.0,Other,212
Home and Furniture,2999.0,11999.0,2.9,75.00625052087673,99.0,Charm,364
Home and Furniture,2490.0,9999.0,2.7,75.0975097509751,90.0,Other,304
Home and Furniture,2290.0,9999.0,2.7,77.09770977097709,90.0,Other,290
Home and Furniture,2490.0,9999.0,2.7,75.0975097509751,90.0,Other,106
Home and Furniture,2899.0,4999.0,2.9,42.008401680336064,99.0,Charm,209
Home and Furniture,7496.0,14999.0,3.9,50.0233348889926,96.0,Other,308
Home and Furniture,999.0,2999.0,4.3,66.68889629876625,99.0,Charm,85
Home and Furniture,2799.0,4999.0,3.4,44.00880176035207,99.0,Charm,451
Home and Furniture,2499.0,10999.0,2.9,77.27975270479135,99.0,Charm,488
Home and Furniture,2559.0,7999.0,4.3,68.00850106263283,59.0,Other,298
Home and Furniture,1630.0,7000.0,4.5,76.71428571428571,30.0,Other,385
Home and Furniture,3799.0,5999.0,4.9,36.672778796466076,99.0,Charm,221
Home and Furniture,3999.0,8999.0,2.9,55.561729081009005,99.0,Charm,172
Home and Furniture,999.0,2899.0,4.4,65.53984132459469,99.0,Charm,489
Home and Furniture,3690.0,4260.0,4.3,13.380281690140844,90.0,Other,477
Home and Furniture,408.0,499.0,3.7,18.236472945891784,8.0,Other,424
Home and Furniture,5999.0,15000.0,2.9,60.00666666666666,99.0,Charm,280
Home and Furniture,1564.0,1700.0,4.0,8.0,64.0,Other,408
Home and Furniture,630.0,1499.0,3.8,57.97198132088058,30.0,Other,71
Home and Furniture,1564.0,1700.0,4.0,8.0,64.0,Other,473
Home and Furniture,8250.0,12500.0,3.6,34.0,50.0,Other,349
Home and Furniture,4559.0,8999.0,4.8,49.338815423936,59.0,Other,228
Home and Furniture,1564.0,1700.0,4.3,8.0,64.0,Other,474
Home and Furniture,1564.0,1700.0,4.1,8.0,64.0,Other,256
Home and Furniture,4999.0,17499.0,2.9,71.43265329447397,99.0,Charm,373
Home and Furniture,4464.0,9499.0,4.6,53.00557953468786,64.0,Other,199
Home and Furniture,2999.0,5000.0,3.5,40.02,99.0,Charm,314
Home and Furniture,659.0,999.0,3.8,34.034034034034036,59.0,Other,338
Home and Furniture,299.0,999.0,4.0,70.07007007007007,99.0,Charm,349
Home and Furniture,639.0,1999.0,3.7,68.03401700850425,39.0,Other,239
Home and Furniture,490.0,1499.0,3.8,67.31154102735157,90.0,Other,97
Home and Furniture,289.0,527.0,3.5,45.16129032258064,89.0,Other,392
Home and Furniture,4428.0,9423.0,4.0,53.00859598853869,28.0,Other,273
Home and Furniture,499.0,1913.0,3.8,73.91531625718767,99.0,Charm,312
Home and Furniture,492.0,2918.0,3.7,83.13913639479095,92.0,Other,301
Home and Furniture,319.0,599.0,3.5,46.744574290484145,19.0,Other,320
Home and Furniture,3524.0,7499.0,4.6,53.007067609014534,24.0,Other,255
Home and Furniture,295.0,999.0,3.7,70.47047047047047,95.0,Other,133
Home and Furniture,649.0,999.0,3.8,35.03503503503504,49.0,Other,337
Home and Furniture,274.0,999.0,3.5,72.57257257257257,74.0,Other,278
Home and Furniture,1490.0,1990.0,4.1,25.125628140703515,90.0,Other,415
Home and Furniture,751.0,2999.0,3.5,74.95831943981327,51.0,Other,115
Home and Furniture,625.0,1299.0,3.9,51.88606620477291,25.0,Other,339
Home and Furniture,749.0,1199.0,3.8,37.53127606338615,49.0,Other,263
Home and Furniture,13186.0,21268.0,4.3,38.00075230393079,86.0,Other,317
Home and Furniture,529.0,1299.0,3.7,59.27636643571979,29.0,Other,275
Home and Furniture,584.0,1999.0,3.7,70.78539269634817,84.0,Other,166
Home and Furniture,849.0,1499.0,4.1,43.36224149432955,49.0,Other,101
Home and Furniture,2398.0,3599.0,4.8,33.3703806612948,98.0,Other,205
Home and Furniture,289.0,499.0,3.5,42.08416833667334,89.0,Other,218
Home and Furniture,699.0,1799.0,3.9,61.14508060033352,99.0,Charm,421
Home and Furniture,560.0,1499.0,3.8,62.64176117411607,60.0,Other,438
Home and Furniture,399.0,999.0,3.4,60.06006006006006,99.0,Charm,385
Home and Furniture,449.0,699.0,3.7,35.7653791130186,49.0,Other,390
Home and Furniture,749.0,1199.0,3.8,37.53127606338615,49.0,Other,183
Home and Furniture,625.0,1299.0,3.9,51.88606620477291,25.0,Other,279
Home and Furniture,12989.0,29908.0,4.2,56.5701484552628,89.0,Other,229
Home and Furniture,499.0,1300.0,3.7,61.61538461538461,99.0,Charm,400
Home and Furniture,498.0,999.0,3.7,50.150150150150154,98.0,Other,496
Home and Furniture,672.0,1999.0,3.7,66.3831915957979,72.0,Other,229
Home and Furniture,1799.0,2599.0,4.8,30.781069642170067,99.0,Charm,318
Home and Furniture,499.0,899.0,4.6,44.493882091212456,99.0,Charm,480
Home and Furniture,640.0,2499.0,3.6,74.38975590236095,40.0,Other,304
Home and Furniture,567.0,1399.0,4.0,59.471050750536094,67.0,Other,132
Home and Furniture,12418.0,29899.0,4.6,58.466838355797854,18.0,Other,135
Home and Furniture,628.0,1299.0,3.1,51.65511932255581,28.0,Other,173
Home and Furniture,1799.0,2999.0,3.7,40.01333777925976,99.0,Charm,371
Home and Furniture,299.0,599.0,3.7,50.08347245409015,99.0,Charm,344
Home and Furniture,497.0,1200.0,3.9,58.58333333333333,97.0,Other,351
Home and Furniture,298.0,599.0,3.6,50.25041736227045,98.0,Other,195
Home and Furniture,470.0,1499.0,3.8,68.6457638425617,70.0,Other,284
Home and Furniture,535.0,999.0,4.1,46.44644644644645,35.0,Other,95
Home and Furniture,699.0,1599.0,3.7,56.28517823639775,99.0,Charm,244
Home and Furniture,499.0,1399.0,3.9,64.33166547533953,99.0,Charm,257
Home and Furniture,605.0,1599.0,4.0,62.16385240775485,5.0,Other,51
Home and Furniture,545.0,1200.0,3.9,54.58333333333333,45.0,Other,220
Home and Furniture,2166.0,3599.0,2.8,39.81661572659072,66.0,Other,475
Home and Furniture,520.0,1250.0,3.9,58.4,20.0,Other,242
Home and Furniture,625.0,1399.0,3.7,55.325232308791996,25.0,Other,156
Home and Furniture,357.0,1000.0,3.6,64.3,57.0,Other,334
Home and Furniture,629.0,1999.0,3.6,68.53426713356679,29.0,Other,490
Home and Furniture,494.0,1599.0,4.3,69.10569105691057,94.0,Other,310
Home and Furniture,606.0,1499.0,4.0,59.573048699132755,6.0,Other,173
Home and Furniture,464.0,1529.0,3.9,69.65336821451929,64.0,Other,189
Home and Furniture,5999.0,9999.0,4.2,40.00400040004,99.0,Charm,462
Home and Furniture,517.0,1200.0,4.0,56.91666666666667,17.0,Other,236
Home and Furniture,545.0,1200.0,3.9,54.58333333333333,45.0,Other,297
Home and Furniture,499.0,1200.0,4.0,58.416666666666664,99.0,Charm,362
Home and Furniture,739.0,1999.0,4.2,63.03151575787894,39.0,Other,331
Home and Furniture,1209.0,2299.0,4.1,47.411918225315354,9.0,Other,411
Home and Furniture,605.0,1999.0,3.7,69.73486743371686,5.0,Other,345
Home and Furniture,545.0,1200.0,4.0,54.58333333333333,45.0,Other,479
Home and Furniture,657.0,1978.0,3.8,66.78463094034377,57.0,Other,471
Home and Furniture,625.0,1599.0,3.9,60.913070669168235,25.0,Other,123
Home and Furniture,890.0,2199.0,4.0,59.527057753524325,90.0,Other,260
Home and Furniture,583.0,2299.0,3.7,74.64114832535886,83.0,Other,126
Home and Furniture,485.0,1424.0,3.6,65.94101123595506,85.0,Other,253
Home and Furniture,736.0,1599.0,4.1,53.97123202001251,36.0,Other,489
Home and Furniture,545.0,1200.0,4.0,54.58333333333333,45.0,Other,488
Home and Furniture,3999.0,5999.0,4.2,33.338889814969164,99.0,Charm,166
Home and Furniture,459.0,749.0,4.0,38.71829105473965,59.0,Other,473
Home and Furniture,475.0,1999.0,4.0,76.23811905952977,75.0,Other,465
Home and Furniture,3692.0,5444.0,3.9,32.18221895664952,92.0,Other,354
Home and Furniture,899.0,1499.0,4.0,40.0266844563042,99.0,Charm,407
Home and Furniture,5899.0,9999.0,4.3,41.004100410041005,99.0,Charm,453
Home and Furniture,2399.0,4299.0,4.1,44.19632472668062,99.0,Charm,51
Home and Furniture,566.0,1999.0,4.2,71.68584292146073,66.0,Other,351
Home and Furniture,639.0,1899.0,3.9,66.35071090047393,39.0,Other,82
Home and Furniture,699.0,1200.0,4.1,41.75,99.0,Charm,174
Home and Furniture,549.0,1699.0,3.9,67.68687463213655,49.0,Other,262
Home and Furniture,799.0,2499.0,3.9,68.02721088435374,99.0,Charm,87
Home and Furniture,310.0,499.0,4.1,37.87575150300601,10.0,Other,108
Home and Furniture,629.0,1299.0,3.8,51.578137028483454,29.0,Other,62
Home and Furniture,521.0,1799.0,3.7,71.03946637020567,21.0,Other,70
Home and Furniture,999.0,2499.0,3.4,60.024009603841534,99.0,Charm,426
Home and Furniture,639.0,1899.0,3.9,66.35071090047393,39.0,Other,452
Home and Furniture,625.0,1799.0,3.7,65.25847693162868,25.0,Other,448
Home and Furniture,789.0,1999.0,3.5,60.530265132566285,89.0,Other,374
Home and Furniture,557.0,1999.0,3.9,72.13606803401701,57.0,Other,197
Home and Furniture,599.0,1499.0,3.8,60.04002668445631,99.0,Charm,286
Home and Furniture,1599.0,3999.0,4.2,60.01500375093774,99.0,Charm,496
Home and Furniture,2279.0,4999.0,4.0,54.41088217643528,79.0,Other,113
Home and Furniture,539.0,1989.0,3.9,72.90095525389643,39.0,Other,259
Home and Furniture,449.0,1199.0,3.7,62.55212677231026,49.0,Other,123
Home and Furniture,2546.0,4000.0,4.3,36.35,46.0,Other,428
Home and Furniture,899.0,1300.0,4.1,30.846153846153847,99.0,Charm,210
Home and Furniture,1709.0,3999.0,4.0,57.26431607901975,9.0,Other,344
Home and Furniture,799.0,1899.0,3.5,57.92522380200106,99.0,Charm,205
Home and Furniture,1999.0,5999.0,4.0,66.67777962993833,99.0,Charm,52
Home and Furniture,720.0,899.0,4.1,19.911012235817573,20.0,Other,297
Home and Furniture,1529.0,3499.0,4.2,56.3018005144327,29.0,Other,146
Home and Furniture,629.0,1799.0,3.9,65.0361311839911,29.0,Other,108
Home and Furniture,1999.0,5999.0,4.0,66.67777962993833,99.0,Charm,363
Home and Furniture,1999.0,4999.0,4.3,60.01200240048009,99.0,Charm,169
Home and Furniture,999.0,2999.0,3.6,66.68889629876625,99.0,Charm,331
Home and Furniture,1529.0,3499.0,4.4,56.3018005144327,29.0,Other,277
Home and Furniture,1890.0,2100.0,4.0,10.0,90.0,Other,208
Home and Furniture,639.0,1899.0,3.9,66.35071090047393,39.0,Other,231
Home and Furniture,1424.0,2999.0,3.8,52.51750583527842,24.0,Other,119
Home and Furniture,699.0,1499.0,3.8,53.36891260840561,99.0,Charm,86
Home and Furniture,1565.0,5000.0,4.5,68.7,65.0,Other,396
Home and Furniture,1169.0,3699.0,4.0,68.39686401730198,69.0,Other,494
Home and Furniture,1199.0,2299.0,4.7,47.84688995215311,99.0,Charm,174
Home and Furniture,899.0,1999.0,4.2,55.02751375687844,99.0,Charm,161
Home and Furniture,1500.0,2100.0,4.4,28.57142857142857,0.0,Round,72
Home and Furniture,999.0,2499.0,3.7,60.024009603841534,99.0,Charm,241
Home and Furniture,502.0,1999.0,3.5,74.88744372186093,2.0,Other,372
Home and Furniture,1097.0,5480.0,3.6,79.98175182481752,97.0,Other,149
Home and Furniture,585.0,3824.0,3.5,84.70188284518828,85.0,Other,292
Home and Furniture,649.0,1690.0,3.5,61.59763313609468,49.0,Other,73
Home and Furniture,1095.0,2999.0,4.3,63.48782927642548,95.0,Other,123
Home and Furniture,659.0,2499.0,3.5,73.62945178071229,59.0,Other,156
Home and Furniture,700.0,1599.0,3.5,56.22263914946842,0.0,Round,213
Home and Furniture,684.0,1999.0,3.5,65.78289144572285,84.0,Other,261
Home and Furniture,1095.0,2999.0,4.3,63.48782927642548,95.0,Other,355
Home and Furniture,1299.0,3999.0,3.6,67.51687921980495,99.0,Charm,411
Home and Furniture,1199.0,3999.0,5.0,70.01750437609402,99.0,Charm,328
Home and Furniture,1299.0,3999.0,3.6,67.51687921980495,99.0,Charm,400
Home and Furniture,598.0,1999.0,3.6,70.08504252126063,98.0,Other,448
Home and Furniture,1205.0,5828.0,3.5,79.32395332875772,5.0,Other,269
Home and Furniture,2299.0,4999.0,5.0,54.01080216043208,99.0,Charm,223
Home and Furniture,495.0,999.0,3.6,50.45045045045045,95.0,Other,130
Home and Furniture,1279.0,2499.0,3.8,48.81952781112445,79.0,Other,439
Home and Furniture,1119.0,2999.0,3.4,62.68756252084028,19.0,Other,66
Home and Furniture,1128.0,2999.0,3.4,62.38746248749584,28.0,Other,280
Home and Furniture,699.0,1499.0,3.6,53.36891260840561,99.0,Charm,331
Home and Furniture,1099.0,1999.0,3.6,45.02251125562781,99.0,Charm,403
Home and Furniture,1274.0,2199.0,3.6,42.064574806730334,74.0,Other,204
Home and Furniture,549.0,1499.0,3.9,63.37558372248166,49.0,Other,394
Home and Furniture,655.0,1799.0,3.5,63.590883824346854,55.0,Other,106
Home and Furniture,675.0,2999.0,3.6,77.49249749916639,75.0,Other,377
Home and Furniture,1574.0,4999.0,4.0,68.51370274054811,74.0,Other,494
Home and Furniture,654.0,2499.0,3.5,73.8295318127251,54.0,Other,371
Home and Furniture,2469.0,5899.0,3.7,58.14544838108154,69.0,Other,183
Home and Furniture,1119.0,3999.0,3.3,72.01800450112528,19.0,Other,379
Home and Furniture,647.0,1999.0,3.5,67.63381690845422,47.0,Other,200
Home and Furniture,899.0,2099.0,3.4,57.170080990948065,99.0,Charm,208
Home and Furniture,2469.0,5550.0,3.6,55.513513513513516,69.0,Other,98
Home and Furniture,1299.0,3999.0,3.3,67.51687921980495,99.0,Charm,216
Home and Furniture,1538.0,3999.0,3.7,61.540385096274065,38.0,Other,122
Home and Furniture,1189.0,1999.0,3.9,40.52026013006503,89.0,Other,326
Home and Furniture,999.0,3999.0,3.5,75.01875468867217,99.0,Charm,414
Home and Furniture,599.0,2500.0,5.0,76.03999999999999,99.0,Charm,130
Home and Furniture,620.0,2999.0,3.7,79.32644214738247,20.0,Other,376
Home and Furniture,539.0,1799.0,3.5,70.03891050583657,39.0,Other,358
Home and Furniture,378.0,2499.0,4.6,84.87394957983193,78.0,Other,202
Home and Furniture,379.0,1499.0,4.1,74.71647765176785,79.0,Other,252
Home and Furniture,229.0,499.0,3.8,54.10821643286573,29.0,Other,163
Home and Furniture,228.0,999.0,3.8,77.17717717717719,28.0,Other,336
Home and Furniture,359.0,2999.0,4.0,88.02934311437146,59.0,Other,269
Home and Furniture,240.0,1999.0,3.8,87.99399699849924,40.0,Other,465
Home and Furniture,239.0,1999.0,3.7,88.04402201100551,39.0,Other,118
Home and Furniture,1299.0,2599.0,4.1,50.01923816852636,99.0,Charm,52
Home and Furniture,299.0,1200.0,3.9,75.08333333333333,99.0,Charm,205
Home and Furniture,229.0,999.0,3.8,77.07707707707708,29.0,Other,201
Home and Furniture,229.0,999.0,3.7,77.07707707707708,29.0,Other,157
Home and Furniture,1039.0,1999.0,4.3,48.024012006003005,39.0,Other,183
Home and Furniture,240.0,1299.0,3.9,81.5242494226328,40.0,Other,61
Home and Furniture,339.0,1199.0,3.9,71.72643869891576,39.0,Other,57
Home and Furniture,229.0,999.0,3.8,77.07707707707708,29.0,Other,489
Home and Furniture,278.0,1499.0,4.0,81.45430286857905,78.0,Other,325
Home and Furniture,219.0,999.0,3.7,78.07807807807808,19.0,Other,400
Home and Furniture,269.0,997.0,3.9,73.01905717151455,69.0,Other,480
Home and Furniture,359.0,1299.0,4.0,72.36335642802155,59.0,Other,439
Home and Furniture,648.0,2499.0,4.0,74.06962785114045,48.0,Other,214
Home and Furniture,359.0,2999.0,4.0,88.02934311437146,59.0,Other,105
Home and Furniture,225.0,999.0,3.9,77.47747747747748,25.0,Other,177
Home and Furniture,299.0,950.0,4.0,68.52631578947368,99.0,Charm,160
Home and Furniture,278.0,1499.0,4.0,81.45430286857905,78.0,Other,334
Home and Furniture,299.0,999.0,4.0,70.07007007007007,99.0,Charm,360
Home and Furniture,229.0,999.0,3.8,77.07707707707708,29.0,Other,104
Home and Furniture,261.0,900.0,3.9,71.0,61.0,Other,125
Home and Furniture,598.0,1949.0,4.3,69.31759876859928,98.0,Other,115
Home and Furniture,219.0,999.0,3.8,78.07807807807808,19.0,Other,106
Home and Furniture,229.0,999.0,3.7,77.07707707707708,29.0,Other,335
Home and Furniture,289.0,999.0,3.8,71.07107107107107,89.0,Other,298
Home and Furniture,598.0,1949.0,3.7,69.31759876859928,98.0,Other,425
Home and Furniture,219.0,999.0,3.7,78.07807807807808,19.0,Other,443
Home and Furniture,249.0,999.0,3.9,75.07507507507508,49.0,Other,413
Home and Furniture,349.0,999.0,3.9,65.06506506506507,49.0,Other,408
Home and Furniture,648.0,2499.0,3.7,74.06962785114045,48.0,Other,346
Home and Furniture,228.0,999.0,3.7,77.17717717717719,28.0,Other,68
Home and Furniture,429.0,1199.0,4.1,64.22018348623854,29.0,Other,163
Home and Furniture,359.0,2999.0,4.0,88.02934311437146,59.0,Other,406
Home and Furniture,648.0,2499.0,4.0,74.06962785114045,48.0,Other,255
Home and Furniture,1399.0,1400.0,4.4,0.07142857142857142,99.0,Charm,472
Home and Furniture,659.0,1499.0,4.3,56.03735823882589,59.0,Other,257
Home and Furniture,299.0,799.0,4.3,62.57822277847309,99.0,Charm,59
Home and Furniture,399.0,999.0,4.3,60.06006006006006,99.0,Charm,173
Home and Furniture,299.0,799.0,4.3,62.57822277847309,99.0,Charm,224
Home and Furniture,199.0,499.0,4.3,60.120240480961925,99.0,Charm,177
Home and Furniture,299.0,799.0,4.3,62.57822277847309,99.0,Charm,69
Home and Furniture,1027.0,1299.0,4.5,20.93918398768283,27.0,Other,309
Home and Furniture,205.0,699.0,3.9,70.67238912732475,5.0,Other,298
Home and Furniture,299.0,999.0,4.3,70.07007007007007,99.0,Charm,290
Home and Furniture,399.0,999.0,4.3,60.06006006006006,99.0,Charm,289
Home and Furniture,875.0,1499.0,4.0,41.62775183455637,75.0,Other,302
Home and Furniture,299.0,999.0,4.1,70.07007007007007,99.0,Charm,213
Home and Furniture,399.0,999.0,4.3,60.06006006006006,99.0,Charm,172
Home and Furniture,349.0,1999.0,4.0,82.54127063531766,49.0,Other,415
Home and Furniture,858.0,1099.0,4.4,21.929026387625115,58.0,Other,380
Home and Furniture,199.0,499.0,4.3,60.120240480961925,99.0,Charm,101
Home and Furniture,390.0,999.0,4.3,60.96096096096096,90.0,Other,274
Home and Furniture,299.0,799.0,4.3,62.57822277847309,99.0,Charm,324
Home and Furniture,1069.0,1399.0,4.1,23.588277340957827,69.0,Other,362
Home and Furniture,179.0,399.0,4.3,55.13784461152882,79.0,Other,493
Home and Furniture,499.0,1199.0,4.2,58.381984987489574,99.0,Charm,228
Home and Furniture,299.0,999.0,4.1,70.07007007007007,99.0,Charm,201
Home and Furniture,1014.0,1299.0,4.5,21.939953810623557,14.0,Other,422
Home and Furniture,499.0,1999.0,4.1,75.03751875937968,99.0,Charm,272
Home and Furniture,399.0,999.0,4.3,60.06006006006006,99.0,Charm,237
Home and Furniture,299.0,799.0,4.3,62.57822277847309,99.0,Charm,285
Home and Furniture,1019.0,1299.0,4.1,21.55504234026174,19.0,Other,275
Home and Furniture,349.0,999.0,4.2,65.06506506506507,49.0,Other,327
Home and Furniture,499.0,1199.0,4.3,58.381984987489574,99.0,Charm,364
Home and Furniture,299.0,799.0,4.2,62.57822277847309,99.0,Charm,173
Home and Furniture,798.0,1999.0,3.4,60.08004002001,98.0,Other,173
Home and Furniture,499.0,1999.0,4.1,75.03751875937968,99.0,Charm,349
Home and Furniture,179.0,399.0,4.3,55.13784461152882,79.0,Other,255
Home and Furniture,299.0,799.0,4.3,62.57822277847309,99.0,Charm,194
Home and Furniture,1551.0,2499.0,4.7,37.935174069627855,51.0,Other,149
Home and Furniture,399.0,999.0,4.2,60.06006006006006,99.0,Charm,237
Home and Furniture,399.0,999.0,4.2,60.06006006006006,99.0,Charm,485
Home and Furniture,399.0,999.0,4.2,60.06006006006006,99.0,Charm,352
Home and Furniture,842.0,1899.0,3.7,55.66087414428647,42.0,Other,83
Home and Furniture,1159.0,3629.0,4.2,68.06282722513089,59.0,Other,73
Home and Furniture,274.0,699.0,4.0,60.80114449213162,74.0,Other,223
Home and Furniture,429.0,549.0,4.0,21.85792349726776,29.0,Other,381
Home and Furniture,339.0,1599.0,4.0,78.79924953095684,39.0,Other,89
Home and Furniture,449.0,1999.0,4.3,77.53876938469234,49.0,Other,103
Home and Furniture,439.0,2499.0,4.0,82.43297318927571,39.0,Other,360
Home and Furniture,439.0,2999.0,4.0,85.3617872624208,39.0,Other,112
Home and Furniture,685.0,1499.0,4.2,54.3028685790527,85.0,Other,294
Home and Furniture,499.0,1499.0,3.9,66.711140760507,99.0,Charm,304
Home and Furniture,375.0,999.0,3.8,62.46246246246246,75.0,Other,60
Home and Furniture,389.0,1996.0,3.3,80.51102204408818,89.0,Other,494
Home and Furniture,339.0,999.0,4.3,66.06606606606607,39.0,Other,497
Home and Furniture,635.0,1068.0,3.8,40.54307116104869,35.0,Other,174
Home and Furniture,189.0,599.0,4.5,68.44741235392321,89.0,Other,435
Home and Furniture,439.0,2499.0,4.0,82.43297318927571,39.0,Other,61
Home and Furniture,1128.0,2800.0,3.9,59.71428571428572,28.0,Other,65
Home and Furniture,228.0,799.0,3.3,71.46433041301627,28.0,Other,169
Home and Furniture,499.0,2599.0,3.8,80.80030781069642,99.0,Charm,301
Home and Furniture,160.0,799.0,4.3,79.9749687108886,60.0,Other,262
Home and Furniture,149.0,499.0,4.4,70.14028056112225,49.0,Other,137
Home and Furniture,503.0,1900.0,3.8,73.52631578947368,3.0,Other,354
Home and Furniture,249.0,999.0,3.5,75.07507507507508,49.0,Other,314
Home and Furniture,439.0,2499.0,4.0,82.43297318927571,39.0,Other,111
Home and Furniture,745.0,1099.0,4.5,32.21110100090992,45.0,Other,140
Home and Furniture,197.0,599.0,3.4,67.1118530884808,97.0,Other,451
Home and Furniture,299.0,999.0,3.9,70.07007007007007,99.0,Charm,50
Home and Furniture,640.0,999.0,4.0,35.93593593593594,40.0,Other,243
Home and Furniture,615.0,1099.0,3.9,44.0400363967243,15.0,Other,401
Home and Furniture,268.0,1002.0,3.2,73.25349301397206,68.0,Other,363
Home and Furniture,499.0,1999.0,4.0,75.03751875937968,99.0,Charm,209
Home and Furniture,599.0,999.0,3.8,40.04004004004004,99.0,Charm,267
Home and Furniture,699.0,1149.0,3.9,39.1644908616188,99.0,Charm,393
Home and Furniture,249.0,999.0,3.4,75.07507507507508,49.0,Other,71
Home and Furniture,479.0,1999.0,3.5,76.03801900950475,79.0,Other,96
Home and Furniture,503.0,1999.0,4.0,74.83741870935468,3.0,Other,166
Home and Furniture,1529.0,2999.0,4.1,49.0163387795932,29.0,Other,403
Home and Furniture,349.0,1999.0,3.9,82.54127063531766,49.0,Other,56
Home and Furniture,349.0,1999.0,3.7,82.54127063531766,49.0,Other,487
Home and Furniture,299.0,999.0,3.4,70.07007007007007,99.0,Charm,383
Home and Furniture,399.0,1499.0,4.2,73.3822548365577,99.0,Charm,258
Home and Furniture,549.0,3299.0,3.7,83.35859351318582,49.0,Other,479
Home and Furniture,495.0,3999.0,3.6,87.6219054763691,95.0,Other,402
Home and Furniture,499.0,1999.0,3.9,75.03751875937968,99.0,Charm,136
Home and Furniture,499.0,1999.0,3.9,75.03751875937968,99.0,Charm,173
Home and Furniture,549.0,1999.0,3.4,72.53626813406704,49.0,Other,468
Home and Furniture,549.0,3299.0,3.7,83.35859351318582,49.0,Other,209
Home and Furniture,840.0,3998.0,4.0,78.98949474737368,40.0,Other,183
Home and Furniture,549.0,3299.0,3.9,83.35859351318582,49.0,Other,372
Home and Furniture,309.0,999.0,3.7,69.06906906906907,9.0,Other,63
Home and Furniture,599.0,2499.0,3.8,76.03041216486595,99.0,Charm,226
Home and Furniture,529.0,3299.0,3.6,83.96483782964535,29.0,Other,365
Home and Furniture,549.0,3299.0,3.6,83.35859351318582,49.0,Other,142
Home and Furniture,549.0,1999.0,3.9,72.53626813406704,49.0,Other,362
Home and Furniture,549.0,3299.0,3.7,83.35859351318582,49.0,Other,180
Home and Furniture,799.0,3499.0,4.1,77.16490425835954,99.0,Charm,391
Home and Furniture,549.0,3299.0,3.7,83.35859351318582,49.0,Other,106
Home and Furniture,549.0,3299.0,3.6,83.35859351318582,49.0,Other,428
Home and Furniture,549.0,3299.0,3.8,83.35859351318582,49.0,Other,209
Home and Furniture,1663.0,4999.0,4.1,66.73334666933387,63.0,Other,87
Home and Furniture,549.0,3299.0,3.7,83.35859351318582,49.0,Other,161
Home and Furniture,799.0,3499.0,4.1,77.16490425835954,99.0,Charm,159
Home and Furniture,549.0,1999.0,3.4,72.53626813406704,49.0,Other,126
Home and Furniture,959.0,3998.0,4.0,76.01300650325162,59.0,Other,482
Home and Furniture,549.0,3299.0,3.8,83.35859351318582,49.0,Other,140
Home and Furniture,499.0,1999.0,3.8,75.03751875937968,99.0,Charm,259
Home and Furniture,999.0,2199.0,3.9,54.570259208731244,99.0,Charm,270
Home and Furniture,549.0,3299.0,3.6,83.35859351318582,49.0,Other,329
Home and Furniture,600.0,2498.0,3.9,75.98078462770216,0.0,Round,314
Home and Furniture,529.0,1999.0,4.4,73.5367683841921,29.0,Other,129
Home and Furniture,999.0,2999.0,4.0,66.68889629876625,99.0,Charm,67
Home and Furniture,639.0,2498.0,3.9,74.4195356285028,39.0,Other,280
Home and Furniture,458.0,1798.0,3.9,74.52725250278087,58.0,Other,424
Home and Furniture,628.0,2498.0,3.7,74.85988791032825,28.0,Other,310
Home and Furniture,1759.0,3499.0,4.0,49.72849385538725,59.0,Other,131
Home and Furniture,529.0,1999.0,3.8,73.5367683841921,29.0,Other,288
Home and Furniture,529.0,1999.0,3.6,73.5367683841921,29.0,Other,129
Home and Furniture,999.0,2199.0,3.9,54.570259208731244,99.0,Charm,143
Home and Furniture,499.0,1199.0,3.9,58.381984987489574,99.0,Charm,403
Home and Furniture,994.0,2999.0,3.8,66.85561853951317,94.0,Other,219
Home and Furniture,529.0,1199.0,3.6,55.87989991659717,29.0,Other,97
Home and Furniture,1899.0,3999.0,3.6,52.51312828207052,99.0,Charm,463
Home and Furniture,503.0,699.0,3.3,28.040057224606578,3.0,Other,245
Home and Furniture,202.0,1099.0,3.6,81.6196542311192,2.0,Other,332
Home and Furniture,238.0,999.0,3.6,76.17617617617618,38.0,Other,231
Home and Furniture,365.0,999.0,4.2,63.46346346346346,65.0,Other,320
Home and Furniture,193.0,600.0,3.9,67.83333333333333,93.0,Other,314
Home and Furniture,205.0,799.0,3.6,74.34292866082603,5.0,Other,498
Home and Furniture,2599.0,6999.0,3.6,62.86612373196171,99.0,Charm,472
Home and Furniture,365.0,999.0,4.2,63.46346346346346,65.0,Other,472
Home and Furniture,205.0,999.0,3.7,79.47947947947948,5.0,Other,384
Home and Furniture,199.0,499.0,3.8,60.120240480961925,99.0,Charm,336
Home and Furniture,503.0,699.0,3.5,28.040057224606578,3.0,Other,192
Home and Furniture,205.0,699.0,3.5,70.67238912732475,5.0,Other,260
Home and Furniture,203.0,598.0,3.7,66.05351170568562,3.0,Other,325
Home and Furniture,198.0,999.0,3.8,80.18018018018019,98.0,Other,442
Home and Furniture,503.0,699.0,4.2,28.040057224606578,3.0,Other,167
Home and Furniture,199.0,599.0,3.8,66.7779632721202,99.0,Charm,319
Home and Furniture,149.0,249.0,3.6,40.16064257028113,49.0,Other,411
Home and Furniture,361.0,999.0,4.2,63.86386386386387,61.0,Other,258
Home and Furniture,1499.0,,4.3,,99.0,Charm,492
Home and Furniture,399.0,899.0,4.2,55.61735261401557,99.0,Charm,153
Home and Furniture,199.0,799.0,3.8,75.09386733416771,99.0,Charm,341
Home and Furniture,294.0,999.0,4.0,70.57057057057057,94.0,Other,388
Home and Furniture,1385.0,1799.0,5.0,23.01278488048916,85.0,Other,291
Home and Furniture,379.0,999.0,4.2,62.06206206206206,79.0,Other,211
Home and Furniture,219.0,299.0,4.8,26.755852842809364,19.0,Other,218
Home and Furniture,179.0,499.0,4.1,64.12825651302605,79.0,Other,462
Home and Furniture,699.0,899.0,3.7,22.246941045606228,99.0,Charm,420
Home and Furniture,328.0,1399.0,3.9,76.55468191565404,28.0,Other,160
Home and Furniture,268.0,1298.0,3.9,79.35285053929123,68.0,Other,400
Home and Furniture,260.0,999.0,3.7,73.97397397397397,60.0,Other,306
Home and Furniture,499.0,1260.0,4.3,60.39682539682539,99.0,Charm,219
Home and Furniture,153.0,399.0,3.9,61.65413533834586,53.0,Other,360
Home and Furniture,179.0,499.0,4.0,64.12825651302605,79.0,Other,383
Home and Furniture,245.0,1499.0,3.8,83.65577051367579,45.0,Other,324
Home and Furniture,300.0,400.0,3.9,25.0,0.0,Round,225
Home and Furniture,499.0,1199.0,3.8,58.381984987489574,99.0,Charm,81
Home and Furniture,329.0,999.0,4.2,67.06706706706707,29.0,Other,107
Home and Furniture,299.0,849.0,4.1,64.78209658421673,99.0,Charm,102
Home and Furniture,225.0,400.0,,43.75,25.0,Other,237
Home and Furniture,299.0,899.0,3.9,66.74082313681868,99.0,Charm,192
Home and Furniture,447.0,887.0,3.4,49.6054114994363,47.0,Other,155
Home and Furniture,217.0,899.0,3.6,75.86206896551724,17.0,Other,215
Home and Furniture,189.0,399.0,3.9,52.63157894736842,89.0,Other,125
Home and Furniture,268.0,500.0,4.0,46.400000000000006,68.0,Other,420
Home and Furniture,244.0,499.0,4.1,51.10220440881763,44.0,Other,83
Home and Furniture,249.0,599.0,3.8,58.43071786310517,49.0,Other,428
Home and Furniture,299.0,899.0,4.2,66.74082313681868,99.0,Charm,243
Home and Furniture,275.0,599.0,4.4,54.09015025041736,75.0,Other,464
Home and Furniture,200.0,599.0,3.5,66.6110183639399,0.0,Round,174
Home and Furniture,249.0,899.0,4.2,72.30255839822024,49.0,Other,124
Home and Furniture,699.0,1079.0,3.9,35.217794253938834,99.0,Charm,202
Home and Furniture,388.0,999.0,3.4,61.16116116116116,88.0,Other,368
Home and Furniture,249.0,999.0,3.7,75.07507507507508,49.0,Other,211
Home and Furniture,175.0,399.0,4.3,56.14035087719298,75.0,Other,186
Home and Furniture,159.0,799.0,4.1,80.10012515644556,59.0,Other,172
Home and Furniture,169.0,179.0,3.8,5.58659217877095,69.0,Other,117
Home and Furniture,136.0,499.0,4.3,72.74549098196393,36.0,Other,495
Home and Furniture,182.0,599.0,3.9,69.61602671118531,82.0,Other,442
Home and Furniture,699.0,979.0,4.1,28.600612870275793,99.0,Charm,142
Home and Furniture,279.0,599.0,4.4,53.42237061769616,79.0,Other,92
Home and Furniture,282.0,599.0,4.3,52.92153589315526,82.0,Other,355
Home and Furniture,282.0,800.0,4.2,64.75,82.0,Other,473
Home and Furniture,242.0,599.0,4.0,59.59933222036727,42.0,Other,376
Home and Furniture,149.0,499.0,4.3,70.14028056112225,49.0,Other,421
Home and Furniture,189.0,599.0,3.9,68.44741235392321,89.0,Other,479
Home and Furniture,237.0,,4.0,,37.0,Other,457
Home and Furniture,699.0,899.0,4.2,22.246941045606228,99.0,Charm,205
Home and Furniture,179.0,499.0,4.0,64.12825651302605,79.0,Other,359
Home and Furniture,188.0,499.0,4.1,62.32464929859719,88.0,Other,158
Home and Furniture,249.0,699.0,3.5,64.37768240343348,49.0,Other,110
Home and Furniture,474.0,999.0,4.2,52.552552552552555,74.0,Other,423
Home and Furniture,219.0,800.0,3.9,72.625,19.0,Other,101
Home and Furniture,203.0,299.0,4.1,32.10702341137124,3.0,Other,342
Home and Furniture,299.0,999.0,4.1,70.07007007007007,99.0,Charm,81
Home and Furniture,244.0,399.0,4.0,38.847117794486216,44.0,Other,50
Home and Furniture,254.0,999.0,4.0,74.57457457457457,54.0,Other,416
Home and Furniture,279.0,899.0,4.1,68.96551724137932,79.0,Other,403
Home and Furniture,185.0,599.0,4.2,69.1151919866444,85.0,Other,56
Home and Furniture,599.0,899.0,4.0,33.37041156840934,99.0,Charm,436
Home and Furniture,799.0,999.0,4.0,20.02002002002002,99.0,Charm,461
Home and Furniture,807.0,2999.0,3.3,73.09103034344781,7.0,Other,485
Home and Furniture,194.0,399.0,4.2,51.37844611528822,94.0,Other,272
Home and Furniture,255.0,809.0,3.5,68.4796044499382,55.0,Other,239
Home and Furniture,199.0,399.0,4.1,50.125313283208015,99.0,Charm,497
Home and Furniture,149.0,399.0,3.9,62.65664160401002,49.0,Other,481
Home and Furniture,160.0,749.0,3.7,78.63818424566088,60.0,Other,226
Home and Furniture,749.0,1599.0,3.4,53.15822388993121,49.0,Other,266
Home and Furniture,252.0,1199.0,3.9,78.98248540450375,52.0,Other,325
Home and Furniture,379.0,999.0,3.7,62.06206206206206,79.0,Other,432
Home and Furniture,233.0,599.0,3.7,61.101836393989984,33.0,Other,314
Home and Furniture,1169.0,6999.0,3.1,83.29761394484927,69.0,Other,497
Home and Furniture,349.0,3999.0,3.5,91.27281820455114,49.0,Other,473
Home and Furniture,253.0,799.0,4.0,68.33541927409262,53.0,Other,238
Home and Furniture,189.0,997.0,3.4,81.04312938816449,89.0,Other,437
Home and Furniture,1099.0,6999.0,3.3,84.2977568224032,99.0,Charm,432
Home and Furniture,188.0,399.0,3.4,52.88220551378446,88.0,Other,233
Home and Furniture,295.0,1789.0,3.5,83.5103409726104,95.0,Other,358
Home and Furniture,206.0,999.0,3.8,79.37937937937937,6.0,Other,171
Home and Furniture,1116.0,6999.0,3.3,84.05486498071153,16.0,Other,245
Home and Furniture,199.0,399.0,4.0,50.125313283208015,99.0,Charm,460
Home and Furniture,299.0,1910.0,3.8,84.34554973821989,99.0,Charm,175
Home and Furniture,255.0,999.0,4.1,74.47447447447448,55.0,Other,343
Home and Furniture,294.0,699.0,3.9,57.93991416309014,94.0,Other,410
Home and Furniture,149.0,399.0,3.7,62.65664160401002,49.0,Other,363
Home and Furniture,149.0,398.0,3.7,62.562814070351756,49.0,Other,330
Home and Furniture,292.0,399.0,3.8,26.81704260651629,92.0,Other,337
Home and Furniture,254.0,899.0,3.8,71.7463848720801,54.0,Other,120
Home and Furniture,253.0,700.0,3.8,63.857142857142854,53.0,Other,410
Home and Furniture,219.0,499.0,3.3,56.1122244488978,19.0,Other,372
Home and Furniture,489.0,2999.0,3.3,83.69456485495165,89.0,Other,146
Home and Furniture,989.0,6999.0,3.3,85.86940991570225,89.0,Other,370
Home and Furniture,195.0,954.0,3.5,79.55974842767296,95.0,Other,365
Home and Furniture,350.0,566.0,3.7,38.16254416961131,50.0,Other,487
Home and Furniture,245.0,814.0,3.5,69.9017199017199,45.0,Other,107
Home and Furniture,1068.0,6999.0,3.4,84.74067723960566,68.0,Other,458
Home and Furniture,209.0,999.0,3.9,79.07907907907908,9.0,Other,140
Home and Furniture,227.0,999.0,3.8,77.27727727727728,27.0,Other,68
Home and Furniture,551.0,1299.0,4.1,57.582755966127785,51.0,Other,61
Home and Furniture,1849.0,3099.0,4.3,40.335592126492415,49.0,Other,334
Home and Furniture,1699.0,5200.0,3.9,67.32692307692307,99.0,Charm,312
Home and Furniture,6980.0,12999.0,4.2,46.303561812447114,80.0,Other,372
Home and Furniture,2199.0,4900.0,4.0,55.12244897959183,99.0,Charm,118
Home and Furniture,14023.0,26899.0,4.1,47.86795048143054,23.0,Other,357
Home and Furniture,1699.0,3700.0,3.7,54.08108108108108,99.0,Charm,405
Home and Furniture,1999.0,4700.0,4.1,57.46808510638298,99.0,Charm,191
Home and Furniture,10615.0,19900.0,4.0,46.65829145728643,15.0,Other,478
Home and Furniture,15198.0,25500.0,3.8,40.400000000000006,98.0,Other,492
Home and Furniture,13150.0,22999.0,4.1,42.82360102613157,50.0,Other,417
Home and Furniture,1450.0,2200.0,3.9,34.090909090909086,50.0,Other,230
Home and Furniture,7344.0,13000.0,4.0,43.50769230769231,44.0,Other,440
Home and Furniture,11225.0,19499.0,3.9,42.43294527924509,25.0,Other,79
Home and Furniture,2199.0,7600.0,4.2,71.06578947368422,99.0,Charm,393
Home and Furniture,6895.0,12499.0,4.1,44.835586846947756,95.0,Other,278
Home and Furniture,10150.0,19299.0,3.9,47.40660137830976,50.0,Other,109
Home and Furniture,18499.0,40499.0,4.1,54.32232894639374,99.0,Charm,484
Home and Furniture,1179.0,4200.0,4.0,71.92857142857143,79.0,Other,394
Home and Furniture,1775.0,2500.0,3.8,28.999999999999996,75.0,Other,126
Home and Furniture,6799.0,11999.0,4.0,43.33694474539545,99.0,Charm,456
Home and Furniture,1549.0,2500.0,3.8,38.04,49.0,Other,159
Home and Furniture,4499.0,7000.0,3.8,35.72857142857143,99.0,Charm,406
Home and Furniture,14799.0,31999.0,4.9,53.75167973999188,99.0,Charm,312
Home and Furniture,1222.0,2300.0,3.6,46.869565217391305,22.0,Other,267
Home and Furniture,14895.0,25500.0,3.7,41.588235294117645,95.0,Other,360
Home and Furniture,18245.0,32000.0,3.8,42.984375,45.0,Other,390
Home and Furniture,12499.0,24999.0,4.2,50.00200008000319,99.0,Charm,479
Home and Furniture,3149.0,4582.0,3.9,31.27455259711916,49.0,Other,208
Home and Furniture,10499.0,19999.0,3.4,47.502375118755936,99.0,Charm,258
Home and Furniture,2299.0,4600.0,4.4,50.02173913043478,99.0,Charm,147
Home and Furniture,7645.0,13999.0,4.0,45.38895635402529,45.0,Other,92
Home and Furniture,5975.0,9990.0,4.2,40.19019019019019,75.0,Other,245
Home and Furniture,12950.0,23999.0,3.9,46.03941830909621,50.0,Other,153
Home and Furniture,21950.0,36500.0,4.1,39.863013698630134,50.0,Other,460
Home and Furniture,4650.0,7999.0,4.8,41.86773346668334,50.0,Other,111
Home and Furniture,15749.0,29999.0,3.3,47.50158338611287,49.0,Other,141
Home and Furniture,12999.0,24999.0,3.1,48.001920076803074,99.0,Charm,147
Home and Furniture,1790.0,2600.0,4.1,31.153846153846153,90.0,Other,148
Home and Furniture,1222.0,2000.0,4.0,38.9,22.0,Other,59
Home and Furniture,1699.0,2596.0,3.2,34.55315870570107,99.0,Charm,109
Home and Furniture,6999.0,12999.0,3.6,46.157396722824835,99.0,Charm,211
Home and Furniture,9990.0,18990.0,4.8,47.39336492890995,90.0,Other,486
Home and Furniture,14599.0,24499.0,4.2,40.4098126454141,99.0,Charm,157
Home and Furniture,409.0,499.0,3.3,18.03607214428858,9.0,Other,170
Home and Furniture,3999.0,,3.7,,99.0,Charm,340
Home and Furniture,17499.0,39999.0,3.8,56.251406285157124,99.0,Charm,175
Home and Furniture,2099.0,3499.0,4.2,40.01143183766791,99.0,Charm,169
Home and Furniture,449.0,999.0,4.3,55.05505505505506,49.0,Other,201
Home and Furniture,9799.0,13999.0,4.5,30.002143010215015,99.0,Charm,351
Home and Furniture,435.0,899.0,4.0,51.61290322580645,35.0,Other,266
Home and Furniture,5599.0,7998.0,5.0,29.994998749687422,99.0,Charm,289
Home and Furniture,449.0,1199.0,3.4,62.55212677231026,49.0,Other,398
Home and Furniture,12499.0,15999.0,3.0,21.876367272954557,99.0,Charm,449
Home and Furniture,345.0,899.0,3.9,61.62402669632926,45.0,Other,302
Home and Furniture,14990.0,29990.0,4.3,50.01667222407469,90.0,Other,326
Home and Furniture,2499.0,4499.0,4.1,44.45432318292954,99.0,Charm,221
Home and Furniture,12499.0,16999.0,4.4,26.472145420318842,99.0,Charm,298
Home and Furniture,11699.0,15000.0,4.7,22.006666666666668,99.0,Charm,450
Home and Furniture,8299.0,21999.0,4.1,62.27555797990818,99.0,Charm,496
Home and Furniture,17499.0,52499.0,3.8,66.66793653212441,99.0,Charm,403
Home and Furniture,49999.0,62999.0,3.8,20.63524817854252,99.0,Charm,81
Home and Furniture,24799.0,28000.0,4.7,11.432142857142857,99.0,Charm,212
Home and Furniture,14799.0,34999.0,3.8,57.7159347409926,99.0,Charm,229
Home and Furniture,1999.0,3499.0,3.9,42.869391254644185,99.0,Charm,131
Home and Furniture,49999.0,62999.0,3.8,20.63524817854252,99.0,Charm,468
Home and Furniture,32049.0,,4.5,,49.0,Other,494
Home and Furniture,449.0,599.0,3.3,25.041736227045075,49.0,Other,306
Home and Furniture,8999.0,35000.0,4.3,74.28857142857143,99.0,Charm,106
Home and Furniture,49999.0,62999.0,3.8,20.63524817854252,99.0,Charm,257
Home and Furniture,14499.0,34999.0,3.8,58.5731020886311,99.0,Charm,480
Home and Furniture,3590.0,6990.0,2.3,48.640915593705294,90.0,Other,263
Home and Furniture,499.0,1399.0,3.8,64.33166547533953,99.0,Charm,117
Home and Furniture,2800.0,3000.0,2.9,6.666666666666667,0.0,Round,166
Home and Furniture,32999.0,40999.0,3.8,19.512671040757095,99.0,Charm,205
Home and Furniture,43804.0,45599.0,3.8,3.9364898353034055,4.0,Other,110
Home and Furniture,48999.0,62999.0,3.8,22.222574961507323,99.0,Charm,483
Home and Furniture,479.0,999.0,4.0,52.052052052052055,79.0,Other,60
Home and Furniture,14749.0,,4.0,,49.0,Other,282
Home and Furniture,8499.0,19999.0,3.9,57.502875143757194,99.0,Charm,196
Home and Furniture,529.0,799.0,4.2,33.79224030037547,29.0,Other,287
Home and Furniture,999.0,,,,99.0,Charm,472
Home and Furniture,4250.0,6623.0,4.5,35.82968443303639,50.0,Other,455
Home and Furniture,314.0,749.0,4.8,58.07743658210948,14.0,Other,284
Home and Furniture,149.0,400.0,4.2,62.74999999999999,49.0,Other,396
Home and Furniture,199.0,549.0,4.3,63.752276867030965,99.0,Charm,183
Home and Furniture,379.0,722.0,4.3,47.50692520775623,79.0,Other,373
Home and Furniture,229.0,398.0,4.4,42.462311557788944,29.0,Other,396
Home and Furniture,2299.0,6999.0,4.1,67.15245035005,99.0,Charm,401
Home and Furniture,224.0,549.0,3.5,59.19854280510018,24.0,Other,267
Home and Furniture,77.0,99.0,4.2,22.22222222222222,77.0,Other,88
Home and Furniture,221.0,799.0,3.8,72.3404255319149,21.0,Other,235
Home and Furniture,199.0,499.0,4.0,60.120240480961925,99.0,Charm,484
Home and Furniture,399.0,699.0,4.8,42.91845493562232,99.0,Charm,89
Home and Furniture,209.0,312.0,4.4,33.01282051282051,9.0,Other,109
Home and Furniture,189.0,399.0,4.3,52.63157894736842,89.0,Other,371
Home and Furniture,2239.0,3600.0,4.3,37.80555555555555,39.0,Other,137
Home and Furniture,1299.0,1999.0,4.1,35.01750875437719,99.0,Charm,369
Home and Furniture,410.0,456.0,4.4,10.087719298245613,10.0,Other,460
Home and Furniture,2599.0,5738.0,4.2,54.705472289996514,99.0,Charm,319
Home and Furniture,2699.0,3700.0,4.4,27.054054054054056,99.0,Charm,443
Home and Furniture,349.0,699.0,4.8,50.07153075822603,49.0,Other,59
Home and Furniture,159.0,550.0,4.3,71.0909090909091,59.0,Other,213
Home and Furniture,745.0,1499.0,4.3,50.30020013342228,45.0,Other,370
Home and Furniture,399.0,1089.0,4.0,63.36088154269972,99.0,Charm,103
Home and Furniture,3199.0,4999.0,4.8,36.00720144028806,99.0,Charm,441
Home and Furniture,1649.0,3670.0,4.2,55.06811989100817,49.0,Other,404
Home and Furniture,767.0,2199.0,4.0,65.12050932241928,67.0,Other,320
Home and Furniture,6815.0,10500.0,4.3,35.095238095238095,15.0,Other,212
Home and Furniture,449.0,799.0,4.8,43.80475594493116,49.0,Other,392
Home and Furniture,90.0,155.0,3.8,41.935483870967744,90.0,Other,87
Home and Furniture,431.0,999.0,4.2,56.85685685685685,31.0,Other,438
Home and Furniture,176.0,292.0,4.3,39.726027397260275,76.0,Other,120
Home and Furniture,1299.0,1999.0,3.9,35.01750875437719,99.0,Charm,361
Home and Furniture,2099.0,4810.0,4.3,56.361746361746356,99.0,Charm,362
Home and Furniture,144.0,225.0,4.2,36.0,44.0,Other,332
Home and Furniture,3539.0,3900.0,4.2,9.256410256410257,39.0,Other,457
Home and Furniture,299.0,325.0,3.3,8.0,99.0,Charm,193
Home and Furniture,2788.0,4300.0,4.4,35.16279069767442,88.0,Other,206
Home and Furniture,249.0,700.0,4.2,64.42857142857143,49.0,Other,286
Home and Furniture,135.0,152.0,4.0,11.18421052631579,35.0,Other,429
Home and Furniture,1234.0,1500.0,4.6,17.733333333333334,34.0,Other,242
Home and Furniture,2849.0,7999.0,4.4,64.38304788098512,49.0,Other,274
Home and Furniture,599.0,999.0,4.1,40.04004004004004,99.0,Charm,265
Home and Furniture,499.0,999.0,4.2,50.050050050050054,99.0,Charm,354
Home and Furniture,172.0,365.0,3.9,52.87671232876713,72.0,Other,329
Home and Furniture,867.0,2399.0,4.1,63.85994164235098,67.0,Other,117
Home and Furniture,449.0,999.0,4.1,55.05505505505506,49.0,Other,321
Home and Furniture,168.0,500.0,3.9,66.4,68.0,Other,81
Home and Furniture,1299.0,5999.0,4.1,78.34639106517753,99.0,Charm,331
Home and Furniture,165.0,549.0,4.1,69.94535519125684,65.0,Other,439
Home and Furniture,615.0,1499.0,4.0,58.97264843228819,15.0,Other,329
Home and Furniture,869.0,2599.0,4.0,66.56406310119277,69.0,Other,464
Home and Furniture,6499.0,7999.0,4.4,18.752344043005376,99.0,Charm,384
Home and Furniture,184.0,499.0,4.1,63.126252505010015,84.0,Other,423
Home and Furniture,489.0,1499.0,4.0,67.37825216811207,89.0,Other,223
Home and Furniture,1499.0,5999.0,4.1,75.01250208368062,99.0,Charm,286
Home and Furniture,1299.0,5999.0,3.7,78.34639106517753,99.0,Charm,247
Home and Furniture,159.0,732.0,3.8,78.27868852459017,59.0,Other,214
Home and Furniture,211.0,450.0,4.1,53.11111111111111,11.0,Other,81
Home and Furniture,389.0,999.0,3.7,61.06106106106106,89.0,Other,447
Home and Furniture,4749.0,10999.0,4.3,56.823347577052466,49.0,Other,351
Home and Furniture,194.0,999.0,4.1,80.58058058058059,94.0,Other,113
Home and Furniture,299.0,1000.0,3.8,70.1,99.0,Charm,482
Home and Furniture,165.0,799.0,4.0,79.34918648310388,65.0,Other,324
Home and Furniture,3439.0,5999.0,4.4,42.67377896316052,39.0,Other,360
Home and Furniture,283.0,499.0,4.3,43.28657314629258,83.0,Other,182
Home and Furniture,269.0,990.0,4.5,72.82828282828284,69.0,Other,252
Home and Furniture,137.0,480.0,3.6,71.45833333333333,37.0,Other,321
Home and Furniture,390.0,999.0,4.1,60.96096096096096,90.0,Other,309
Home and Furniture,284.0,999.0,4.2,71.57157157157157,84.0,Other,225
Home and Furniture,1399.0,5999.0,4.0,76.67944657442906,99.0,Charm,229
Home and Furniture,478.0,799.0,4.3,40.175219023779725,78.0,Other,332
Home and Furniture,2849.0,7999.0,4.4,64.38304788098512,49.0,Other,451
Home and Furniture,179.0,999.0,4.1,82.08208208208208,79.0,Other,450
Home and Furniture,499.0,1450.0,4.2,65.58620689655173,99.0,Charm,291
Home and Furniture,189.0,799.0,4.0,76.34543178973718,89.0,Other,294
Home and Furniture,4157.0,5699.0,4.4,27.05737848745394,57.0,Other,473
Home and Furniture,498.0,1099.0,4.2,54.68607825295724,98.0,Other,431
Home and Furniture,260.0,599.0,4.0,56.594323873121866,60.0,Other,50
Home and Furniture,459.0,999.0,4.1,54.054054054054056,59.0,Other,334
Home and Furniture,1299.0,5999.0,4.1,78.34639106517753,99.0,Charm,330
Home and Furniture,426.0,699.0,4.0,39.05579399141631,26.0,Other,122
Home and Furniture,199.0,399.0,4.0,50.125313283208015,99.0,Charm,438
Home and Furniture,543.0,1399.0,3.9,61.186561829878485,43.0,Other,343
Home and Furniture,95.0,699.0,3.6,86.40915593705293,95.0,Other,479
Home and Furniture,190.0,195.0,4.2,2.564102564102564,90.0,Other,497
Home and Furniture,95.0,699.0,3.7,86.40915593705293,95.0,Other,316
Home and Furniture,149.0,950.0,3.6,84.3157894736842,49.0,Other,423
Home and Furniture,369.0,449.0,4.4,17.817371937639198,69.0,Other,237
Home and Furniture,184.0,599.0,3.8,69.2821368948247,84.0,Other,378
Home and Furniture,194.0,599.0,3.7,67.6126878130217,94.0,Other,239
Home and Furniture,200.0,499.0,4.3,59.919839679358724,0.0,Round,318
Home and Furniture,499.0,849.0,3.9,41.22497055359246,99.0,Charm,74
Home and Furniture,370.0,999.0,3.9,62.96296296296296,70.0,Other,82
Home and Furniture,870.0,1799.0,4.3,51.639799888827135,70.0,Other,203
Home and Furniture,99.0,1699.0,3.5,94.17304296645085,99.0,Charm,236
Home and Furniture,349.0,,4.3,,49.0,Other,283
Home and Furniture,229.0,450.0,4.1,49.111111111111114,29.0,Other,134
Home and Furniture,188.0,299.0,3.9,37.12374581939799,88.0,Other,159
Home and Furniture,147.0,349.0,3.5,57.879656160458445,47.0,Other,243
Home and Furniture,189.0,199.0,,5.025125628140704,89.0,Other,256
Home and Furniture,299.0,1899.0,3.5,84.2548709847288,99.0,Charm,366
Home and Furniture,791.0,1999.0,4.2,60.43021510755378,91.0,Other,73
Home and Furniture,550.0,2700.0,4.2,79.62962962962963,50.0,Other,335
Home and Furniture,230.0,251.0,4.2,8.366533864541832,30.0,Other,92
Home and Furniture,140.0,199.0,3.4,29.64824120603015,40.0,Other,494
Home and Furniture,299.0,599.0,3.9,50.08347245409015,99.0,Charm,474
Home and Furniture,150.0,699.0,3.4,78.54077253218884,50.0,Other,316
Home and Furniture,551.0,1699.0,4.0,67.56915832842849,51.0,Other,428
Home and Furniture,230.0,1200.0,3.6,80.83333333333333,30.0,Other,206
Home and Furniture,152.0,799.0,3.6,80.97622027534418,52.0,Other,300
Home and Furniture,294.0,1277.0,4.0,76.97729052466718,94.0,Other,483
Home and Furniture,599.0,1299.0,3.2,53.88760585065435,99.0,Charm,274
Home and Furniture,499.0,1799.0,3.8,72.26236798221234,99.0,Charm,203
Home and Furniture,127.0,399.0,3.5,68.1704260651629,27.0,Other,248
Home and Furniture,279.0,349.0,3.7,20.057306590257877,79.0,Other,186
Home and Furniture,179.0,300.0,4.0,40.33333333333333,79.0,Other,309
Home and Furniture,251.0,1299.0,3.6,80.6774441878368,51.0,Other,300
Home and Furniture,150.0,349.0,4.0,57.02005730659025,50.0,Other,335
Home and Furniture,85.0,400.0,3.6,78.75,85.0,Other,188
Home and Furniture,329.0,699.0,4.5,52.93276108726752,29.0,Other,137
Home and Furniture,1799.0,4999.0,4.8,64.0128025605121,99.0,Charm,424
Home and Furniture,3486.0,12999.0,3.8,73.18255250403877,86.0,Other,491
Home and Furniture,849.0,3099.0,4.2,72.60406582768636,49.0,Other,430
Home and Furniture,194.0,980.0,3.8,80.20408163265306,94.0,Other,92
Home and Furniture,360.0,1099.0,4.0,67.24294813466788,60.0,Other,462
Home and Furniture,139.0,299.0,4.3,53.51170568561873,39.0,Other,376
Home and Furniture,155.0,175.0,4.1,11.428571428571429,55.0,Other,328
Home and Furniture,5672.0,15800.0,4.0,64.10126582278481,72.0,Other,192
Home and Furniture,199.0,999.0,4.0,80.08008008008008,99.0,Charm,132
Home and Furniture,849.0,4299.0,4.1,80.25122121423587,49.0,Other,112
Home and Furniture,849.0,1399.0,4.2,39.313795568263046,49.0,Other,107
Home and Furniture,2115.0,6000.0,4.1,64.75,15.0,Other,151
Home and Furniture,372.0,799.0,4.1,53.44180225281602,72.0,Other,324
Home and Furniture,149.0,599.0,4.1,75.12520868113522,49.0,Other,243
Home and Furniture,107.0,349.0,4.3,69.34097421203438,7.0,Other,492
Home and Furniture,1619.0,4200.0,3.6,61.45238095238095,19.0,Other,367
Home and Furniture,165.0,523.0,3.8,68.45124282982792,65.0,Other,412
Home and Furniture,359.0,999.0,3.8,64.06406406406407,59.0,Other,55
Home and Furniture,399.0,999.0,4.2,60.06006006006006,99.0,Charm,83
Home and Furniture,2999.0,9001.0,4.2,66.68147983557382,99.0,Charm,420
Home and Furniture,199.0,594.0,4.1,66.4983164983165,99.0,Charm,108
Home and Furniture,1299.0,3766.0,4.2,65.50716941051513,99.0,Charm,387
Home and Furniture,118.0,300.0,5.0,60.66666666666667,18.0,Other,149
Home and Furniture,2219.0,6000.0,4.0,63.016666666666666,19.0,Other,169
Home and Furniture,300.0,500.0,3.8,40.0,0.0,Round,354
Home and Furniture,718.0,2499.0,4.2,71.26850740296119,18.0,Other,344
Home and Furniture,499.0,1499.0,4.4,66.711140760507,99.0,Charm,441
Home and Furniture,4793.0,13000.0,4.2,63.13076923076923,93.0,Other,390
Home and Furniture,530.0,1699.0,4.2,68.80517951736316,30.0,Other,258
Home and Furniture,185.0,799.0,3.9,76.84605757196495,85.0,Other,404
Home and Furniture,226.0,599.0,3.8,62.270450751252085,26.0,Other,199
Home and Furniture,4924.0,14999.0,4.0,67.17114474298288,24.0,Other,151
Home and Furniture,499.0,700.0,4.0,28.714285714285715,99.0,Charm,167
Home and Furniture,499.0,899.0,4.0,44.493882091212456,99.0,Charm,487
Home and Furniture,391.0,1299.0,3.5,69.89992301770592,91.0,Other,122
Home and Furniture,1995.0,5000.0,4.2,60.099999999999994,95.0,Other,279
Home and Furniture,362.0,1249.0,3.5,71.01681345076061,62.0,Other,350
Home and Furniture,347.0,1100.0,4.3,68.45454545454545,47.0,Other,123
Home and Furniture,246.0,999.0,4.1,75.37537537537537,46.0,Other,99
Home and Furniture,296.0,799.0,3.5,62.95369211514393,96.0,Other,146
Home and Furniture,969.0,2399.0,4.6,59.60817007086286,69.0,Other,62
Home and Furniture,299.0,1299.0,4.5,76.98229407236336,99.0,Charm,423
Home and Furniture,229.0,1999.0,4.1,88.54427213606803,29.0,Other,261
Home and Furniture,179.0,399.0,4.1,55.13784461152882,79.0,Other,433
Home and Furniture,1682.0,1699.0,4.4,1.0005885815185402,82.0,Other,448
Home and Furniture,179.0,499.0,4.2,64.12825651302605,79.0,Other,294
Home and Furniture,179.0,999.0,4.0,82.08208208208208,79.0,Other,318
Home and Furniture,299.0,1099.0,4.3,72.79344858962693,99.0,Charm,204
Home and Furniture,199.0,1399.0,4.3,85.77555396711936,99.0,Charm,116
Home and Furniture,179.0,799.0,4.4,77.59699624530664,79.0,Other,175
Home and Furniture,229.0,1999.0,4.2,88.54427213606803,29.0,Other,471
Home and Furniture,969.0,2399.0,4.3,59.60817007086286,69.0,Other,398
Home and Furniture,179.0,999.0,3.9,82.08208208208208,79.0,Other,324
Home and Furniture,159.0,699.0,4.3,77.25321888412017,59.0,Other,275
Home and Furniture,179.0,499.0,4.1,64.12825651302605,79.0,Other,74
Home and Furniture,495.0,999.0,4.9,50.45045045045045,95.0,Other,282
Home and Furniture,179.0,1199.0,4.1,85.07089241034194,79.0,Other,457
Home and Furniture,179.0,499.0,4.2,64.12825651302605,79.0,Other,355
Home and Furniture,249.0,1399.0,4.3,82.20157255182274,49.0,Other,342
Home and Furniture,500.0,999.0,4.1,49.94994994994995,0.0,Round,498
Home and Furniture,179.0,1199.0,4.2,85.07089241034194,79.0,Other,152
Home and Furniture,179.0,999.0,4.2,82.08208208208208,79.0,Other,451
Home and Furniture,179.0,899.0,4.2,80.08898776418243,79.0,Other,399
Home and Furniture,495.0,999.0,4.1,50.45045045045045,95.0,Other,297
Home and Furniture,179.0,999.0,3.9,82.08208208208208,79.0,Other,242
Home and Furniture,179.0,499.0,4.0,64.12825651302605,79.0,Other,420
Home and Furniture,189.0,699.0,3.7,72.96137339055794,89.0,Other,481
Home and Furniture,229.0,2499.0,4.2,90.83633453381353,29.0,Other,372
Home and Furniture,229.0,1899.0,4.2,87.94102159031068,29.0,Other,269
Home and Furniture,189.0,699.0,4.0,72.96137339055794,89.0,Other,404
Home and Furniture,199.0,500.0,4.3,60.199999999999996,99.0,Charm,260
Home and Furniture,179.0,499.0,4.0,64.12825651302605,79.0,Other,161
Home and Furniture,179.0,999.0,4.2,82.08208208208208,79.0,Other,282
Home and Furniture,179.0,1199.0,4.2,85.07089241034194,79.0,Other,148
Home and Furniture,269.0,1599.0,4.4,83.17698561601,69.0,Other,396
Home and Furniture,179.0,499.0,4.1,64.12825651302605,79.0,Other,196
Home and Furniture,295.0,1969.0,4.2,85.01777552056882,95.0,Other,465
Home and Furniture,229.0,1999.0,4.0,88.54427213606803,29.0,Other,235
Home and Furniture,249.0,1699.0,4.4,85.34432018834609,49.0,Other,460
Home and Furniture,179.0,1199.0,4.4,85.07089241034194,79.0,Other,446
Home and Furniture,3999.0,4599.0,4.2,13.04631441617743,99.0,Charm,243
Home and Furniture,4599.0,5599.0,4.2,17.86033220217896,99.0,Charm,119
Home and Furniture,219.0,799.0,3.9,72.5907384230288,19.0,Other,359
Home and Furniture,219.0,799.0,3.9,72.5907384230288,19.0,Other,416
Home and Furniture,259.0,699.0,3.7,62.94706723891274,59.0,Other,424
Home and Furniture,298.0,1999.0,4.0,85.09254627313658,98.0,Other,378
Home and Furniture,398.0,2999.0,4.0,86.72890963654551,98.0,Other,65
Home and Furniture,784.0,1299.0,3.7,39.64588144726713,84.0,Other,492
Home and Furniture,299.0,999.0,3.5,70.07007007007007,99.0,Charm,211
Home and Furniture,245.0,279.0,3.8,12.186379928315413,45.0,Other,52
Home and Furniture,248.0,699.0,4.0,64.52074391988555,48.0,Other,167
Home and Furniture,899.0,999.0,4.7,10.01001001001001,99.0,Charm,499
Home and Furniture,289.0,1199.0,3.8,75.89658048373644,89.0,Other,55
Home and Furniture,167.0,175.0,3.8,4.571428571428571,67.0,Other,448
Home and Furniture,357.0,2616.0,4.2,86.35321100917432,57.0,Other,158
Home and Furniture,899.0,999.0,3.8,10.01001001001001,99.0,Charm,270
Home and Furniture,299.0,1099.0,4.0,72.79344858962693,99.0,Charm,89
Home and Furniture,299.0,1499.0,4.2,80.0533689126084,99.0,Charm,264
Home and Furniture,330.0,1399.0,4.0,76.41172265904217,30.0,Other,116
Home and Furniture,599.0,699.0,4.3,14.306151645207441,99.0,Charm,259
Home and Furniture,245.0,499.0,3.7,50.901803607214426,45.0,Other,209
Home and Furniture,269.0,799.0,3.8,66.33291614518147,69.0,Other,196
Home and Furniture,485.0,490.0,4.4,1.0204081632653061,85.0,Other,258
Home and Furniture,599.0,699.0,4.3,14.306151645207441,99.0,Charm,370
Home and Furniture,222.0,699.0,3.9,68.24034334763948,22.0,Other,131
Home and Furniture,265.0,299.0,3.8,11.37123745819398,65.0,Other,154
Home and Furniture,289.0,1499.0,4.2,80.72048032021347,89.0,Other,409
Home and Furniture,,,,,,Other,200
Home and Furniture,219.0,799.0,3.8,72.5907384230288,19.0,Other,412
Home and Furniture,219.0,799.0,3.9,72.5907384230288,19.0,Other,394
Home and Furniture,399.0,999.0,3.9,60.06006006006006,99.0,Charm,170
Home and Furniture,449.0,1299.0,4.2,65.43494996150885,49.0,Other,487
Home and Furniture,299.0,799.0,4.0,62.57822277847309,99.0,Charm,278
Home and Furniture,215.0,599.0,4.0,64.10684474123539,15.0,Other,358
Home and Furniture,429.0,1099.0,4.1,60.96451319381255,29.0,Other,217
Home and Furniture,469.0,2499.0,4.1,81.23249299719888,69.0,Other,350
Home and Furniture,267.0,270.0,4.1,1.1111111111111112,67.0,Other,255
Home and Furniture,399.0,999.0,3.7,60.06006006006006,99.0,Charm,85
Home and Furniture,299.0,1299.0,3.9,76.98229407236336,99.0,Charm,489
Home and Furniture,346.0,1299.0,3.8,73.36412625096229,46.0,Other,57
Home and Furniture,1339.0,2999.0,3.8,55.351783927975994,39.0,Other,350
Home and Furniture,1104.0,1599.0,3.8,30.95684803001876,4.0,Other,95
Home and Furniture,193.0,499.0,4.0,61.32264529058116,93.0,Other,117
Home and Furniture,403.0,1999.0,4.0,79.83991995998,3.0,Other,350
Home and Furniture,399.0,1599.0,4.2,75.046904315197,99.0,Charm,282
Home and Furniture,495.0,850.0,4.2,41.76470588235294,95.0,Other,404
Home and Furniture,799.0,1200.0,3.9,33.416666666666664,99.0,Charm,215
Home and Furniture,909.0,1699.0,3.8,46.49793996468511,9.0,Other,404
Home and Furniture,849.0,1999.0,4.2,57.5287643821911,49.0,Other,73
Home and Furniture,359.0,999.0,4.1,64.06406406406407,59.0,Other,288
Home and Furniture,298.0,1998.0,4.1,85.08508508508508,98.0,Other,295
Home and Furniture,259.0,999.0,4.7,74.07407407407408,59.0,Other,55
Home and Furniture,260.0,1099.0,4.1,76.34212920837125,60.0,Other,100
Home and Furniture,521.0,1999.0,4.3,73.93696848424212,21.0,Other,421
Home and Furniture,229.0,700.0,3.7,67.28571428571428,29.0,Other,403
Home and Furniture,1548.0,2999.0,4.2,48.38279426475492,48.0,Other,280
Home and Furniture,498.0,999.0,4.2,50.150150150150154,98.0,Other,132
Home and Furniture,784.0,1999.0,4.0,60.780390195097546,84.0,Other,438
Home and Furniture,499.0,1999.0,4.2,75.03751875937968,99.0,Charm,106
Home and Furniture,999.0,2399.0,4.3,58.35764902042517,99.0,Charm,210
Home and Furniture,299.0,803.0,3.9,62.76463262764632,99.0,Charm,53
Home and Furniture,849.0,2499.0,4.1,66.02641056422569,49.0,Other,176
Home and Furniture,649.0,799.0,3.9,18.773466833541928,49.0,Other,308
Home and Furniture,1399.0,2200.0,4.1,36.40909090909091,99.0,Charm,329
Home and Furniture,399.0,849.0,4.3,53.003533568904594,99.0,Charm,60
Home and Furniture,399.0,1599.0,4.2,75.046904315197,99.0,Charm,413
Home and Furniture,968.0,2599.0,4.2,62.75490573297422,68.0,Other,378
Home and Furniture,449.0,999.0,4.0,55.05505505505506,49.0,Other,89
Home and Furniture,889.0,2899.0,3.9,69.33425319075543,89.0,Other,366
Home and Furniture,576.0,2490.0,4.3,76.86746987951807,76.0,Other,213
Home and Furniture,398.0,999.0,4.1,60.16016016016016,98.0,Other,410
Home and Furniture,899.0,1899.0,4.0,52.6592943654555,99.0,Charm,342
Home and Furniture,555.0,1499.0,4.0,62.97531687791861,55.0,Other,280
Home and Furniture,1499.0,3549.0,4.1,57.76275007044238,99.0,Charm,169
Home and Furniture,849.0,2499.0,4.2,66.02641056422569,49.0,Other,161
Home and Furniture,1219.0,3050.0,4.0,60.032786885245905,19.0,Other,205
Home and Furniture,299.0,999.0,4.4,70.07007007007007,99.0,Charm,147
Home and Furniture,880.0,999.0,3.9,11.911911911911911,80.0,Other,60
Home and Furniture,1898.0,2999.0,4.3,36.71223741247082,98.0,Other,175
Home and Furniture,1599.0,2999.0,4.2,46.68222740913638,99.0,Charm,122
Home and Furniture,269.0,999.0,4.0,73.07307307307308,69.0,Other,112
Home and Furniture,544.0,1099.0,3.0,50.500454959053684,44.0,Other,186
Home and Furniture,199.0,999.0,4.3,80.08008008008008,99.0,Charm,72
Home and Furniture,139.0,899.0,4.3,84.53837597330367,39.0,Other,354
Home and Furniture,179.0,599.0,4.3,70.11686143572621,79.0,Other,128
Home and Furniture,189.0,999.0,4.2,81.08108108108108,89.0,Other,437
Home and Furniture,189.0,999.0,4.3,81.08108108108108,89.0,Other,425
Home and Furniture,269.0,479.0,3.8,43.84133611691023,69.0,Other,424
Home and Furniture,179.0,999.0,4.1,82.08208208208208,79.0,Other,179
Home and Furniture,139.0,599.0,4.3,76.79465776293823,39.0,Other,394
Home and Furniture,189.0,999.0,4.3,81.08108108108108,89.0,Other,375
Home and Furniture,269.0,444.0,4.1,39.414414414414416,69.0,Other,185
Home and Furniture,199.0,1499.0,4.2,86.7244829886591,99.0,Charm,147
Home and Furniture,249.0,999.0,4.2,75.07507507507508,49.0,Other,413
Home and Furniture,119.0,449.0,4.5,73.4966592427617,19.0,Other,429
Home and Furniture,290.0,704.0,4.1,58.80681818181818,90.0,Other,81
Home and Furniture,209.0,999.0,4.2,79.07907907907908,9.0,Other,398
Home and Furniture,199.0,999.0,4.0,80.08008008008008,99.0,Charm,450
Home and Furniture,189.0,999.0,4.1,81.08108108108108,89.0,Other,444
Home and Furniture,299.0,799.0,4.4,62.57822277847309,99.0,Charm,482
Home and Furniture,119.0,899.0,4.2,86.76307007786428,19.0,Other,211
Home and Furniture,139.0,899.0,4.4,84.53837597330367,39.0,Other,459
Home and Furniture,125.0,799.0,4.3,84.35544430538174,25.0,Other,151
Home and Furniture,269.0,449.0,4.4,40.089086859688194,69.0,Other,161
Home and Furniture,189.0,999.0,4.2,81.08108108108108,89.0,Other,157
Home and Furniture,449.0,1999.0,4.0,77.53876938469234,49.0,Other,495
Home and Furniture,189.0,999.0,4.1,81.08108108108108,89.0,Other,496
Home and Furniture,269.0,479.0,3.9,43.84133611691023,69.0,Other,230
Home and Furniture,227.0,999.0,3.5,77.27727727727728,27.0,Other,91
Home and Furniture,169.0,499.0,3.7,66.13226452905812,69.0,Other,322
Home and Furniture,239.0,999.0,3.5,76.07607607607608,39.0,Other,151
Home and Furniture,278.0,444.0,3.8,37.38738738738739,78.0,Other,191
Home and Furniture,189.0,999.0,4.1,81.08108108108108,89.0,Other,267
Home and Furniture,180.0,999.0,4.2,81.98198198198197,80.0,Other,325
Home and Furniture,139.0,750.0,4.3,81.46666666666667,39.0,Other,383
Home and Furniture,269.0,449.0,3.9,40.089086859688194,69.0,Other,228
Home and Furniture,164.0,799.0,4.3,79.47434292866082,64.0,Other,113
Home and Furniture,139.0,899.0,4.3,84.53837597330367,39.0,Other,54
Home and Furniture,119.0,899.0,4.5,86.76307007786428,19.0,Other,162
Home and Furniture,240.0,444.0,3.8,45.94594594594595,40.0,Other,413
Home and Furniture,161.0,499.0,4.2,67.73547094188376,61.0,Other,335
Home and Furniture,155.0,999.0,4.0,84.48448448448448,55.0,Other,433
Home and Furniture,188.0,999.0,4.4,81.18118118118119,88.0,Other,429
Home and Furniture,168.0,999.0,4.2,83.18318318318319,68.0,Other,447
Home and Furniture,269.0,999.0,3.8,73.07307307307308,69.0,Other,338
Home and Furniture,205.0,399.0,3.8,48.62155388471178,5.0,Other,302
Home and Furniture,189.0,1999.0,3.9,90.54527263631816,89.0,Other,213
Home and Furniture,169.0,999.0,4.4,83.08308308308308,69.0,Other,250
Home and Furniture,169.0,899.0,4.2,81.20133481646273,69.0,Other,202
Home and Furniture,289.0,999.0,4.1,71.07107107107107,89.0,Other,306
Home and Furniture,155.0,999.0,4.0,84.48448448448448,55.0,Other,92
Home and Furniture,174.0,499.0,4.3,65.13026052104209,74.0,Other,410
Home and Furniture,330.0,1121.0,4.5,70.56199821587869,30.0,Other,289
Home and Furniture,284.0,999.0,4.2,71.57157157157157,84.0,Other,148
Home and Furniture,269.0,999.0,4.0,73.07307307307308,69.0,Other,300
Home and Furniture,249.0,999.0,4.4,75.07507507507508,49.0,Other,165
Home and Furniture,299.0,1899.0,4.3,84.2548709847288,99.0,Charm,343
Home and Furniture,299.0,1199.0,3.9,75.0625521267723,99.0,Charm,85
Home and Furniture,249.0,499.0,4.4,50.1002004008016,49.0,Other,70
Home and Furniture,164.0,449.0,4.3,63.474387527839646,64.0,Other,81
Home and Furniture,299.0,1199.0,4.0,75.0625521267723,99.0,Charm,74
Home and Furniture,193.0,599.0,4.1,67.779632721202,93.0,Other,324
Home and Furniture,449.0,1899.0,4.3,76.35597682991047,49.0,Other,299
Home and Furniture,249.0,1400.0,4.2,82.21428571428572,49.0,Other,372
Home and Furniture,199.0,599.0,4.2,66.7779632721202,99.0,Charm,188
Home and Furniture,673.0,1899.0,3.8,64.56029489204845,73.0,Other,251
Home and Furniture,293.0,999.0,4.1,70.67067067067066,93.0,Other,280
Home and Furniture,249.0,895.0,4.3,72.17877094972067,49.0,Other,246
Home and Furniture,389.0,1200.0,4.4,67.58333333333333,89.0,Other,494
Home and Furniture,286.0,999.0,4.3,71.37137137137137,86.0,Other,306
Home and Furniture,160.0,999.0,4.0,83.98398398398398,60.0,Other,61
Home and Furniture,188.0,999.0,4.3,81.18118118118119,88.0,Other,218
Home and Furniture,235.0,999.0,4.2,76.47647647647648,35.0,Other,330
Home and Furniture,199.0,999.0,4.0,80.08008008008008,99.0,Charm,241
Home and Furniture,330.0,999.0,4.1,66.96696696696696,30.0,Other,121
Home and Furniture,185.0,999.0,4.0,81.48148148148148,85.0,Other,72
Home and Furniture,279.0,1599.0,4.1,82.55159474671669,79.0,Other,81
Home and Furniture,395.0,1099.0,4.3,64.0582347588717,95.0,Other,398
Home and Furniture,196.0,499.0,4.4,60.72144288577155,96.0,Other,68
Home and Furniture,275.0,999.0,4.2,72.47247247247248,75.0,Other,348
Home and Furniture,199.0,349.0,4.1,42.97994269340974,99.0,Charm,288
Home and Furniture,1199.0,1399.0,4.0,14.295925661186562,99.0,Charm,412
Home and Furniture,86.0,175.0,4.2,50.857142857142854,86.0,Other,403
Home and Furniture,719.0,3590.0,4.3,79.97214484679665,19.0,Other,487
Home and Furniture,439.0,2154.0,4.2,79.61931290622098,39.0,Other,366
Home and Furniture,309.0,1436.0,4.2,78.48189415041783,9.0,Other,416
Home and Furniture,375.0,800.0,4.2,53.125,75.0,Other,217
Home and Furniture,499.0,1299.0,4.0,61.585835257890686,99.0,Charm,381
Home and Furniture,679.0,1990.0,4.2,65.87939698492463,79.0,Other,131
Home and Furniture,329.0,549.0,3.9,40.07285974499089,29.0,Other,56
Home and Furniture,179.0,398.0,4.3,55.0251256281407,79.0,Other,255
Home and Furniture,999.0,1399.0,4.0,28.591851322373124,99.0,Charm,423
Home and Furniture,264.0,785.0,3.6,66.36942675159236,64.0,Other,264
Home and Furniture,229.0,597.0,4.3,61.64154103852596,29.0,Other,112
Home and Furniture,294.0,689.0,3.6,57.32946298984035,94.0,Other,107
Home and Furniture,799.0,1299.0,4.0,38.49114703618168,99.0,Charm,290
Home and Furniture,499.0,1050.0,4.2,52.476190476190474,99.0,Charm,146
Home and Furniture,609.0,1620.0,4.1,62.40740740740741,9.0,Other,412
Home and Furniture,249.0,899.0,3.9,72.30255839822024,49.0,Other,456
Home and Furniture,699.0,1299.0,4.0,46.18937644341801,99.0,Charm,88
Home and Furniture,479.0,1194.0,4.3,59.882747068676714,79.0,Other,268
Home and Furniture,217.0,1299.0,4.0,83.29484218629715,17.0,Other,198
Home and Furniture,269.0,1077.0,4.2,75.02321262766945,69.0,Other,395
Home and Furniture,189.0,399.0,4.2,52.63157894736842,89.0,Other,460
Home and Furniture,276.0,499.0,4.0,44.68937875751503,76.0,Other,465
Home and Furniture,676.0,998.0,4.0,32.26452905811623,76.0,Other,285
Home and Furniture,220.0,999.0,3.7,77.97797797797797,20.0,Other,424
Home and Furniture,310.0,999.0,3.5,68.96896896896897,10.0,Other,111
Home and Furniture,775.0,1049.0,4.3,26.12011439466158,75.0,Other,74
Home and Furniture,189.0,359.0,4.3,47.353760445682454,89.0,Other,212
Home and Furniture,601.0,2872.0,4.2,79.07381615598887,1.0,Other,493
Home and Furniture,886.0,1599.0,4.0,44.59036898061288,86.0,Other,84
Home and Furniture,151.0,899.0,4.0,83.20355951056729,51.0,Other,396
Home and Furniture,275.0,599.0,3.7,54.09015025041736,75.0,Other,149
Home and Furniture,725.0,3590.0,4.2,79.80501392757661,25.0,Other,141
Home and Furniture,725.0,2999.0,4.1,75.82527509169724,25.0,Other,240
Home and Furniture,319.0,597.0,4.3,46.56616415410385,19.0,Other,452
Home and Furniture,198.0,1199.0,4.3,83.4862385321101,98.0,Other,409
Home and Furniture,320.0,500.0,3.3,36.0,20.0,Other,468
Home and Furniture,945.0,2299.0,2.8,58.89517181383211,45.0,Other,166
Home and Furniture,551.0,3899.0,4.2,85.86817132598102,51.0,Other,376
Home and Furniture,649.0,1499.0,3.7,56.70446964643096,49.0,Other,94
Home and Furniture,275.0,999.0,4.1,72.47247247247248,75.0,Other,478
Home and Furniture,285.0,699.0,4.0,59.227467811158796,85.0,Other,460
Home and Furniture,198.0,599.0,3.9,66.9449081803005,98.0,Other,425
Home and Furniture,389.0,1901.0,4.1,79.53708574434508,89.0,Other,277
Home and Furniture,549.0,998.0,3.8,44.98997995991984,49.0,Other,335
Home and Furniture,449.0,1499.0,3.4,70.04669779853235,49.0,Other,384
Home and Furniture,562.0,1199.0,4.1,53.12760633861552,62.0,Other,392
Home and Furniture,390.0,999.0,3.9,60.96096096096096,90.0,Other,126
Home and Furniture,299.0,799.0,4.1,62.57822277847309,99.0,Charm,385
Home and Furniture,950.0,1499.0,4.2,36.62441627751834,50.0,Other,314
Home and Furniture,199.0,499.0,3.8,60.120240480961925,99.0,Charm,225
Home and Furniture,339.0,998.0,4.3,66.03206412825652,39.0,Other,210
Home and Furniture,370.0,999.0,4.0,62.96296296296296,70.0,Other,421
Home and Furniture,457.0,1999.0,4.3,77.13856928464232,57.0,Other,289
Home and Furniture,456.0,1299.0,4.3,64.8960739030023,56.0,Other,488
Home and Furniture,547.0,1000.0,4.0,45.300000000000004,47.0,Other,280
Home and Furniture,290.0,599.0,4.0,51.58597662771286,90.0,Other,350
Home and Furniture,589.0,1199.0,3.4,50.87572977481234,89.0,Other,387
Home and Furniture,751.0,2900.0,4.3,74.10344827586208,51.0,Other,339
Home and Furniture,357.0,1999.0,4.1,82.14107053526763,57.0,Other,118
Home and Furniture,749.0,2200.0,4.3,65.95454545454545,49.0,Other,279
Home and Furniture,499.0,1990.0,3.3,74.92462311557789,99.0,Charm,357
Home and Furniture,345.0,1207.0,3.9,71.41673570836785,45.0,Other,90
Home and Furniture,169.0,399.0,4.5,57.64411027568922,69.0,Other,451
Home and Furniture,391.0,999.0,4.0,60.86086086086087,91.0,Other,272
Home and Furniture,729.0,2000.0,4.4,63.55,29.0,Other,168
Home and Furniture,548.0,2024.0,3.6,72.92490118577075,48.0,Other,88
Home and Furniture,379.0,1200.0,3.8,68.41666666666667,79.0,Other,143
Home and Furniture,650.0,999.0,4.5,34.93493493493494,50.0,Other,442
Home and Furniture,713.0,2000.0,4.2,64.35,13.0,Other,246
Home and Furniture,199.0,749.0,4.0,73.43124165554073,99.0,Charm,96
Home and Furniture,629.0,1999.0,4.1,68.53426713356679,29.0,Other,350
Home and Furniture,399.0,1199.0,4.0,66.72226855713093,99.0,Charm,201
Home and Furniture,1258.0,1899.0,3.8,33.754607688256975,58.0,Other,138
Home and Furniture,999.0,1399.0,4.1,28.591851322373124,99.0,Charm,386
Home and Furniture,875.0,1300.0,4.3,32.69230769230769,75.0,Other,161
Home and Furniture,294.0,699.0,3.2,57.93991416309014,94.0,Other,170
Home and Furniture,799.0,999.0,3.8,20.02002002002002,99.0,Charm,50
Home and Furniture,436.0,999.0,3.9,56.35635635635635,36.0,Other,238
Home and Furniture,1049.0,1799.0,4.4,41.68982768204558,49.0,Other,423
Home and Furniture,589.0,899.0,4.3,34.48275862068966,89.0,Other,97
Home and Furniture,465.0,2199.0,4.3,78.85402455661664,65.0,Other,213
Home and Furniture,299.0,399.0,4.0,25.062656641604008,99.0,Charm,82
Home and Furniture,709.0,1099.0,4.4,35.48680618744313,9.0,Other,93
Home and Furniture,469.0,3995.0,4.3,88.26032540675844,69.0,Other,492
Home and Furniture,667.0,2999.0,4.3,77.75925308436146,67.0,Other,338
Home and Furniture,399.0,999.0,4.3,60.06006006006006,99.0,Charm,50
Home and Furniture,267.0,1930.0,3.7,86.16580310880829,67.0,Other,328
Home and Furniture,363.0,1332.0,4.0,72.74774774774775,63.0,Other,66
Home and Furniture,687.0,1899.0,4.3,63.82306477093207,87.0,Other,390
Home and Furniture,684.0,999.0,4.2,31.53153153153153,84.0,Other,238
Home and Furniture,270.0,999.0,3.5,72.97297297297297,70.0,Other,310
Home and Furniture,251.0,1200.0,4.3,79.08333333333334,51.0,Other,297
Home and Furniture,638.0,1899.0,4.3,66.40337019483938,38.0,Other,77
Home and Furniture,699.0,1290.0,4.3,45.81395348837209,99.0,Charm,312
Home and Furniture,299.0,499.0,4.1,40.08016032064128,99.0,Charm,79
Home and Furniture,266.0,999.0,3.5,73.37337337337337,66.0,Other,352
Home and Furniture,447.0,899.0,3.6,50.27808676307007,47.0,Other,431
Home and Furniture,850.0,1500.0,4.7,43.333333333333336,50.0,Other,386
Home and Furniture,261.0,1200.0,4.4,78.25,61.0,Other,297
Home and Furniture,461.0,1699.0,4.1,72.86639199529135,61.0,Other,377
Home and Furniture,599.0,1199.0,4.3,50.0417014178482,99.0,Charm,67
Home and Furniture,269.0,1200.0,4.5,77.58333333333334,69.0,Other,411
Home and Furniture,519.0,1299.0,4.1,60.046189376443415,19.0,Other,279
Home and Furniture,849.0,2942.0,4.3,71.14208021753909,49.0,Other,191
Home and Furniture,249.0,999.0,3.2,75.07507507507508,49.0,Other,55
Home and Furniture,385.0,999.0,4.1,61.46146146146146,85.0,Other,413
Home and Furniture,653.0,1299.0,4.3,49.73056197074673,53.0,Other,407
Home and Furniture,897.0,1450.0,4.4,38.13793103448276,97.0,Other,254
Home and Furniture,2999.0,5000.0,,40.02,99.0,Charm,492
Home and Furniture,499.0,1200.0,4.3,58.416666666666664,99.0,Charm,451
Home and Furniture,239.0,999.0,3.7,76.07607607607608,39.0,Other,113
Home and Furniture,699.0,999.0,4.3,30.03003003003003,99.0,Charm,460
Home and Furniture,667.0,1899.0,4.3,64.87625065824118,67.0,Other,296
Home and Furniture,298.0,999.0,4.0,70.17017017017017,98.0,Other,213
Home and Furniture,595.0,1799.0,4.3,66.9260700389105,95.0,Other,107
Home and Furniture,1695.0,1882.0,4.3,9.936238044633368,95.0,Other,339
Home and Furniture,1199.0,1499.0,4.8,20.0133422281521,99.0,Charm,197
Home and Furniture,699.0,1999.0,3.9,65.03251625812906,99.0,Charm,147
Home and Furniture,2450.0,9999.0,3.8,75.4975497549755,50.0,Other,482
Home and Furniture,229.0,749.0,3.8,69.42590120160213,29.0,Other,160
Home and Furniture,631.0,2600.0,4.1,75.73076923076924,31.0,Other,71
Home and Furniture,377.0,1990.0,4.3,81.05527638190955,77.0,Other,371
Home and Furniture,405.0,1050.0,4.4,61.42857142857143,5.0,Other,379
Home and Furniture,500.0,999.0,3.8,49.94994994994995,0.0,Round,424
Home and Furniture,1259.0,2900.0,3.5,56.58620689655173,59.0,Other,342
Home and Furniture,719.0,2849.0,4.1,74.76307476307477,19.0,Other,219
Home and Furniture,405.0,1050.0,4.2,61.42857142857143,5.0,Other,234
Home and Furniture,899.0,2000.0,4.0,55.05,99.0,Charm,185
Home and Furniture,749.0,1899.0,3.5,60.55818852027382,49.0,Other,333
Home and Furniture,597.0,1699.0,4.0,64.86168334314303,97.0,Other,291
Home and Furniture,351.0,1499.0,4.1,76.58438959306204,51.0,Other,90
Home and Furniture,2125.0,5499.0,4.0,61.3566102927805,25.0,Other,405
Home and Furniture,1499.0,2900.0,3.3,48.310344827586206,99.0,Charm,310
Home and Furniture,,,,,,Other,246
Home and Furniture,2116.0,9199.0,4.1,76.99749972823133,16.0,Other,208
Home and Furniture,944.0,3000.0,4.1,68.53333333333333,44.0,Other,335
Home and Furniture,1000.0,1800.0,3.4,44.44444444444444,0.0,Round,456
Home and Furniture,985.0,2000.0,4.2,50.74999999999999,85.0,Other,416
Home and Furniture,300.0,350.0,4.0,14.285714285714285,0.0,Round,496
Home and Furniture,548.0,1000.0,3.4,45.2,48.0,Other,253
Home and Furniture,1008.0,2999.0,4.5,66.38879626542182,8.0,Other,123
Home and Furniture,1965.0,2500.0,4.3,21.4,65.0,Other,300
Home and Furniture,479.0,1000.0,4.3,52.1,79.0,Other,225
Home and Furniture,838.0,1500.0,4.1,44.13333333333333,38.0,Other,295
Home and Furniture,2878.0,5299.0,3.9,45.687865635025474,78.0,Other,373
Home and Furniture,499.0,1799.0,3.9,72.26236798221234,99.0,Charm,450
Home and Furniture,369.0,2550.0,4.1,85.52941176470588,69.0,Other,166
Home and Furniture,403.0,1999.0,4.1,79.83991995998,3.0,Other,486
Home and Furniture,2869.0,3250.0,4.1,11.723076923076924,69.0,Other,294
Home and Furniture,990.0,2200.0,4.3,55.00000000000001,90.0,Other,341
Home and Furniture,1044.0,3000.0,4.6,65.2,44.0,Other,99
Home and Furniture,3737.0,7990.0,4.3,53.22903629536921,37.0,Other,238
Home and Furniture,1098.0,1499.0,3.4,26.751167444963308,98.0,Other,428
Home and Furniture,1100.0,2999.0,4.2,63.32110703567856,0.0,Round,95
Home and Furniture,872.0,2000.0,4.0,56.39999999999999,72.0,Other,172
Home and Furniture,630.0,1099.0,3.9,42.675159235668794,30.0,Other,447
Home and Furniture,1695.0,3999.0,4.7,57.61440360090022,95.0,Other,135
Home and Furniture,599.0,1495.0,4.1,59.93311036789297,99.0,Charm,308
Home and Furniture,699.0,1998.0,4.2,65.01501501501501,99.0,Charm,308
Home and Furniture,329.0,499.0,4.0,34.06813627254509,29.0,Other,112
Home and Furniture,380.0,1299.0,3.8,70.74672825250192,80.0,Other,465
Home and Furniture,619.0,1050.0,3.9,41.04761904761905,19.0,Other,71
Home and Furniture,619.0,1580.0,4.0,60.822784810126585,19.0,Other,471
Home and Furniture,579.0,999.0,4.1,42.04204204204204,79.0,Other,287
Home and Furniture,499.0,1999.0,4.0,75.03751875937968,99.0,Charm,133
Home and Furniture,370.0,1680.0,4.0,77.97619047619048,70.0,Other,491
Home and Furniture,459.0,649.0,4.0,29.275808936825886,59.0,Other,152
Home and Furniture,719.0,1980.0,4.0,63.68686868686869,19.0,Other,379
Home and Furniture,499.0,1899.0,4.0,73.72301211163771,99.0,Charm,299
Home and Furniture,299.0,1199.0,3.9,75.0625521267723,99.0,Charm,99
Home and Furniture,499.0,1550.0,3.8,67.80645161290323,99.0,Charm,68
Home and Furniture,275.0,999.0,3.7,72.47247247247248,75.0,Other,365
Home and Furniture,590.0,1899.0,3.8,68.93101632438126,90.0,Other,142
Home and Furniture,499.0,1999.0,3.9,75.03751875937968,99.0,Charm,273
Home and Furniture,421.0,1499.0,4.5,71.91460973982655,21.0,Other,163
Home and Furniture,440.0,4599.0,4.3,90.43270276146988,40.0,Other,180
Home and Furniture,545.0,1899.0,3.6,71.30068457082676,45.0,Other,209
Home and Furniture,519.0,1090.0,4.3,52.38532110091742,19.0,Other,405
Home and Furniture,898.0,1298.0,4.2,30.81664098613251,98.0,Other,395
Home and Furniture,268.0,1695.0,3.9,84.18879056047197,68.0,Other,322
Home and Furniture,509.0,1899.0,3.5,73.19641916798315,9.0,Other,378
Home and Furniture,1539.0,2495.0,4.1,38.31663326653307,39.0,Other,498
Home and Furniture,299.0,999.0,3.8,70.07007007007007,99.0,Charm,321
Home and Furniture,264.0,5499.0,3.7,95.19912711402073,64.0,Other,360
Home and Furniture,599.0,1190.0,4.0,49.66386554621849,99.0,Charm,64
Home and Furniture,260.0,799.0,3.4,67.45932415519398,60.0,Other,455
Home and Furniture,749.0,899.0,4.2,16.68520578420467,49.0,Other,53
Home and Furniture,1729.0,2000.0,4.3,13.55,29.0,Other,278
Home and Furniture,489.0,999.0,4.1,51.051051051051054,89.0,Other,306
Home and Furniture,117.0,499.0,3.5,76.55310621242485,17.0,Other,122
Home and Furniture,409.0,695.0,4.3,41.15107913669065,9.0,Other,104
Home and Furniture,380.0,790.0,3.9,51.89873417721519,80.0,Other,366
Home and Furniture,482.0,1999.0,4.0,75.88794397198599,82.0,Other,211
Home and Furniture,399.0,1999.0,3.9,80.040020010005,99.0,Charm,414
Home and Furniture,349.0,750.0,4.2,53.46666666666666,49.0,Other,350
Home and Furniture,363.0,1899.0,3.6,80.88467614533965,63.0,Other,468
Home and Furniture,599.0,1098.0,4.0,45.44626593806922,99.0,Charm,63
Home and Furniture,249.0,899.0,4.6,72.30255839822024,49.0,Other,91
Home and Furniture,275.0,,4.1,,75.0,Other,297
Home and Furniture,175.0,399.0,3.7,56.14035087719298,75.0,Other,417
Home and Furniture,342.0,999.0,3.5,65.76576576576578,42.0,Other,211
Home and Furniture,126.0,299.0,3.8,57.859531772575245,26.0,Other,488
Home and Furniture,159.0,599.0,3.5,73.45575959933221,59.0,Other,371
Home and Furniture,165.0,999.0,3.9,83.48348348348348,65.0,Other,406
Home and Furniture,269.0,399.0,4.2,32.581453634085214,69.0,Other,155
Home and Furniture,104.0,499.0,3.9,79.15831663326654,4.0,Other,335
Home and Furniture,142.0,249.0,4.0,42.971887550200805,42.0,Other,467
Home and Furniture,239.0,358.0,4.1,33.24022346368715,39.0,Other,70
Home and Furniture,243.0,270.0,3.0,10.0,43.0,Other,97
Home and Furniture,184.0,599.0,3.5,69.2821368948247,84.0,Other,200
Home and Furniture,78.0,299.0,3.8,73.91304347826086,78.0,Other,328
Home and Furniture,185.0,195.0,4.3,5.128205128205128,85.0,Other,221
Home and Furniture,339.0,999.0,3.8,66.06606606606607,39.0,Other,99
Home and Furniture,385.0,999.0,4.0,61.46146146146146,85.0,Other,301
Home and Furniture,214.0,999.0,4.1,78.57857857857859,14.0,Other,298
Home and Furniture,197.0,599.0,4.3,67.1118530884808,97.0,Other,111
Home and Furniture,290.0,350.0,4.3,17.142857142857142,90.0,Other,411
Home and Furniture,523.0,1299.0,4.0,59.73826020015397,23.0,Other,458
Home and Furniture,201.0,599.0,3.7,66.4440734557596,1.0,Other,256
Home and Furniture,199.0,500.0,4.5,60.199999999999996,99.0,Charm,351
Home and Furniture,599.0,999.0,3.6,40.04004004004004,99.0,Charm,195
Home and Furniture,193.0,412.0,3.7,53.15533980582524,93.0,Other,473
Home and Furniture,179.0,599.0,4.2,70.11686143572621,79.0,Other,221
Home and Furniture,199.0,504.0,3.9,60.51587301587301,99.0,Charm,292
Home and Furniture,683.0,950.0,4.3,28.10526315789474,83.0,Other,397
Home and Furniture,179.0,1299.0,3.1,86.22016936104696,79.0,Other,154
Home and Furniture,286.0,799.0,3.8,64.20525657071339,86.0,Other,68
Home and Furniture,229.0,499.0,4.2,54.10821643286573,29.0,Other,197
Home and Furniture,266.0,280.0,4.9,5.0,66.0,Other,289
Home and Furniture,274.0,288.0,4.5,4.861111111111112,74.0,Other,58
Home and Furniture,300.0,999.0,4.0,69.96996996996997,0.0,Round,415
Home and Furniture,171.0,200.0,4.4,14.499999999999998,71.0,Other,97
Home and Furniture,240.0,500.0,4.3,52.0,40.0,Other,284
Home and Furniture,279.0,699.0,4.1,60.08583690987125,79.0,Other,474
Home and Furniture,333.0,1099.0,3.7,69.69972702456779,33.0,Other,342
Home and Furniture,229.0,600.0,3.3,61.83333333333333,29.0,Other,102
Home and Furniture,299.0,599.0,4.3,50.08347245409015,99.0,Charm,58
Home and Furniture,3442.0,4050.0,4.5,15.012345679012345,42.0,Other,331
Home and Furniture,755.0,830.0,4.5,9.036144578313253,55.0,Other,432
Home and Furniture,288.0,310.0,4.5,7.096774193548387,88.0,Other,338
Home and Furniture,781.0,789.0,4.3,1.0139416983523446,81.0,Other,218
Home and Furniture,646.0,760.0,4.4,15.0,46.0,Other,329
Home and Furniture,299.0,699.0,4.3,57.224606580829764,99.0,Charm,284
Home and Furniture,157.0,399.0,4.1,60.6516290726817,57.0,Other,63
Home and Furniture,638.0,725.0,4.5,12.0,38.0,Other,287
Home and Furniture,1020.0,1200.0,4.6,15.0,20.0,Other,493
Home and Furniture,1319.0,1450.0,4.5,9.034482758620689,19.0,Other,416
Home and Furniture,1020.0,1200.0,4.6,15.0,20.0,Other,66
Home and Furniture,1887.0,2220.0,4.5,15.0,87.0,Other,436
Home and Furniture,302.0,325.0,4.5,7.076923076923077,2.0,Other,185
Home and Furniture,1887.0,2220.0,4.5,15.0,87.0,Other,100
Home and Furniture,660.0,675.0,4.4,2.2222222222222223,60.0,Other,388
Home and Furniture,1963.0,2310.0,4.5,15.021645021645021,63.0,Other,232
Home and Furniture,3442.0,4050.0,4.5,15.012345679012345,42.0,Other,102
Home and Furniture,558.0,600.0,4.6,7.000000000000001,58.0,Other,204
Home and Furniture,714.0,840.0,4.3,15.0,14.0,Other,62
Home and Furniture,638.0,725.0,4.5,12.0,38.0,Other,359
Home and Furniture,2507.0,2950.0,4.3,15.016949152542372,7.0,Other,140
Home and Furniture,199.0,499.0,3.9,60.120240480961925,99.0,Charm,438
Home and Furniture,3935.0,4630.0,4.5,15.010799136069114,35.0,Other,427
Home and Furniture,2507.0,2950.0,4.4,15.016949152542372,7.0,Other,155
Home and Furniture,170.0,399.0,4.1,57.393483709273184,70.0,Other,150
Home and Furniture,2354.0,2770.0,4.3,15.018050541516246,54.0,Other,348
Home and Furniture,650.0,699.0,4.3,7.0100143061516444,50.0,Other,337
Home and Furniture,3612.0,4250.0,4.4,15.011764705882353,12.0,Other,494
Home and Furniture,1181.0,1390.0,4.5,15.035971223021583,81.0,Other,195
Home and Furniture,195.0,798.0,4.4,75.56390977443608,95.0,Other,257
Home and Furniture,2235.0,2630.0,4.5,15.019011406844108,35.0,Other,288
Home and Furniture,470.0,599.0,4.6,21.535893155258766,70.0,Other,206
Home and Furniture,714.0,840.0,4.4,15.0,14.0,Other,61
Home and Furniture,2907.0,3420.0,4.5,15.0,7.0,Other,421
Home and Furniture,440.0,500.0,4.3,12.0,40.0,Other,79
Home and Furniture,249.0,398.0,3.7,37.437185929648244,49.0,Other,65
Home and Furniture,469.0,999.0,4.2,53.053053053053056,69.0,Other,425
Home and Furniture,171.0,190.0,4.3,10.0,71.0,Other,154
Home and Furniture,218.0,400.0,4.1,45.5,18.0,Other,176
Home and Furniture,249.0,399.0,3.7,37.59398496240601,49.0,Other,376
Home and Furniture,1632.0,1920.0,4.6,15.0,32.0,Other,467
Home and Furniture,739.0,840.0,4.7,12.023809523809524,39.0,Other,281
Home and Furniture,446.0,480.0,4.5,7.083333333333333,46.0,Other,51
Home and Furniture,964.0,1060.0,4.6,9.056603773584905,64.0,Other,61
Home and Furniture,189.0,199.0,4.4,5.025125628140704,89.0,Other,93
Home and Furniture,765.0,900.0,4.4,15.0,65.0,Other,324
Home and Furniture,464.0,499.0,4.5,7.014028056112225,64.0,Other,82
Home and Furniture,413.0,445.0,4.5,7.191011235955057,13.0,Other,400
Home and Furniture,409.0,465.0,4.6,12.043010752688172,9.0,Other,266
Home and Furniture,993.0,1169.0,4.4,15.055603079555175,93.0,Other,489
Home and Furniture,189.0,199.0,4.4,5.025125628140704,89.0,Other,382
Home and Furniture,409.0,465.0,4.6,12.043010752688172,9.0,Other,247
Home and Furniture,993.0,1169.0,4.3,15.055603079555175,93.0,Other,450
Home and Furniture,901.0,1060.0,4.6,15.0,1.0,Other,270
Home and Furniture,198.0,220.0,4.6,10.0,98.0,Other,209
Home and Furniture,950.0,1080.0,4.5,12.037037037037036,50.0,Other,398
Home and Furniture,422.0,480.0,4.5,12.083333333333334,22.0,Other,61
Home and Furniture,679.0,799.0,4.4,15.018773466833544,79.0,Other,287
Home and Furniture,475.0,540.0,4.5,12.037037037037036,75.0,Other,430
Home and Furniture,901.0,1060.0,4.6,15.0,1.0,Other,217
Home and Furniture,422.0,480.0,4.6,12.083333333333334,22.0,Other,314
Home and Furniture,195.0,798.0,4.4,75.56390977443608,95.0,Other,374
Home and Furniture,278.0,299.0,4.3,7.023411371237458,78.0,Other,225
Home and Furniture,1938.0,2280.0,4.6,15.0,38.0,Other,286
Home and Furniture,935.0,1100.0,4.5,15.0,35.0,Other,456
Home and Furniture,1632.0,1920.0,4.6,15.0,32.0,Other,98
Home and Furniture,422.0,480.0,4.6,12.083333333333334,22.0,Other,456
Home and Furniture,369.0,650.0,4.6,43.230769230769226,69.0,Other,378
Home and Furniture,249.0,998.0,4.5,75.0501002004008,49.0,Other,55
Home and Furniture,990.0,1100.0,4.5,10.0,90.0,Other,63
Home and Furniture,539.0,1999.0,4.3,73.03651825912956,39.0,Other,478
Home and Furniture,149.0,300.0,4.4,50.33333333333333,49.0,Other,471
Home and Furniture,350.0,550.0,4.3,36.36363636363637,50.0,Other,388
Home and Furniture,422.0,480.0,4.5,12.083333333333334,22.0,Other,127
Home and Furniture,918.0,1080.0,4.5,15.0,18.0,Other,466
Home and Furniture,1980.0,2200.0,4.5,10.0,80.0,Other,401
Home and Furniture,193.0,215.0,4.5,10.232558139534884,93.0,Other,427
Home and Furniture,918.0,1080.0,4.5,15.0,18.0,Other,330
Home and Furniture,993.0,1169.0,4.4,15.055603079555175,93.0,Other,100
Home and Furniture,918.0,1080.0,4.5,15.0,18.0,Other,117
Home and Furniture,,,,,,Other,492
Home and Furniture,380.0,999.0,3.9,61.96196196196196,80.0,Other,486
Home and Furniture,130.0,350.0,4.1,62.857142857142854,30.0,Other,160
Home and Furniture,260.0,599.0,4.0,56.594323873121866,60.0,Other,167
Home and Furniture,268.0,499.0,4.5,46.292585170340686,68.0,Other,427
Home and Furniture,273.0,600.0,4.4,54.50000000000001,73.0,Other,313
Home and Furniture,199.0,399.0,3.9,50.125313283208015,99.0,Charm,415
Home and Furniture,380.0,999.0,3.9,61.96196196196196,80.0,Other,355
Home and Furniture,198.0,599.0,4.1,66.9449081803005,98.0,Other,270
Home and Furniture,423.0,896.0,4.6,52.79017857142857,23.0,Other,241
Home and Furniture,890.0,1300.0,4.2,31.538461538461537,90.0,Other,308
Home and Furniture,699.0,1999.0,4.5,65.03251625812906,99.0,Charm,367
Home and Furniture,265.0,350.0,4.6,24.285714285714285,65.0,Other,128
Home and Furniture,139.0,499.0,4.1,72.14428857715431,39.0,Other,199
Home and Furniture,305.0,699.0,4.0,56.36623748211731,5.0,Other,100
Home and Furniture,199.0,499.0,4.8,60.120240480961925,99.0,Charm,450
Home and Furniture,399.0,499.0,4.3,20.04008016032064,99.0,Charm,364
Home and Furniture,431.0,899.0,4.2,52.05784204671857,31.0,Other,67
Home and Furniture,365.0,440.0,4.0,17.045454545454543,65.0,Other,426
Home and Furniture,342.0,1000.0,3.9,65.8,42.0,Other,210
Home and Furniture,261.0,799.0,3.8,67.33416770963704,61.0,Other,111
Home and Furniture,373.0,499.0,4.9,25.250501002004004,73.0,Other,167
Home and Furniture,299.0,1299.0,4.0,76.98229407236336,99.0,Charm,162
Home and Furniture,380.0,999.0,3.9,61.96196196196196,80.0,Other,433
Home and Furniture,289.0,1299.0,3.5,77.75211701308699,89.0,Other,80
Home and Furniture,295.0,350.0,4.3,15.714285714285714,95.0,Other,377
Home and Furniture,280.0,499.0,4.3,43.8877755511022,80.0,Other,125
Home and Furniture,380.0,999.0,3.9,61.96196196196196,80.0,Other,478
Home and Furniture,188.0,199.0,3.8,5.527638190954774,88.0,Other,338
Home and Furniture,355.0,600.0,4.3,40.833333333333336,55.0,Other,417
Home and Furniture,390.0,750.0,3.9,48.0,90.0,Other,88
Home and Furniture,199.0,399.0,4.3,50.125313283208015,99.0,Charm,108
Home and Furniture,395.0,599.0,4.3,34.05676126878131,95.0,Other,204
Home and Furniture,375.0,899.0,4.3,58.28698553948832,75.0,Other,102
Home and Furniture,159.0,399.0,3.9,60.150375939849624,59.0,Other,165
Home and Furniture,380.0,999.0,3.9,61.96196196196196,80.0,Other,110
Home and Furniture,179.0,299.0,4.2,40.13377926421405,79.0,Other,176
Home and Furniture,354.0,600.0,4.4,41.0,54.0,Other,236
Home and Furniture,498.0,599.0,4.4,16.86143572621035,98.0,Other,150
Home and Furniture,239.0,399.0,3.8,40.100250626566414,39.0,Other,488
